time,open,high,low,close,volume,return
2015-11-26 07:00:00,10.99,11.04,10.74,10.84,2465300,
2015-11-27 07:00:00,10.89,10.89,10.64,10.69,1031890,-0.013837638376383743
2015-11-30 07:00:00,10.54,10.54,10.09,10.24,1245420,-0.04209541627689428
2015-12-01 07:00:00,10.19,10.44,10.14,10.39,798460,0.0146484375
2015-12-02 07:00:00,10.44,10.89,10.44,10.64,1343120,0.024061597690086645
2015-12-03 07:00:00,10.74,10.74,10.64,10.69,903160,0.0046992481203007586
2015-12-04 07:00:00,10.59,10.64,10.44,10.44,580460,-0.023386342376052416
2015-12-07 07:00:00,10.29,10.44,10.24,10.29,615120,-0.014367816091954033
2015-12-08 07:00:00,10.19,10.54,10.14,10.54,859320,0.024295432458697697
2015-12-09 07:00:00,10.64,10.64,10.34,10.34,317220,-0.018975332068311146
2015-12-10 07:00:00,10.19,10.34,10.14,10.19,685510,-0.014506769825918808
2015-12-11 07:00:00,10.14,10.24,10.09,10.09,938690,-0.00981354268891066
2015-12-14 07:00:00,10.04,10.24,9.99,10.04,479600,-0.0049554013875124925
2015-12-15 07:00:00,10.04,10.19,9.94,10.04,1710810,0.0
2015-12-16 07:00:00,10.04,10.44,10.04,10.34,6453910,0.029880478087649376
2015-12-17 07:00:00,10.64,10.94,10.64,10.79,1962310,0.043520309477756314
2015-12-18 07:00:00,10.59,10.79,10.59,10.69,1297640,-0.009267840593141785
2015-12-21 07:00:00,10.49,10.54,10.34,10.39,2292130,-0.028063610851262744
2015-12-22 07:00:00,10.39,10.69,10.34,10.49,1438220,0.009624639076034613
2015-12-23 07:00:00,10.49,10.64,10.39,10.39,660920,-0.009532888465204947
2015-12-24 07:00:00,10.49,10.49,10.29,10.29,625710,-0.009624639076034835
2015-12-25 07:00:00,10.29,10.44,10.24,10.24,1179440,-0.004859086491739495
2015-12-28 07:00:00,10.24,10.29,10.04,10.14,1567150,-0.009765625
2015-12-29 07:00:00,10.19,10.39,10.09,10.39,979430,0.024654832347140054
2015-12-30 07:00:00,10.39,10.59,10.39,10.44,1242400,0.004812319538017196
2015-12-31 07:00:00,10.39,10.49,10.29,10.34,1000490,-0.009578544061302652
2016-01-04 07:00:00,10.34,10.44,10.14,10.14,1019270,-0.01934235976789156
2016-01-05 07:00:00,10.09,10.24,10.04,10.09,1104280,-0.004930966469428033
2016-01-06 07:00:00,10.04,10.19,10.04,10.14,895200,0.0049554013875123815
2016-01-07 07:00:00,10.09,10.14,9.54,9.69,2583350,-0.04437869822485219
2016-01-08 07:00:00,9.69,9.69,9.19,9.44,1217770,-0.02579979360165119
2016-01-11 07:00:00,9.54,9.69,9.49,9.54,902550,0.010593220338982912
2016-01-12 07:00:00,9.54,9.69,9.54,9.69,615630,0.01572327044025168
2016-01-13 07:00:00,9.74,9.79,9.49,9.54,528540,-0.01547987616099078
2016-01-14 07:00:00,9.44,9.49,9.24,9.29,1115000,-0.026205450733752578
2016-01-15 07:00:00,9.29,9.44,8.93,8.93,1334000,-0.038751345532830994
2016-01-18 07:00:00,8.73,8.73,8.33,8.33,3664530,-0.06718924972004481
2016-01-19 07:00:00,8.33,8.63,8.33,8.58,1606710,0.03001200480192079
2016-01-20 07:00:00,8.58,8.58,8.43,8.48,760120,-0.011655011655011593
2016-01-21 07:00:00,8.43,8.48,7.93,7.93,2699730,-0.06485849056603776
2016-01-22 07:00:00,7.93,7.98,7.38,7.53,5376560,-0.05044136191677173
2016-01-25 07:00:00,7.83,8.03,7.78,8.03,1964520,0.06640106241699861
2016-01-26 07:00:00,8.08,8.43,7.78,8.28,2678070,0.031133250311332406
2016-01-27 07:00:00,8.28,8.68,8.23,8.63,2314620,0.04227053140096637
2016-01-28 07:00:00,8.73,8.78,8.28,8.28,1853090,-0.04055619930475107
2016-01-29 07:00:00,8.28,8.48,8.23,8.43,1764470,0.018115942028985588
2016-02-01 07:00:00,8.28,8.48,8.18,8.18,1626710,-0.029655990510083052
2016-02-02 07:00:00,8.13,8.43,8.03,8.13,824540,-0.006112469437652646
2016-02-03 07:00:00,8.08,8.23,8.03,8.23,718690,0.012300123001230068
2016-02-04 07:00:00,8.28,8.33,8.13,8.13,1099370,-0.012150668286755706
2016-02-05 07:00:00,8.13,8.23,8.08,8.23,490750,0.012300123001230068
2016-02-15 07:00:00,8.18,8.28,8.08,8.23,452890,0.0
2016-02-16 07:00:00,8.28,8.28,8.13,8.18,781240,-0.0060753341433780195
2016-02-17 07:00:00,8.18,8.18,8.03,8.03,1511740,-0.018337408312958492
2016-02-18 07:00:00,8.13,8.23,8.08,8.08,1277910,0.0062266500622665255
2016-02-19 07:00:00,8.13,8.38,8.08,8.28,1647780,0.024752475247524774
2016-02-22 07:00:00,8.38,8.63,8.33,8.63,2247920,0.04227053140096637
2016-02-23 07:00:00,8.73,8.73,8.48,8.53,1871900,-0.011587485515643259
2016-02-24 07:00:00,8.48,9.09,8.43,9.09,5780650,0.06565064478311844
2016-02-25 07:00:00,9.34,9.54,9.09,9.19,3264500,0.011001100110010986
2016-02-26 07:00:00,9.29,9.39,9.14,9.24,1813600,0.005440696409140466
2016-02-29 07:00:00,9.14,9.19,8.88,8.88,2484180,-0.03896103896103886
2016-03-01 07:00:00,8.98,9.09,8.88,8.88,1866330,0.0
2016-03-02 07:00:00,9.03,9.19,8.98,9.19,1811300,0.03490990990990972
2016-03-03 07:00:00,9.19,9.24,9.03,9.14,1274450,-0.005440696409140244
2016-03-04 07:00:00,9.14,9.19,9.09,9.09,1180200,-0.005470459518599591
2016-03-07 07:00:00,9.14,9.14,8.98,8.98,1713710,-0.012101210121012063
2016-03-08 07:00:00,8.98,9.03,8.88,8.93,1485440,-0.005567928730512373
2016-03-09 07:00:00,8.93,8.98,8.68,8.73,1236990,-0.022396416573348232
2016-03-10 07:00:00,8.83,8.88,8.73,8.88,951910,0.01718213058419238
2016-03-11 07:00:00,8.98,9.03,8.88,8.88,1299460,0.0
2016-03-14 07:00:00,8.88,8.98,8.83,8.88,968310,0.0
2016-03-15 07:00:00,8.88,8.88,8.73,8.78,1208710,-0.011261261261261368
2016-03-16 07:00:00,8.78,8.93,8.73,8.88,1398670,0.011389521640091216
2016-03-17 07:00:00,8.93,8.98,8.88,8.88,970590,0.0
2016-03-18 07:00:00,8.88,8.88,8.68,8.83,954300,-0.00563063063063074
2016-03-21 07:00:00,8.88,8.98,8.83,8.83,1464080,0.0
2016-03-22 07:00:00,8.83,8.83,8.68,8.68,1313850,-0.016987542468856254
2016-03-23 07:00:00,8.73,8.83,8.68,8.83,994300,0.017281105990783363
2016-03-24 07:00:00,8.78,8.78,8.63,8.63,943010,-0.022650056625141524
2016-03-25 07:00:00,8.63,8.68,8.48,8.68,1473220,0.005793742757821407
2016-03-28 07:00:00,8.73,8.73,8.58,8.63,580320,-0.005760368663594306
2016-03-29 07:00:00,8.53,8.63,8.48,8.48,697840,-0.017381228273464666
2016-03-30 07:00:00,8.48,8.53,8.38,8.48,824140,0.0
2016-03-31 07:00:00,8.58,8.63,8.38,8.38,769430,-0.011792452830188593
2016-04-01 07:00:00,8.43,8.53,8.33,8.33,1187420,-0.005966587112171906
2016-04-04 07:00:00,8.33,8.53,8.28,8.28,764980,-0.006002400960384291
2016-04-05 07:00:00,8.28,8.38,8.28,8.33,437370,0.006038647342995196
2016-04-06 07:00:00,8.33,8.48,8.33,8.48,1197530,0.01800720288115243
2016-04-07 07:00:00,8.53,8.53,8.43,8.48,452990,0.0
2016-04-08 07:00:00,8.48,8.48,8.43,8.43,259830,-0.005896226415094463
2016-04-11 07:00:00,8.43,8.48,8.28,8.38,1312000,-0.005931198102016477
2016-04-12 07:00:00,8.28,8.33,8.08,8.13,1533930,-0.029832935560859197
2016-04-13 07:00:00,8.03,8.08,7.78,7.93,2085010,-0.024600246002460135
2016-04-14 07:00:00,7.93,8.18,7.88,7.98,1642570,0.006305170239596647
2016-04-15 07:00:00,8.13,8.13,7.98,8.03,701360,0.006265664160400863
2016-04-19 07:00:00,7.98,7.98,7.83,7.83,1099770,-0.02490660024906588
2016-04-20 07:00:00,7.88,7.98,7.83,7.88,1067790,0.0063856960408683605
2016-04-21 07:00:00,7.93,7.98,7.83,7.98,854710,0.012690355329949332
2016-04-22 07:00:00,7.93,8.53,7.88,8.53,2817020,0.06892230576441083
2016-04-25 07:00:00,8.78,9.03,8.78,8.78,3955540,0.029308323563892236
2016-04-26 07:00:00,8.78,8.78,8.58,8.68,956530,-0.011389521640091105
2016-04-27 07:00:00,8.73,8.73,8.43,8.53,1222870,-0.017281105990783474
2016-04-28 07:00:00,8.53,8.58,8.28,8.28,866470,-0.029308323563892125
2016-04-29 07:00:00,8.28,8.78,8.28,8.78,3038650,0.06038647342995174
2016-05-04 07:00:00,8.68,8.88,8.53,8.68,1426100,-0.011389521640091105
2016-05-05 07:00:00,8.63,9.03,8.63,8.88,3034260,0.023041474654378113
2016-05-06 07:00:00,8.88,9.24,8.88,9.09,4363520,0.023648648648648463
2016-05-09 07:00:00,9.14,9.24,8.88,8.93,2115080,-0.017601760176017667
2016-05-10 07:00:00,8.88,9.29,8.78,9.19,3716070,0.02911534154535267
2016-05-11 07:00:00,9.29,9.39,9.24,9.34,3121100,0.016322089227421177
2016-05-12 07:00:00,9.39,9.39,9.24,9.39,2149990,0.005353319057815886
2016-05-13 07:00:00,9.34,9.49,9.29,9.39,3104020,0.0
2016-05-16 07:00:00,9.34,9.44,9.29,9.34,1573350,-0.005324813631522929
2016-05-17 07:00:00,9.49,9.64,9.39,9.54,3209630,0.021413276231263323
2016-05-18 07:00:00,9.54,9.69,9.49,9.54,1985700,0.0
2016-05-19 07:00:00,9.49,9.54,9.34,9.34,966170,-0.020964360587002018
2016-05-20 07:00:00,9.34,9.44,9.14,9.19,1977000,-0.016059957173447548
2016-05-23 07:00:00,9.19,9.24,8.98,8.98,1529710,-0.02285092491838947
2016-05-24 07:00:00,8.98,9.09,8.88,8.98,1644700,0.0
2016-05-25 07:00:00,9.03,9.14,8.98,8.98,938560,0.0
2016-05-26 07:00:00,8.93,8.98,8.73,8.78,1602380,-0.022271714922049157
2016-05-27 07:00:00,8.78,8.93,8.68,8.93,1466540,0.017084282460136713
2016-05-30 07:00:00,8.93,9.14,8.88,9.09,661330,0.01791713325867872
2016-05-31 07:00:00,9.14,9.24,9.09,9.14,1813280,0.005500550055005604
2016-06-01 07:00:00,9.03,9.24,9.03,9.19,1032960,0.00547045951859948
2016-06-02 07:00:00,9.19,9.29,9.14,9.29,834990,0.01088139281828071
2016-06-03 07:00:00,9.29,9.34,9.19,9.19,1115540,-0.01076426264800856
2016-06-06 07:00:00,9.19,9.19,9.03,9.14,1083280,-0.005440696409140244
2016-06-07 07:00:00,9.14,9.19,9.03,9.09,1149500,-0.005470459518599591
2016-06-08 07:00:00,9.03,9.29,9.03,9.19,1699270,0.011001100110010986
2016-06-09 07:00:00,9.19,9.49,9.14,9.44,2943510,0.027203482045701888
2016-06-10 07:00:00,9.39,9.54,9.34,9.34,3935310,-0.010593220338983023
2016-06-13 07:00:00,9.29,9.34,9.14,9.19,886660,-0.016059957173447548
2016-06-14 07:00:00,9.09,9.19,9.03,9.09,1115200,-0.01088139281828071
2016-06-15 07:00:00,9.03,9.19,9.03,9.09,867900,0.0
2016-06-16 07:00:00,9.14,9.19,9.03,9.03,819390,-0.0066006600660066805
2016-06-17 07:00:00,9.03,9.09,8.88,9.03,965090,0.0
2016-06-20 07:00:00,8.98,9.03,8.93,9.03,595980,0.0
2016-06-21 07:00:00,9.14,9.14,8.98,9.03,575810,0.0
2016-06-22 07:00:00,9.03,9.03,8.93,8.98,371290,-0.0055370985603542255
2016-06-23 07:00:00,8.98,9.09,8.93,9.03,764500,0.0055679287305121505
2016-06-24 07:00:00,8.98,8.98,8.48,8.88,1936510,-0.01661129568106301
2016-06-27 07:00:00,8.68,8.78,8.58,8.78,799990,-0.011261261261261368
2016-06-28 07:00:00,8.78,8.78,8.63,8.78,351720,0.0
2016-06-29 07:00:00,8.78,8.93,8.73,8.83,1083530,0.005694760820045719
2016-06-30 07:00:00,8.83,8.88,8.73,8.78,639570,-0.005662514156285492
2016-07-01 07:00:00,8.73,8.83,8.68,8.73,788490,-0.005694760820045386
2016-07-04 07:00:00,8.73,8.78,8.58,8.78,1555770,0.00572737686139746
2016-07-05 07:00:00,8.78,9.14,8.73,9.03,2066340,0.028473804100227706
2016-07-06 07:00:00,8.93,8.98,8.88,8.98,598240,-0.0055370985603542255
2016-07-07 07:00:00,8.93,8.98,8.88,8.98,602090,0.0
2016-07-08 07:00:00,8.93,8.98,8.68,8.93,1266730,-0.005567928730512373
2016-07-11 07:00:00,8.93,9.09,8.78,8.93,2012310,0.0
2016-07-12 07:00:00,8.98,8.98,8.83,8.93,687640,0.0
2016-07-13 07:00:00,8.93,9.39,8.93,9.29,4327780,0.04031354983202684
2016-07-14 07:00:00,9.34,9.59,9.34,9.34,4315400,0.005382131324004336
2016-07-15 07:00:00,9.29,9.34,9.19,9.29,1123160,-0.005353319057815886
2016-07-18 07:00:00,9.19,9.39,9.09,9.34,2082080,0.005382131324004336
2016-07-19 07:00:00,9.34,9.34,8.93,9.03,2758450,-0.03319057815845827
2016-07-20 07:00:00,9.03,9.09,8.88,8.88,1363320,-0.01661129568106301
2016-07-21 07:00:00,8.93,8.98,8.83,8.88,1705470,0.0
2016-07-22 07:00:00,8.83,8.88,8.68,8.88,2009510,0.0
2016-07-25 07:00:00,8.88,8.93,8.78,8.83,581260,-0.00563063063063074
2016-07-26 07:00:00,8.83,8.88,8.73,8.78,858490,-0.005662514156285492
2016-07-27 07:00:00,8.73,8.93,8.73,8.88,1091370,0.011389521640091216
2016-07-28 07:00:00,8.83,8.93,8.78,8.83,501590,-0.00563063063063074
2016-07-29 07:00:00,8.78,8.83,8.73,8.83,805210,0.0
2016-08-01 07:00:00,8.93,8.93,8.73,8.83,707890,0.0
2016-08-02 07:00:00,8.78,8.78,8.53,8.58,1169700,-0.028312570781426905
2016-08-03 07:00:00,8.63,8.63,8.43,8.58,1317460,0.0
2016-08-04 07:00:00,8.58,8.63,8.48,8.48,1128240,-0.011655011655011593
2016-08-05 07:00:00,8.38,8.43,8.18,8.38,1690970,-0.011792452830188593
2016-08-08 07:00:00,8.28,8.33,8.13,8.33,1551990,-0.005966587112171906
2016-08-09 07:00:00,8.33,8.38,8.23,8.28,519900,-0.006002400960384291
2016-08-10 07:00:00,8.18,8.48,8.18,8.48,1148170,0.024154589371980784
2016-08-11 07:00:00,8.48,8.68,8.38,8.68,1228890,0.023584905660377187
2016-08-12 07:00:00,8.58,8.68,8.43,8.58,434800,-0.011520737327188946
2016-08-15 07:00:00,8.48,8.58,8.43,8.58,632830,0.0
2016-08-16 07:00:00,8.58,8.58,8.43,8.48,827940,-0.011655011655011593
2016-08-17 07:00:00,8.48,8.53,8.38,8.48,285200,0.0
2016-08-18 07:00:00,8.43,8.43,8.28,8.38,1343540,-0.011792452830188593
2016-08-19 07:00:00,8.38,8.38,8.18,8.33,2029450,-0.005966587112171906
2016-08-22 07:00:00,8.23,8.33,8.23,8.28,1257980,-0.006002400960384291
2016-08-23 07:00:00,8.23,8.28,8.18,8.28,903350,0.0
2016-08-24 07:00:00,8.28,8.28,8.13,8.18,1612330,-0.01207729468599028
2016-08-25 07:00:00,8.18,8.23,8.08,8.18,703200,0.0
2016-08-26 07:00:00,8.23,8.38,8.18,8.23,1297270,0.006112469437652868
2016-08-29 07:00:00,8.28,8.33,8.23,8.28,1091630,0.006075334143377686
2016-08-30 07:00:00,8.23,8.28,8.18,8.28,466210,0.0
2016-08-31 07:00:00,8.23,8.28,8.18,8.23,734920,-0.006038647342995085
2016-09-01 07:00:00,8.23,8.23,8.08,8.23,900430,0.0
2016-09-05 07:00:00,8.18,8.23,7.98,8.23,1306300,0.0
2016-09-06 07:00:00,8.08,8.18,8.08,8.08,828750,-0.018226002430133725
2016-09-07 07:00:00,8.08,8.13,7.98,8.08,1329560,0.0
2016-09-08 07:00:00,8.18,8.18,8.03,8.18,541640,0.012376237623762387
2016-09-09 07:00:00,8.13,8.18,8.13,8.18,447890,0.0
2016-09-12 07:00:00,8.23,8.26,8.08,8.18,815890,0.0
2016-09-13 07:00:00,8.13,8.18,8.08,8.13,477480,-0.006112469437652646
2016-09-14 07:00:00,8.03,8.08,7.98,7.98,652350,-0.0184501845018451
2016-09-15 07:00:00,7.98,8.03,7.91,7.98,916150,0.0
2016-09-16 07:00:00,7.98,7.98,7.83,7.96,758660,-0.0025062656641604564
2016-09-19 07:00:00,7.98,8.01,7.91,7.93,367810,-0.0037688442211055717
2016-09-20 07:00:00,7.93,8.03,7.81,8.03,983190,0.01261034047919285
2016-09-21 07:00:00,7.93,8.18,7.93,8.08,960130,0.0062266500622665255
2016-09-22 07:00:00,8.08,8.18,8.03,8.06,502770,-0.0024752475247524774
2016-09-23 07:00:00,8.06,8.06,7.96,8.06,753340,0.0
2016-09-26 07:00:00,8.03,8.06,7.93,8.01,775690,-0.006203473945409543
2016-09-27 07:00:00,7.93,8.43,7.93,8.43,4499140,0.05243445692883886
2016-09-28 07:00:00,8.43,8.71,8.38,8.71,3589280,0.033214709371293116
2016-09-29 07:00:00,8.68,8.68,8.41,8.53,1270170,-0.020665901262916342
2016-09-30 07:00:00,8.38,8.58,8.36,8.53,1672670,0.0
2016-10-03 07:00:00,8.53,8.58,8.41,8.53,1677100,0.0
2016-10-04 07:00:00,8.48,8.71,8.46,8.58,1684540,0.0058616647127784915
2016-10-05 07:00:00,8.58,8.76,8.53,8.68,1597280,0.011655011655011593
2016-10-06 07:00:00,8.66,8.71,8.56,8.68,2478390,0.0
2016-10-07 07:00:00,8.63,8.68,8.51,8.53,905070,-0.017281105990783474
2016-10-10 07:00:00,8.51,8.58,8.38,8.41,778870,-0.014067995310668158
2016-10-11 07:00:00,8.41,8.43,8.23,8.43,1974890,0.0023781212841853527
2016-10-12 07:00:00,8.43,8.48,8.38,8.43,422240,0.0
2016-10-13 07:00:00,8.41,8.43,8.38,8.43,421910,0.0
2016-10-14 07:00:00,8.38,8.58,8.36,8.53,2349780,0.011862396204033177
2016-10-17 07:00:00,8.48,8.61,8.48,8.58,897530,0.0058616647127784915
2016-10-18 07:00:00,8.58,8.58,8.41,8.53,251130,-0.005827505827505908
2016-10-19 07:00:00,8.46,8.88,8.46,8.88,5957570,0.04103165298944922
2016-10-20 07:00:00,8.93,8.93,8.78,8.83,2281060,-0.00563063063063074
2016-10-21 07:00:00,8.73,8.88,8.73,8.83,929330,0.0
2016-10-24 07:00:00,8.93,8.98,8.83,8.86,3458020,0.003397508493771184
2016-10-25 07:00:00,8.86,8.86,8.63,8.76,2232770,-0.011286681715575564
2016-10-26 07:00:00,8.68,8.78,8.53,8.66,1230860,-0.011415525114155223
2016-10-27 07:00:00,8.58,8.61,8.38,8.38,2307600,-0.03233256351039249
2016-10-28 07:00:00,8.43,8.63,8.41,8.58,1926490,0.02386634844868718
2016-10-31 07:00:00,8.58,8.63,8.38,8.38,1090960,-0.023310023310023187
2016-11-01 07:00:00,8.38,8.53,8.36,8.53,1407290,0.017899761336515274
2016-11-02 07:00:00,8.53,8.53,8.38,8.46,1422400,-0.008206330597889666
2016-11-03 07:00:00,8.56,8.56,8.38,8.51,1917430,0.005910165484633412
2016-11-04 07:00:00,8.4,8.56,8.35,8.56,1590540,0.005875440658049458
2016-11-07 07:00:00,8.43,8.56,8.35,8.35,1291320,-0.02453271028037396
2016-11-08 07:00:00,8.35,8.46,8.33,8.33,650940,-0.0023952095808382756
2016-11-09 07:00:00,8.35,8.35,7.82,8.35,1444880,0.0024009603841537164
2016-11-10 07:00:00,8.4,8.4,8.3,8.35,1048200,0.0
2016-11-11 07:00:00,8.3,8.38,8.22,8.3,730860,-0.0059880239520956335
2016-11-14 07:00:00,8.33,8.33,8.09,8.11,1117210,-0.022891566265060392
2016-11-15 07:00:00,8.11,8.19,8.09,8.11,943440,0.0
2016-11-16 07:00:00,8.11,8.19,8.11,8.17,554170,0.007398273736128225
2016-11-17 07:00:00,8.17,8.17,8.09,8.09,680780,-0.009791921664626724
2016-11-18 07:00:00,8.11,8.11,8.03,8.09,837340,0.0
2016-11-21 07:00:00,8.14,8.3,8.14,8.19,2002790,0.012360939431396822
2016-11-22 07:00:00,8.19,8.51,8.19,8.51,1905030,0.039072039072039155
2016-11-23 07:00:00,8.56,8.64,8.51,8.51,3221530,0.0
2016-11-24 07:00:00,8.51,8.51,8.3,8.46,617020,-0.005875440658049236
2016-11-25 07:00:00,8.46,8.46,8.3,8.4,840410,-0.007092198581560294
2016-11-28 07:00:00,8.35,8.35,8.22,8.3,1818540,-0.011904761904761862
2016-11-29 07:00:00,8.3,8.33,8.03,8.03,1665320,-0.03253012048192783
2016-11-30 07:00:00,8.14,8.17,8.01,8.09,2368910,0.007471980074719831
2016-12-01 07:00:00,8.14,8.14,8.06,8.14,2936240,0.006180469715698411
2016-12-02 07:00:00,8.11,8.14,8.03,8.09,1335510,-0.006142506142506221
2016-12-05 07:00:00,8.09,8.09,7.93,8.03,1640570,-0.007416563658838138
2016-12-06 07:00:00,7.98,7.98,7.66,7.8,2279090,-0.028642590286425795
2016-12-07 07:00:00,7.8,7.85,7.74,7.8,1784350,0.0
2016-12-08 07:00:00,7.8,7.85,7.74,7.82,1623610,0.002564102564102555
2016-12-09 07:00:00,7.82,7.88,7.74,7.8,772520,-0.002557544757033292
2016-12-12 07:00:00,7.72,7.8,7.64,7.72,1565240,-0.01025641025641022
2016-12-13 07:00:00,7.66,7.66,7.4,7.56,2488130,-0.020725388601036343
2016-12-14 07:00:00,7.45,8.03,7.43,8.03,1762620,0.062169312169312096
2016-12-15 07:00:00,7.82,7.93,7.66,7.93,2157870,-0.01245330012453294
2016-12-16 07:00:00,7.69,7.82,7.69,7.74,1663470,-0.02395964691046648
2016-12-19 07:00:00,7.74,7.93,7.74,7.8,1823730,0.007751937984496138
2016-12-20 07:00:00,7.82,7.85,7.74,7.8,1298970,0.0
2016-12-21 07:00:00,7.8,7.88,7.69,7.88,1778310,0.01025641025641022
2016-12-22 07:00:00,7.8,7.8,7.66,7.72,967740,-0.020304568527918843
2016-12-23 07:00:00,7.72,7.72,7.59,7.72,1837280,0.0
2016-12-26 07:00:00,7.72,7.8,7.69,7.72,1127830,0.0
2016-12-27 07:00:00,7.72,7.72,7.59,7.66,1463890,-0.007772020725388518
2016-12-28 07:00:00,7.69,7.69,7.56,7.64,1805210,-0.0026109660574412663
2016-12-29 07:00:00,7.61,7.64,7.51,7.56,1707820,-0.010471204188481686
2016-12-30 07:00:00,7.53,7.61,7.51,7.51,1439980,-0.006613756613756627
2017-01-03 07:00:00,7.59,8.01,7.59,8.01,4954000,0.06657789613848197
2017-01-04 07:00:00,8.09,8.3,8.09,8.17,4674470,0.019975031210986316
2017-01-05 07:00:00,8.11,8.3,8.03,8.14,1988580,-0.003671970624234966
2017-01-06 07:00:00,8.03,8.48,8.03,8.33,6338280,0.023341523341523285
2017-01-09 07:00:00,8.35,8.67,8.35,8.56,6160700,0.027611044417767072
2017-01-10 07:00:00,8.51,8.56,8.43,8.51,2471780,-0.005841121495327228
2017-01-11 07:00:00,8.56,8.77,8.48,8.77,7292910,0.03055229142185656
2017-01-12 07:00:00,8.77,8.77,8.67,8.72,3541500,-0.005701254275940593
2017-01-13 07:00:00,8.72,8.75,8.54,8.59,3414240,-0.01490825688073405
2017-01-16 07:00:00,8.59,8.62,8.35,8.35,2739610,-0.027939464493597188
2017-01-17 07:00:00,8.51,8.91,8.43,8.88,6538420,0.06347305389221569
2017-01-18 07:00:00,8.88,9.14,8.7,8.7,5523490,-0.020270270270270396
2017-01-19 07:00:00,8.64,8.8,8.62,8.7,1997400,0.0
2017-01-20 07:00:00,8.72,8.93,8.67,8.8,3226890,0.011494252873563315
2017-01-23 07:00:00,8.83,8.99,8.77,8.91,3412290,0.012499999999999956
2017-01-24 07:00:00,8.91,9.07,8.91,8.99,3130040,0.008978675645342271
2017-01-25 07:00:00,8.99,8.99,8.72,8.93,2424360,-0.006674082313681939
2017-02-02 07:00:00,8.93,9.09,8.8,9.09,3033030,0.01791713325867872
2017-02-03 07:00:00,9.09,9.28,9.01,9.09,4057580,0.0
2017-02-06 07:00:00,9.09,9.2,8.99,9.09,2896390,0.0
2017-02-07 07:00:00,9.01,9.17,8.96,9.04,3550940,-0.005500550055005604
2017-02-08 07:00:00,9.04,9.09,8.91,8.99,3716420,-0.005530973451327359
2017-02-09 07:00:00,8.99,9.07,8.91,8.91,3894230,-0.008898776418242549
2017-02-10 07:00:00,8.91,9.07,8.88,9.04,3882460,0.01459034792368108
2017-02-13 07:00:00,9.04,9.07,8.91,8.91,2356920,-0.014380530973451267
2017-02-14 07:00:00,8.93,9.01,8.91,8.99,3452520,0.008978675645342271
2017-02-15 07:00:00,8.99,9.2,8.91,9.17,3866520,0.020022246941045596
2017-02-16 07:00:00,9.12,9.22,8.99,8.99,4207540,-0.019629225736095934
2017-02-17 07:00:00,8.93,9.01,8.85,8.93,2315410,-0.006674082313681939
2017-02-20 07:00:00,8.88,8.91,8.72,8.77,4319650,-0.017917133258678608
2017-02-21 07:00:00,8.83,8.91,8.8,8.83,3466220,0.0068415051311288
2017-02-22 07:00:00,8.88,8.88,8.72,8.77,2027200,-0.006795016987542479
2017-02-23 07:00:00,8.77,8.83,8.64,8.8,1917960,0.003420752565564511
2017-02-24 07:00:00,8.72,8.88,8.72,8.8,2717550,0.0
2017-02-27 07:00:00,8.72,8.83,8.7,8.83,1299320,0.003409090909090917
2017-02-28 07:00:00,8.8,8.83,8.67,8.7,1374710,-0.014722536806342057
2017-03-01 07:00:00,8.7,8.7,8.51,8.62,2971500,-0.00919540229885063
2017-03-02 07:00:00,8.67,8.72,8.48,8.48,2357980,-0.016241299303944134
2017-03-03 07:00:00,8.51,8.67,8.35,8.67,3291400,0.02240566037735836
2017-03-06 07:00:00,8.77,8.83,8.67,8.77,2663090,0.011534025374855705
2017-03-07 07:00:00,8.72,8.77,8.67,8.72,1229860,-0.005701254275940593
2017-03-08 07:00:00,8.67,8.85,8.62,8.77,2091720,0.005733944954128267
2017-03-09 07:00:00,8.77,8.96,8.75,8.88,4635690,0.012542759407069726
2017-03-10 07:00:00,8.93,8.93,8.75,8.75,2210220,-0.014639639639639768
2017-03-13 07:00:00,8.72,8.75,8.62,8.72,1377930,-0.0034285714285713365
2017-03-14 07:00:00,8.64,8.72,8.62,8.67,2190590,-0.005733944954128489
2017-03-15 07:00:00,8.62,8.7,8.59,8.7,1177930,0.0034602076124565784
2017-03-16 07:00:00,8.7,8.75,8.59,8.64,1860750,-0.006896551724137834
2017-03-17 07:00:00,8.64,8.85,8.62,8.83,4646040,0.0219907407407407
2017-03-20 07:00:00,8.83,8.88,8.7,8.85,3017280,0.0022650056625141968
2017-03-21 07:00:00,8.88,9.2,8.88,9.2,10006770,0.039548022598870025
2017-03-22 07:00:00,9.2,9.33,9.14,9.2,9321930,0.0
2017-03-23 07:00:00,9.2,9.33,9.09,9.22,3455890,0.0021739130434783593
2017-03-24 07:00:00,9.33,9.46,9.2,9.46,8242990,0.026030368763557465
2017-03-27 07:00:00,9.51,9.59,9.33,9.38,7212840,-0.008456659619450302
2017-03-28 07:00:00,9.3,9.41,9.2,9.2,3129920,-0.019189765458422325
2017-03-29 07:00:00,9.22,9.22,9.04,9.2,4029300,0.0
2017-03-30 07:00:00,9.2,9.44,9.17,9.38,5467270,0.019565217391304568
2017-03-31 07:00:00,9.38,9.38,9.2,9.28,2402720,-0.0106609808102347
2017-04-03 07:00:00,9.22,9.28,9.07,9.07,3046160,-0.022629310344827513
2017-04-04 07:00:00,9.14,9.22,9.01,9.09,3160690,0.0022050716648289725
2017-04-05 07:00:00,9.09,9.17,9.04,9.07,3256600,-0.002200220022002153
2017-04-07 07:00:00,9.04,9.12,8.88,9.04,4065580,-0.003307607497243792
2017-04-10 07:00:00,9.09,9.12,8.99,8.99,3210070,-0.005530973451327359
2017-04-11 07:00:00,8.99,9.01,8.85,8.99,3274570,0.0
2017-04-12 07:00:00,8.99,9.09,8.88,8.99,3272610,0.0
2017-04-13 07:00:00,8.93,9.04,8.88,8.93,4017550,-0.006674082313681939
2017-04-14 07:00:00,8.83,9.01,8.7,9.01,4089000,0.008958566629339249
2017-04-17 07:00:00,8.99,9.01,8.67,8.67,2640550,-0.037735849056603765
2017-04-18 07:00:00,8.67,8.72,8.56,8.72,3394390,0.005767012687428075
2017-04-19 07:00:00,8.7,8.72,8.62,8.62,2200740,-0.01146788990825709
2017-04-20 07:00:00,8.62,8.93,8.54,8.77,3276820,0.01740139211136893
2017-04-21 07:00:00,8.85,8.93,8.72,8.75,2322130,-0.0022805017103761926
2017-04-24 07:00:00,8.72,8.77,8.62,8.64,915040,-0.012571428571428456
2017-04-25 07:00:00,8.67,8.72,8.56,8.64,2039700,0.0
2017-04-26 07:00:00,8.62,8.85,8.54,8.72,3093360,0.0092592592592593
2017-04-27 07:00:00,8.72,8.83,8.7,8.77,1305200,0.005733944954128267
2017-04-28 07:00:00,8.62,8.83,8.62,8.77,4054470,0.0
2017-05-03 07:00:00,8.77,8.88,8.72,8.77,2134200,0.0
2017-05-04 07:00:00,8.77,9.01,8.7,8.88,3603070,0.012542759407069726
2017-05-05 07:00:00,8.88,8.88,8.67,8.75,2558190,-0.014639639639639768
2017-05-08 07:00:00,8.8,8.8,8.62,8.72,2750130,-0.0034285714285713365
2017-05-09 07:00:00,8.67,8.83,8.64,8.77,3390050,0.005733944954128267
2017-05-10 07:00:00,8.77,9.14,8.77,9.04,6204060,0.03078677309007971
2017-05-11 07:00:00,9.04,9.12,8.99,8.99,3438740,-0.005530973451327359
2017-05-12 07:00:00,8.99,9.14,8.93,8.96,3232780,-0.0033370411568408587
2017-05-15 07:00:00,8.93,8.96,8.83,8.93,3094730,-0.0033482142857144126
2017-05-16 07:00:00,8.99,9.01,8.83,8.93,3557650,0.0
2017-05-17 07:00:00,8.88,8.93,8.8,8.83,2289770,-0.01119820828667406
2017-05-18 07:00:00,8.83,9.01,8.8,8.88,3270310,0.005662514156285381
2017-05-19 07:00:00,8.91,9.09,8.85,9.09,5387170,0.023648648648648463
2017-05-22 07:00:00,9.2,9.73,9.2,9.73,15701040,0.07040704070407044
2017-05-23 07:00:00,9.73,10.12,9.59,9.81,10107090,0.008221993833504637
2017-05-24 07:00:00,9.75,10.23,9.67,10.18,9620910,0.0377166156982669
2017-05-25 07:00:00,10.18,10.41,10.04,10.1,8562650,-0.007858546168958758
2017-05-26 07:00:00,10.04,10.31,10.04,10.31,6662620,0.02079207920792081
2017-05-29 07:00:00,10.31,10.47,9.99,10.04,6835440,-0.026188166828322146
2017-05-30 07:00:00,9.99,10.15,9.7,9.7,7521710,-0.03386454183266929
2017-05-31 07:00:00,9.7,9.83,9.59,9.75,4665780,0.005154639175257714
2017-06-01 07:00:00,9.78,9.86,9.67,9.67,3182440,-0.008205128205128198
2017-06-02 07:00:00,9.67,9.73,9.49,9.65,5040700,-0.0020682523267838704
2017-06-05 07:00:00,9.78,9.94,9.73,9.88,3173120,0.023834196891191706
2017-06-06 07:00:00,9.83,10.28,9.78,10.25,8701470,0.037449392712550544
2017-06-07 07:00:00,10.31,10.44,10.2,10.25,6665550,0.0
2017-06-08 07:00:00,10.2,10.25,9.99,10.1,3776460,-0.014634146341463428
2017-06-09 07:00:00,10.1,10.18,9.94,9.96,4780100,-0.013861386138613763
2017-06-12 07:00:00,9.99,10.18,9.91,10.02,4459550,0.0060240963855420215
2017-06-13 07:00:00,10.04,10.41,9.99,10.31,4418920,0.02894211576846306
2017-06-14 07:00:00,10.41,10.62,10.39,10.57,7438470,0.025218234723569433
2017-06-15 07:00:00,10.62,10.62,10.39,10.47,5827220,-0.009460737937559083
2017-06-16 07:00:00,10.41,10.52,10.39,10.44,3740610,-0.002865329512894088
2017-06-19 07:00:00,10.57,10.6,10.47,10.57,4812540,0.01245210727969348
2017-06-20 07:00:00,10.73,10.89,10.62,10.86,6648680,0.027436140018921362
2017-06-21 07:00:00,10.78,10.89,10.49,10.73,7245070,-0.011970534069981498
2017-06-22 07:00:00,10.78,10.84,10.49,10.49,4700650,-0.02236719478098792
2017-06-23 07:00:00,10.41,10.52,10.36,10.52,4067480,0.0028598665395613843
2017-06-26 07:00:00,10.52,10.76,10.47,10.68,4079030,0.015209125475285079
2017-06-27 07:00:00,10.68,10.76,10.52,10.52,3955780,-0.014981273408239737
2017-06-28 07:00:00,10.49,10.68,10.41,10.55,3584220,0.0028517110266161882
2017-06-29 07:00:00,10.65,10.89,10.65,10.73,5414500,0.017061611374407537
2017-06-30 07:00:00,10.68,10.78,10.68,10.78,2718220,0.004659832246038942
2017-07-03 07:00:00,10.81,11.07,10.78,10.94,3702190,0.014842300556586308
2017-07-04 07:00:00,10.99,11.05,10.68,10.73,3960190,-0.019195612431444187
2017-07-05 07:00:00,10.73,10.81,10.68,10.78,3792250,0.004659832246038942
2017-07-06 07:00:00,10.86,10.94,10.65,10.73,5082620,-0.004638218923933124
2017-07-07 07:00:00,10.73,10.89,10.65,10.68,4883780,-0.004659832246039164
2017-07-10 07:00:00,10.68,10.73,10.41,10.41,4280320,-0.0252808988764045
2017-07-11 07:00:00,10.41,10.44,10.07,10.41,2406080,0.0
2017-07-12 07:00:00,10.41,10.41,10.2,10.2,2218530,-0.02017291066282434
2017-07-13 07:00:00,10.2,10.39,10.18,10.33,1427810,0.012745098039215863
2017-07-14 07:00:00,10.41,10.41,10.2,10.2,1615650,-0.012584704743465736
2017-07-17 07:00:00,10.25,10.31,9.96,9.99,2508150,-0.020588235294117574
2017-07-18 07:00:00,9.96,10.1,9.88,10.02,1988430,0.0030030030030030463
2017-07-19 07:00:00,10.12,10.18,10.04,10.07,1785650,0.004990019960079861
2017-07-20 07:00:00,10.18,10.36,10.04,10.36,2885390,0.028798411122144874
2017-07-21 07:00:00,10.41,10.47,10.18,10.18,2846690,-0.01737451737451734
2017-07-24 07:00:00,10.15,10.31,10.02,10.25,1521320,0.006876227897838927
2017-07-25 07:00:00,10.25,10.84,10.25,10.84,4854620,0.05756097560975615
2017-07-26 07:00:00,10.78,11.05,10.76,10.89,4938950,0.004612546125461359
2017-07-27 07:00:00,10.89,11.02,10.78,10.94,3954610,0.0045913682277318735
2017-07-28 07:00:00,11.02,11.21,10.89,11.1,5408060,0.014625228519195677
2017-07-31 07:00:00,11.15,11.81,11.15,11.74,6728350,0.057657657657657735
2017-08-01 07:00:00,11.63,11.81,11.52,11.74,3554410,0.0
2017-08-02 07:00:00,11.52,12.13,11.44,11.87,6829100,0.011073253833049357
2017-08-03 07:00:00,11.84,12.16,11.84,12.11,4418090,0.020219039595619215
2017-08-04 07:00:00,12.11,12.11,11.84,11.84,2565930,-0.02229562345169278
2017-08-07 07:00:00,11.74,11.92,11.74,11.89,3107320,0.004222972972973027
2017-08-08 07:00:00,11.95,12.0,11.84,11.95,2963240,0.005046257359125228
2017-08-09 07:00:00,12.06,12.06,11.13,11.13,9682480,-0.06861924686192455
2017-08-10 07:00:00,10.99,11.35,10.58,11.07,4450650,-0.005390835579514919
2017-08-11 07:00:00,11.07,11.13,10.8,11.07,2439370,0.0
2017-08-14 07:00:00,11.07,11.35,10.91,11.35,1736920,0.025293586269195867
2017-08-15 07:00:00,11.32,11.35,11.07,11.07,1784120,-0.024669603524228978
2017-08-16 07:00:00,11.07,11.13,10.8,10.91,2001570,-0.014453477868112019
2017-08-17 07:00:00,10.91,10.99,10.42,10.47,5639850,-0.04032997250229142
2017-08-18 07:00:00,10.36,10.91,10.26,10.77,2250620,0.02865329512893977
2017-08-21 07:00:00,10.77,10.83,10.47,10.72,1027780,-0.004642525533890329
2017-08-22 07:00:00,10.69,10.69,10.45,10.45,1799420,-0.02518656716417922
2017-08-23 07:00:00,10.45,10.64,10.39,10.58,1180060,0.012440191387559807
2017-08-24 07:00:00,10.61,10.86,10.58,10.8,2016560,0.020793950850661602
2017-08-25 07:00:00,10.86,10.96,10.75,10.77,1774880,-0.002777777777777879
2017-08-28 07:00:00,10.77,10.86,10.66,10.72,1189610,-0.004642525533890329
2017-08-29 07:00:00,10.72,10.86,10.69,10.72,1636320,0.0
2017-08-30 07:00:00,10.75,10.75,10.56,10.56,1728800,-0.014925373134328401
2017-08-31 07:00:00,10.58,11.29,10.56,11.29,5421350,0.06912878787878785
2017-09-01 07:00:00,11.46,11.78,11.32,11.48,3772890,0.016829052258636068
2017-09-05 07:00:00,11.46,11.46,11.24,11.43,1769650,-0.004355400696864131
2017-09-06 07:00:00,11.29,11.4,11.16,11.24,2638220,-0.016622922134733153
2017-09-07 07:00:00,11.21,11.56,11.21,11.37,2388710,0.011565836298932375
2017-09-08 07:00:00,11.37,11.37,11.1,11.1,2150240,-0.0237467018469657
2017-09-11 07:00:00,11.02,11.24,10.91,11.02,1595410,-0.007207207207207245
2017-09-12 07:00:00,10.96,11.29,10.94,11.18,1086660,0.014519056261343088
2017-09-13 07:00:00,11.26,11.29,11.1,11.18,865900,0.0
2017-09-14 07:00:00,11.1,11.37,11.07,11.26,1630270,0.007155635062611854
2017-09-15 07:00:00,11.26,11.26,11.1,11.13,761660,-0.011545293072824037
2017-09-18 07:00:00,11.13,11.29,11.1,11.18,1867500,0.004492362982928988
2017-09-19 07:00:00,11.24,11.37,11.16,11.26,1771760,0.007155635062611854
2017-09-20 07:00:00,11.26,11.26,11.13,11.18,1165030,-0.007104795737122527
2017-09-21 07:00:00,11.13,11.4,11.1,11.37,3542580,0.016994633273702986
2017-09-22 07:00:00,11.29,11.4,11.24,11.24,1539180,-0.011433597185576017
2017-09-25 07:00:00,11.24,11.26,11.07,11.13,1296670,-0.009786476868327343
2017-09-26 07:00:00,11.13,11.24,11.1,11.13,1400280,0.0
2017-09-27 07:00:00,11.13,11.18,11.02,11.02,1270120,-0.009883198562443907
2017-09-28 07:00:00,11.02,11.13,10.72,10.72,2620840,-0.02722323049001807
2017-09-29 07:00:00,10.72,10.83,10.69,10.69,2047180,-0.002798507462686728
2017-10-02 07:00:00,10.69,10.91,10.69,10.75,1316100,0.00561272217025266
2017-10-03 07:00:00,10.8,11.02,10.75,10.83,2747020,0.007441860465116301
2017-10-04 07:00:00,10.86,11.02,10.83,10.94,1798560,0.010156971375807844
2017-10-05 07:00:00,11.02,11.05,10.83,10.86,1259970,-0.007312614259597838
2017-10-06 07:00:00,10.83,11.02,10.8,10.88,2512220,0.0018416206261511192
2017-10-09 07:00:00,11.02,11.07,10.91,10.91,1931480,0.0027573529411764053
2017-10-10 07:00:00,10.91,11.02,10.88,10.91,786110,0.0
2017-10-11 07:00:00,10.96,11.16,10.94,11.07,2054250,0.014665444546287931
2017-10-12 07:00:00,11.07,11.16,10.99,10.99,1237240,-0.0072267389340560095
2017-10-13 07:00:00,11.02,11.05,10.94,11.02,720350,0.0027297543221109777
2017-10-16 07:00:00,11.02,11.16,11.02,11.1,1723790,0.007259528130671544
2017-10-17 07:00:00,11.13,11.73,11.13,11.73,5851150,0.05675675675675684
2017-10-18 07:00:00,11.73,11.84,11.62,11.67,3877330,-0.005115089514066584
2017-10-19 07:00:00,11.56,11.65,11.35,11.59,2221120,-0.006855184233076295
2017-10-20 07:00:00,11.51,11.7,11.51,11.67,2795090,0.00690250215703192
2017-10-23 07:00:00,11.56,11.7,11.35,11.4,2104280,-0.023136246786632397
2017-10-24 07:00:00,11.4,11.4,11.24,11.32,991780,-0.007017543859649145
2017-10-25 07:00:00,11.29,11.62,11.29,11.46,1419710,0.012367491166077826
2017-10-26 07:00:00,11.4,11.56,11.07,11.29,1949360,-0.014834205933682565
2017-10-27 07:00:00,11.29,11.56,11.21,11.56,1525120,0.023914968999114272
2017-10-30 07:00:00,11.59,12.16,11.56,11.92,5516030,0.03114186851211076
2017-10-31 07:00:00,11.89,12.08,11.73,11.92,2860900,0.0
2017-11-01 07:00:00,11.92,12.25,11.92,12.22,2540230,0.025167785234899487
2017-11-02 07:00:00,12.22,12.3,11.73,11.95,2240060,-0.02209492635024557
2017-11-03 07:00:00,11.89,12.22,11.73,12.22,2000100,0.02259414225941425
2017-11-06 07:00:00,12.22,12.46,12.14,12.46,2248950,0.019639934533551617
2017-11-07 07:00:00,12.38,12.57,12.33,12.46,2397470,0.0
2017-11-08 07:00:00,12.46,12.98,12.38,12.98,3162900,0.04173354735152479
2017-11-09 07:00:00,13.01,13.04,12.76,12.82,2328420,-0.012326656394452962
2017-11-10 07:00:00,12.71,13.2,12.71,12.87,2655350,0.003900156006240163
2017-11-13 07:00:00,12.9,13.06,12.87,13.06,1456000,0.014763014763014892
2017-11-14 07:00:00,13.06,13.31,12.82,13.26,1976900,0.015313935681469992
2017-11-15 07:00:00,13.31,13.31,13.09,13.2,1143070,-0.004524886877828038
2017-11-16 07:00:00,13.12,13.28,12.93,13.17,2383080,-0.002272727272727204
2017-11-17 07:00:00,13.2,13.26,12.82,13.12,2518270,-0.0037965072133637756
2017-11-20 07:00:00,12.98,13.17,12.9,13.09,1424750,-0.0022865853658535773
2017-11-21 07:00:00,13.09,13.36,13.09,13.12,2397310,0.0022918258212374365
2017-11-22 07:00:00,13.12,14.02,13.09,14.02,4041890,0.06859756097560976
2017-11-23 07:00:00,14.18,14.46,13.8,13.8,2648530,-0.015691868758915706
2017-11-24 07:00:00,13.8,13.94,13.64,13.8,1762130,0.0
2017-11-27 07:00:00,13.8,13.94,13.69,13.75,1300640,-0.0036231884057971175
2017-11-28 07:00:00,13.75,13.86,13.39,13.64,1735860,-0.008000000000000007
2017-11-29 07:00:00,13.58,13.96,13.58,13.96,1644260,0.02346041055718473
2017-11-30 07:00:00,14.18,14.35,13.91,13.99,1539270,0.0021489971346704273
2017-12-01 07:00:00,13.96,13.99,13.86,13.91,1313000,-0.005718370264474637
2017-12-04 07:00:00,14.02,14.29,13.91,13.91,1010470,0.0
2017-12-05 07:00:00,14.02,14.02,13.58,13.58,2429510,-0.02372393961179009
2017-12-06 07:00:00,13.47,13.58,13.36,13.56,1856030,-0.0014727540500736325
2017-12-07 07:00:00,13.64,13.72,13.39,13.64,642950,0.005899705014749346
2017-12-08 07:00:00,13.66,13.75,13.45,13.64,853010,0.0
2017-12-11 07:00:00,13.04,13.53,13.04,13.09,1236890,-0.040322580645161366
2017-12-12 07:00:00,13.09,13.31,12.19,13.15,2619460,0.004583651642475317
2017-12-13 07:00:00,13.15,13.2,12.9,13.04,2017220,-0.00836501901140696
2017-12-14 07:00:00,12.98,13.36,12.68,13.34,1472190,0.02300613496932513
2017-12-15 07:00:00,13.2,13.34,13.01,13.26,642650,-0.005997001499250421
2017-12-18 07:00:00,13.26,13.36,13.2,13.28,1023650,0.0015082956259426794
2017-12-19 07:00:00,13.28,13.47,13.15,13.15,939300,-0.009789156626505924
2017-12-20 07:00:00,13.15,13.47,13.12,13.36,873610,0.015969581749049278
2017-12-21 07:00:00,13.36,13.53,13.2,13.2,1312160,-0.0119760479041916
2017-12-22 07:00:00,13.04,13.2,12.82,13.01,1931970,-0.014393939393939403
2017-12-25 07:00:00,13.2,13.26,12.93,12.98,572480,-0.002305918524212136
2017-12-26 07:00:00,12.98,13.15,12.82,13.15,1009560,0.013097072419106404
2017-12-27 07:00:00,13.23,13.45,13.12,13.31,1201510,0.012167300380228063
2017-12-28 07:00:00,13.31,13.69,13.31,13.5,1382650,0.01427498121712989
2017-12-29 07:00:00,13.66,13.91,13.5,13.91,2593290,0.03037037037037038
2018-01-02 07:00:00,13.91,14.73,13.75,14.73,2903770,0.058950395398993605
2018-01-03 07:00:00,14.73,14.76,14.46,14.62,2458110,-0.007467752885268242
2018-01-04 07:00:00,14.62,15.11,14.48,15.03,4424190,0.028043775649794878
2018-01-05 07:00:00,15.0,15.03,14.7,14.95,1908830,-0.005322687957418526
2018-01-08 07:00:00,15.11,15.38,14.95,15.19,2053870,0.016053511705685697
2018-01-09 07:00:00,15.19,15.25,14.18,14.95,4214750,-0.01579986833443059
2018-01-10 07:00:00,14.95,15.41,14.89,14.97,2817750,0.0013377926421405117
2018-01-11 07:00:00,15.0,15.14,14.81,15.06,1566970,0.006012024048096087
2018-01-12 07:00:00,14.86,15.03,14.78,14.86,2484840,-0.013280212483399834
2018-01-15 07:00:00,14.76,15.11,14.59,14.89,1787190,0.0020188425302827273
2018-01-16 07:00:00,14.92,15.22,14.86,15.11,2368450,0.014775016789791762
2018-01-17 07:00:00,14.73,15.33,14.73,14.73,2847680,-0.025148908007941673
2018-01-18 07:00:00,14.51,14.78,14.35,14.78,1833010,0.0033944331296673624
2018-01-19 07:00:00,14.84,14.89,14.51,14.67,3553540,-0.007442489851150147
2018-01-22 07:00:00,14.67,15.6,14.65,15.52,5040120,0.057941376959781854
2018-01-25 07:00:00,15.87,16.58,15.71,16.58,7986250,0.06829896907216493
2018-01-26 07:00:00,17.73,17.73,17.18,17.73,5677170,0.06936067551266589
2018-01-29 07:00:00,18.0,18.96,18.0,18.87,4395390,0.0642978003384096
2018-01-30 07:00:00,17.92,19.64,17.92,19.64,3283230,0.04080551139374666
2018-01-31 07:00:00,20.29,20.32,18.66,18.66,1755870,-0.04989816700611005
2018-02-01 07:00:00,18.82,18.85,17.95,18.38,1894280,-0.015005359056806111
2018-02-02 07:00:00,18.17,18.71,18.06,18.38,1771520,0.0
2018-02-05 07:00:00,18.11,18.22,17.1,17.1,2790640,-0.06964091403699657
2018-02-06 07:00:00,15.93,16.8,15.93,15.93,3316700,-0.06842105263157905
2018-02-07 07:00:00,17.02,17.02,16.37,17.02,2058050,0.06842435655994983
2018-02-08 07:00:00,17.02,17.89,17.02,17.57,2043470,0.03231492361927146
2018-02-09 07:00:00,16.37,18.0,16.34,17.62,1800170,0.002845759817871496
2018-02-12 07:00:00,18.0,18.85,17.73,18.85,2363270,0.06980703745743466
2018-02-13 07:00:00,19.86,19.91,19.09,19.31,2458380,0.024403183023872455
2018-02-21 07:00:00,19.64,20.65,19.42,20.4,2137010,0.05644743656136719
2018-02-22 07:00:00,20.18,21.06,20.05,20.07,2856780,-0.016176470588235237
2018-02-23 07:00:00,20.18,20.46,19.58,20.24,3624350,0.008470353761833582
2018-02-26 07:00:00,20.67,21.14,20.4,20.78,3516600,0.02667984189723338
2018-02-27 07:00:00,20.78,21.17,20.51,20.81,2216610,0.0014436958614050255
2018-02-28 07:00:00,20.67,21.55,20.54,21.27,4521850,0.022104757328207603
2018-03-01 07:00:00,21.06,21.6,20.46,20.62,2634150,-0.03055947343676535
2018-03-02 07:00:00,20.18,20.73,20.13,20.62,2378830,0.0
2018-03-05 07:00:00,20.87,20.95,19.2,19.2,2589100,-0.06886517943743942
2018-03-06 07:00:00,19.64,20.54,19.34,20.54,2525060,0.0697916666666667
2018-03-07 07:00:00,20.73,20.78,20.13,20.46,2053190,-0.003894839337877265
2018-03-08 07:00:00,20.46,20.73,20.18,20.29,1132070,-0.008308895405669703
2018-03-09 07:00:00,20.46,20.73,20.18,20.32,2263330,0.0014785608674223738
2018-03-12 07:00:00,21.11,21.27,20.73,21.06,2014660,0.036417322834645605
2018-03-13 07:00:00,21.06,21.38,20.73,21.38,1980080,0.015194681861348647
2018-03-14 07:00:00,21.71,21.71,21.22,21.27,1996080,-0.005144995322731494
2018-03-15 07:00:00,21.27,22.75,21.11,22.75,3528060,0.06958157028678902
2018-03-16 07:00:00,23.07,23.73,22.8,23.35,2628200,0.026373626373626502
2018-03-19 07:00:00,23.46,23.51,22.47,22.75,2366180,-0.025695931477516143
2018-03-20 07:00:00,22.47,23.51,22.37,23.18,1866550,0.018901098901098923
2018-03-21 07:00:00,23.73,23.89,23.24,23.73,1606790,0.023727351164797295
2018-03-22 07:00:00,23.73,24.27,23.59,24.17,2525390,0.01854193004635496
2018-03-23 07:00:00,23.73,23.78,22.58,23.1,3661530,-0.04426975589573856
2018-03-26 07:00:00,22.91,24.49,22.91,24.49,1932890,0.0601731601731601
2018-03-27 07:00:00,25.09,25.42,24.06,24.06,2941390,-0.01755818701510825
2018-03-28 07:00:00,24.0,24.41,23.67,24.3,1672540,0.009975062344139696
2018-03-29 07:00:00,24.3,24.38,23.89,24.0,896470,-0.012345679012345734
2018-03-30 07:00:00,23.89,23.97,23.27,23.67,2211040,-0.013749999999999929
2018-04-02 07:00:00,23.89,24.55,23.43,24.55,2610170,0.037177862272919304
2018-04-03 07:00:00,24.71,24.98,24.38,24.6,1340170,0.0020366598778003286
2018-04-04 07:00:00,24.6,24.79,24.44,24.44,1511210,-0.006504065040650375
2018-04-05 07:00:00,24.44,24.44,23.87,24.0,1744010,-0.018003273322422353
2018-04-06 07:00:00,24.11,24.38,23.89,24.0,1469830,0.0
2018-04-09 07:00:00,24.17,24.55,23.67,24.22,2724810,0.009166666666666545
2018-04-10 07:00:00,24.49,25.31,24.44,24.82,4181500,0.024772914946325386
2018-04-11 07:00:00,25.53,25.53,24.0,24.27,2384910,-0.02215954875100723
2018-04-12 07:00:00,24.17,24.55,23.78,24.22,1816480,-0.0020601565718995074
2018-04-13 07:00:00,24.27,24.44,22.75,22.91,3369270,-0.054087530966143604
2018-04-16 07:00:00,22.37,22.91,21.82,21.82,2207540,-0.04757747708424265
2018-04-17 07:00:00,21.82,22.86,21.66,22.86,2516280,0.04766269477543528
2018-04-18 07:00:00,23.29,23.29,21.93,21.93,1196420,-0.040682414698162694
2018-04-19 07:00:00,21.93,22.04,20.62,20.73,2755020,-0.05471956224350205
2018-04-20 07:00:00,21.0,21.57,20.18,21.52,2415490,0.03810902074288469
2018-04-23 07:00:00,21.71,22.17,20.02,20.02,3210890,-0.0697026022304833
2018-04-24 07:00:00,20.18,21.0,19.58,20.73,2503080,0.03546453546453554
2018-04-26 07:00:00,20.62,21.0,19.37,19.91,2207270,-0.03955619874577909
2018-04-27 07:00:00,19.86,20.78,19.64,19.69,2026830,-0.011049723756906049
2018-05-02 07:00:00,20.02,20.13,18.33,18.33,1868640,-0.06907059421025918
2018-05-03 07:00:00,17.57,19.04,17.05,18.38,4169480,0.0027277686852156258
2018-05-04 07:00:00,18.6,18.82,17.73,17.73,1599340,-0.035364526659412365
2018-05-07 07:00:00,17.97,18.96,17.29,18.96,3558490,0.0693739424703892
2018-05-08 07:00:00,18.96,20.16,18.77,19.37,3013460,0.021624472573839704
2018-05-09 07:00:00,19.09,19.77,18.82,19.09,1843140,-0.01445534331440379
2018-05-10 07:00:00,18.77,19.42,17.76,17.84,2834040,-0.06547930853850181
2018-05-11 07:00:00,17.84,18.66,17.18,18.55,2116330,0.03979820627802688
2018-05-14 07:00:00,18.87,18.93,18.38,18.71,918220,0.008625336927223781
2018-05-15 07:00:00,18.71,19.09,18.55,18.87,2221560,0.0085515766969535
2018-05-16 07:00:00,18.6,18.71,18.08,18.11,1856760,-0.04027556968733448
2018-05-17 07:00:00,18.11,18.27,17.84,18.0,1502680,-0.006073992269464368
2018-05-18 07:00:00,18.0,18.22,16.91,17.97,2937450,-0.0016666666666667052
2018-05-21 07:00:00,17.97,17.97,17.18,17.18,2405890,-0.04396215915414581
2018-05-22 07:00:00,16.91,17.13,15.98,15.98,3119620,-0.06984866123399303
2018-05-23 07:00:00,15.71,16.64,15.68,16.61,1819230,0.03942428035043788
2018-05-24 07:00:00,16.64,16.77,16.07,16.17,1089040,-0.026490066225165476
2018-05-25 07:00:00,16.28,16.42,15.11,15.11,2161610,-0.06555349412492284
2018-05-28 07:00:00,14.78,14.84,14.07,14.07,3902270,-0.06882859033752475
2018-05-29 07:00:00,14.46,15.06,14.07,15.06,2874020,0.07036247334754808
2018-05-30 07:00:00,15.27,15.55,14.92,15.06,2144210,0.0
2018-05-31 07:00:00,14.89,16.04,14.89,15.96,3412580,0.05976095617529875
2018-06-01 07:00:00,15.82,16.75,15.71,16.2,3634920,0.015037593984962294
2018-06-04 07:00:00,15.82,16.69,15.49,16.64,4878280,0.02716049382716057
2018-06-05 07:00:00,16.53,17.02,16.15,16.58,3066250,-0.0036057692307693845
2018-06-06 07:00:00,16.61,17.35,16.26,17.35,2532640,0.04644149577804613
2018-06-07 07:00:00,17.35,17.57,17.02,17.02,3704890,-0.019020172910662936
2018-06-08 07:00:00,17.02,17.29,16.8,17.18,2683390,0.009400705052879044
2018-06-11 07:00:00,16.97,17.43,16.91,16.91,2320290,-0.01571594877764837
2018-06-12 07:00:00,16.53,16.64,15.74,16.15,4314510,-0.04494382022471921
2018-06-13 07:00:00,16.15,16.37,15.9,16.17,1672030,0.0012383900928794045
2018-06-14 07:00:00,16.2,16.31,15.44,15.44,3869180,-0.045145330859616695
2018-06-15 07:00:00,15.27,15.82,15.16,15.82,2262000,0.024611398963730657
2018-06-18 07:00:00,15.82,15.85,14.84,14.89,2873220,-0.058786346396965894
2018-06-19 07:00:00,14.62,14.73,13.86,14.62,5460120,-0.018132975151108233
2018-06-20 07:00:00,14.78,15.27,14.54,15.27,2364060,0.04445964432284555
2018-06-21 07:00:00,15.06,15.27,14.51,14.62,2073850,-0.04256712508185989
2018-06-22 07:00:00,14.21,15.08,14.21,15.0,2281830,0.0259917920656636
2018-06-25 07:00:00,15.3,15.63,15.22,15.38,1937980,0.02533333333333343
2018-06-26 07:00:00,15.0,15.33,14.89,15.16,1283390,-0.014304291287386306
2018-06-27 07:00:00,15.16,15.38,14.62,14.62,1931320,-0.03562005277044866
2018-06-28 07:00:00,14.4,14.62,14.07,14.13,3833920,-0.033515731874144916
2018-06-29 07:00:00,14.18,14.56,14.02,14.18,2112720,0.0035385704175512345
2018-07-02 07:00:00,13.91,14.18,13.28,13.5,3542250,-0.04795486600846255
2018-07-03 07:00:00,13.53,13.72,12.57,12.57,4944960,-0.06888888888888889
2018-07-04 07:00:00,12.57,12.63,11.97,12.49,4641640,-0.006364359586316648
2018-07-05 07:00:00,12.3,12.57,11.62,11.78,3044050,-0.05684547638110493
2018-07-06 07:00:00,11.67,12.6,11.37,12.6,5061910,0.06960950764006801
2018-07-09 07:00:00,12.87,13.31,12.68,12.71,5423120,0.008730158730158921
2018-07-10 07:00:00,12.93,13.28,12.76,12.9,3612750,0.014948859166010964
2018-07-11 07:00:00,12.44,12.55,12.0,12.06,5441810,-0.06511627906976747
2018-07-12 07:00:00,12.22,12.87,12.03,12.55,2508790,0.04063018242122718
2018-07-13 07:00:00,12.82,13.09,12.71,12.82,3138160,0.021513944223107595
2018-07-16 07:00:00,13.09,13.31,12.93,13.17,2912010,0.027301092043681807
2018-07-17 07:00:00,12.87,13.72,12.87,13.58,3991770,0.031131359149582316
2018-07-18 07:00:00,13.64,14.29,13.58,14.26,4012340,0.050073637702503726
2018-07-19 07:00:00,14.18,14.29,13.91,14.07,3344910,-0.0133239831697054
2018-07-20 07:00:00,13.86,14.13,13.53,13.86,4279270,-0.014925373134328401
2018-07-23 07:00:00,13.86,14.29,13.53,13.53,3124370,-0.023809523809523836
2018-07-24 07:00:00,13.47,13.91,13.09,13.53,2591310,0.0
2018-07-25 07:00:00,13.64,13.72,12.87,12.87,2773760,-0.04878048780487809
2018-07-26 07:00:00,12.87,13.15,12.68,13.15,2364560,0.02175602175602176
2018-07-27 07:00:00,13.15,13.61,13.09,13.53,2031060,0.02889733840304176
2018-07-30 07:00:00,13.75,14.35,13.64,14.35,3793610,0.06060606060606055
2018-07-31 07:00:00,14.29,14.7,14.1,14.35,5307160,0.0
2018-08-01 07:00:00,14.35,14.62,14.18,14.35,3487790,0.0
2018-08-02 07:00:00,14.18,14.29,13.8,14.29,3523250,-0.004181184668989535
2018-08-03 07:00:00,14.51,14.56,14.35,14.48,2585620,0.013296011196641144
2018-08-06 07:00:00,14.51,15.06,14.21,14.65,3262290,0.011740331491712608
2018-08-07 07:00:00,14.35,15.11,14.35,14.97,3707270,0.021843003412969297
2018-08-08 07:00:00,15.0,15.93,15.0,15.93,4507240,0.0641282565130259
2018-08-09 07:00:00,16.09,16.26,15.71,15.74,3444030,-0.011927181418706856
2018-08-10 07:00:00,15.6,16.31,15.55,16.31,4423770,0.03621346886912313
2018-08-13 07:00:00,16.2,16.83,16.15,16.64,3670180,0.020232985898221978
2018-08-14 07:00:00,16.64,16.72,16.31,16.37,2187220,-0.016225961538461564
2018-08-15 07:00:00,16.64,16.75,15.6,15.98,4946070,-0.023824068417837574
2018-08-16 07:00:00,15.79,16.39,15.27,16.37,5017400,0.024405506883604433
2018-08-17 07:00:00,16.69,17.29,16.42,16.97,4664800,0.03665241295051902
2018-08-20 07:00:00,16.91,17.35,16.8,17.13,3573200,0.009428403064231095
2018-08-21 07:00:00,16.91,18.0,16.91,18.0,4070460,0.05078809106830118
2018-08-22 07:00:00,18.11,18.38,17.67,17.73,4346680,-0.015000000000000013
2018-08-23 07:00:00,17.84,18.27,17.57,18.03,3335590,0.016920473773265776
2018-08-24 07:00:00,17.78,18.3,17.78,18.22,2775350,0.010537992235163385
2018-08-27 07:00:00,18.38,18.6,18.25,18.55,2541980,0.018111964873765096
2018-08-28 07:00:00,18.71,18.71,18.17,18.38,2582530,-0.009164420485175295
2018-08-29 07:00:00,18.38,18.6,18.3,18.36,2319810,-0.0010881392818280489
2018-08-30 07:00:00,18.33,19.04,18.27,19.04,3286300,0.03703703703703698
2018-08-31 07:00:00,18.98,19.09,18.71,18.77,2336200,-0.014180672268907513
2018-09-04 07:00:00,18.55,18.55,17.57,17.73,4088990,-0.055407565263718705
2018-09-05 07:00:00,17.57,18.19,17.54,18.06,3283340,0.018612521150592087
2018-09-06 07:00:00,18.06,18.11,17.67,17.87,1923190,-0.01052048726467314
2018-09-07 07:00:00,17.73,18.63,17.73,18.49,3171020,0.034695019585897935
2018-09-10 07:00:00,18.44,18.82,18.27,18.55,3078830,0.0032449972958357165
2018-09-11 07:00:00,18.55,19.31,18.49,19.26,4371130,0.03827493261455528
2018-09-12 07:00:00,19.37,19.42,18.96,18.96,2528070,-0.015576323987538943
2018-09-13 07:00:00,19.2,19.37,18.82,19.09,2984670,0.006856540084388074
2018-09-14 07:00:00,19.26,19.37,18.93,19.01,1656240,-0.004190675746464034
2018-09-17 07:00:00,18.93,19.15,18.66,18.66,2164200,-0.018411362440820644
2018-09-18 07:00:00,18.44,19.26,18.27,19.23,4127500,0.030546623794212246
2018-09-19 07:00:00,19.37,19.61,19.2,19.26,2943070,0.0015600624024960652
2018-09-20 07:00:00,19.26,19.5,19.01,19.37,2304800,0.005711318795430964
2018-09-21 07:00:00,19.47,19.5,18.9,19.26,4631020,-0.005678884873515755
2018-09-24 07:00:00,19.26,19.42,19.01,19.04,2423940,-0.01142263759086204
2018-09-25 07:00:00,18.96,19.42,18.87,19.09,1820120,0.002626050420168058
2018-09-26 07:00:00,19.07,19.34,19.04,19.04,1956500,-0.002619172341540077
2018-09-27 07:00:00,19.09,19.12,18.9,18.9,2074090,-0.007352941176470673
2018-09-28 07:00:00,19.04,19.45,18.93,19.2,2822910,0.015873015873015817
2018-10-01 07:00:00,19.2,19.37,18.87,18.96,1733190,-0.012499999999999956
2018-10-02 07:00:00,18.98,19.86,18.82,19.75,5199330,0.04166666666666652
2018-10-03 07:00:00,19.8,20.05,19.75,19.99,2361360,0.012151898734177102
2018-10-04 07:00:00,20.02,20.07,19.8,20.05,1879790,0.0030015007503751967
2018-10-05 07:00:00,19.86,19.97,19.37,19.37,2834960,-0.03391521197007474
2018-10-08 07:00:00,19.2,19.75,19.04,19.64,3268360,0.013939081053174984
2018-10-09 07:00:00,19.69,19.91,19.53,19.69,1270140,0.002545824847250522
2018-10-10 07:00:00,19.75,19.75,19.2,19.28,2080020,-0.020822752666328048
2018-10-11 07:00:00,18.06,18.71,17.95,17.95,6573500,-0.06898340248962664
2018-10-12 07:00:00,18.0,18.63,17.46,18.44,2660970,0.027298050139275887
2018-10-15 07:00:00,18.55,18.55,17.78,17.78,1199560,-0.03579175704989157
2018-10-16 07:00:00,17.78,18.27,17.78,18.27,1574440,0.027559055118110187
2018-10-17 07:00:00,18.55,18.98,18.52,18.87,2870340,0.03284072249589509
2018-10-18 07:00:00,18.77,19.17,18.44,18.87,3352560,0.0
2018-10-19 07:00:00,18.55,18.96,18.44,18.87,2010830,0.0
2018-10-22 07:00:00,19.09,19.34,18.93,19.09,3643590,0.011658717541070507
2018-10-23 07:00:00,18.98,19.2,18.27,19.04,3648830,-0.002619172341540077
2018-10-24 07:00:00,19.04,19.09,17.78,17.78,2230710,-0.06617647058823517
2018-10-25 07:00:00,16.56,17.46,16.56,17.02,4592300,-0.042744656917885315
2018-10-26 07:00:00,17.46,17.62,16.69,16.69,1877950,-0.019388954171562722
2018-10-29 07:00:00,16.64,16.8,15.71,15.76,2482950,-0.055721989215098966
2018-10-30 07:00:00,15.55,16.2,15.06,15.06,3140410,-0.04441624365482233
2018-10-31 07:00:00,15.55,16.09,15.38,16.09,1670350,0.06839309428950857
2018-11-01 07:00:00,17.16,17.18,16.53,16.56,2974110,0.029210689869484163
2018-11-02 07:00:00,16.91,17.7,16.8,17.7,3469490,0.06884057971014501
2018-11-05 07:00:00,17.46,17.89,17.24,17.89,1732340,0.010734463276836248
2018-11-06 07:00:00,18.0,18.08,17.37,17.46,1834970,-0.024035774175517055
2018-11-07 07:00:00,17.46,17.92,17.4,17.7,2117240,0.013745704467353903
2018-11-08 07:00:00,18.27,18.27,17.67,17.7,1728670,0.0
2018-11-09 07:00:00,17.57,17.73,17.27,17.29,1790150,-0.023163841807909646
2018-11-12 07:00:00,16.97,17.7,16.97,17.57,1332890,0.01619433198380582
2018-11-13 07:00:00,17.07,17.32,16.91,16.91,2054350,-0.037564029595902104
2018-11-14 07:00:00,16.91,17.18,16.37,16.37,1511410,-0.03193376700177408
2018-11-15 07:00:00,16.37,17.35,16.31,16.91,1574190,0.03298717165546727
2018-11-16 07:00:00,17.18,17.7,17.18,17.57,2339880,0.03903015966883494
2018-11-19 07:00:00,17.57,17.76,17.46,17.57,1520580,0.0
2018-11-20 07:00:00,17.16,17.46,17.16,17.29,1301980,-0.015936254980079778
2018-11-21 07:00:00,17.02,17.57,16.99,17.46,1747970,0.009832272990167867
2018-11-22 07:00:00,17.57,17.7,17.35,17.37,1866110,-0.005154639175257714
2018-11-23 07:00:00,17.35,17.51,17.24,17.29,1340870,-0.004605641911341496
2018-11-26 07:00:00,17.13,17.43,17.13,17.27,790910,-0.0011567379988431936
2018-11-27 07:00:00,17.4,17.46,16.91,17.16,1382030,-0.006369426751592355
2018-11-28 07:00:00,17.16,17.27,17.07,17.21,764130,0.002913752913753065
2018-11-29 07:00:00,17.21,17.46,17.05,17.05,2480990,-0.00929692039511909
2018-11-30 07:00:00,16.69,17.35,16.69,17.13,2611400,0.004692082111436902
2018-12-03 07:00:00,17.46,18.3,17.35,18.3,3464870,0.06830122591943977
2018-12-04 07:00:00,18.3,18.6,18.11,18.22,2374250,-0.004371584699453646
2018-12-05 07:00:00,18.0,18.57,17.89,18.47,2574670,0.013721185510428002
2018-12-06 07:00:00,18.38,18.47,18.11,18.38,1984110,-0.004872766648619353
2018-12-07 07:00:00,18.44,18.77,18.36,18.38,1220210,0.0
2018-12-10 07:00:00,18.38,18.6,18.14,18.38,1556580,0.0
2018-12-11 07:00:00,18.38,18.47,18.22,18.3,1148790,-0.0043525571273121955
2018-12-12 07:00:00,18.38,18.9,18.22,18.9,2225990,0.032786885245901454
2018-12-13 07:00:00,19.07,19.07,18.71,18.71,1610470,-0.01005291005290998
2018-12-14 07:00:00,18.66,18.98,18.44,18.49,1214630,-0.01175841795831123
2018-12-17 07:00:00,18.25,18.57,18.11,18.11,2272850,-0.020551649540291983
2018-12-18 07:00:00,17.84,18.36,17.73,18.36,2348370,0.013804527885146411
2018-12-19 07:00:00,18.36,18.52,18.17,18.17,1314340,-0.010348583877995532
2018-12-20 07:00:00,18.27,18.68,18.22,18.52,1635620,0.019262520638414937
2018-12-21 07:00:00,18.44,18.57,18.22,18.55,706310,0.0016198704103671524
2018-12-24 07:00:00,18.55,18.96,18.44,18.55,1857900,0.0
2018-12-25 07:00:00,18.11,18.41,17.29,17.87,1827680,-0.03665768194070074
2018-12-26 07:00:00,17.87,18.25,17.76,17.78,1036860,-0.005036373810856198
2018-12-27 07:00:00,18.44,18.79,18.3,18.55,1643520,0.04330708661417315
2018-12-28 07:00:00,18.44,18.77,18.36,18.77,2131820,0.011859838274932644
2019-01-02 07:00:00,18.77,18.77,18.25,18.27,805700,-0.02663825253063401
2019-01-03 07:00:00,18.27,18.44,17.46,17.46,1107500,-0.044334975369458074
2019-01-04 07:00:00,17.18,17.43,16.8,17.21,1457300,-0.014318442153493649
2019-01-07 07:00:00,17.46,18.0,17.46,17.62,806060,0.02382335851249273
2019-01-08 07:00:00,17.78,17.78,17.4,17.46,558540,-0.009080590238365494
2019-01-09 07:00:00,17.62,18.03,17.51,18.0,1075730,0.030927835051546282
2019-01-10 07:00:00,18.0,18.06,17.73,17.73,410690,-0.015000000000000013
2019-01-11 07:00:00,17.73,17.89,17.37,17.4,941940,-0.01861252115059231
2019-01-14 07:00:00,17.4,17.65,17.16,17.4,755920,0.0
2019-01-15 07:00:00,17.32,17.89,17.32,17.73,580710,0.018965517241379404
2019-01-16 07:00:00,17.84,17.87,17.57,17.57,363680,-0.009024252679075029
2019-01-17 07:00:00,17.57,17.67,17.4,17.43,297560,-0.007968127490039834
2019-01-18 07:00:00,17.43,17.62,17.27,17.29,509140,-0.008032128514056214
2019-01-21 07:00:00,17.46,18.19,17.29,17.92,1207560,0.036437246963562986
2019-01-22 07:00:00,17.95,18.06,17.84,17.87,563940,-0.002790178571428603
2019-01-23 07:00:00,17.67,17.92,17.51,17.84,457760,-0.0016787912702854735
2019-01-24 07:00:00,17.76,17.92,17.73,17.73,579540,-0.006165919282511201
2019-01-25 07:00:00,17.84,17.84,17.46,17.48,570980,-0.01410039481105474
2019-01-28 07:00:00,17.48,17.65,17.35,17.4,545190,-0.004576659038901698
2019-01-29 07:00:00,17.4,17.4,17.21,17.29,635890,-0.00632183908045969
2019-01-30 07:00:00,17.4,17.59,17.24,17.29,429410,0.0
2019-01-31 07:00:00,17.57,17.57,17.18,17.18,678130,-0.0063620589936379535
2019-02-01 07:00:00,17.16,17.37,17.13,17.24,537050,0.0034924330616996624
2019-02-11 07:00:00,17.37,17.59,17.35,17.43,631710,0.011020881670533722
2019-02-12 07:00:00,17.48,17.84,17.48,17.7,1395780,0.015490533562822595
2019-02-13 07:00:00,17.76,17.78,17.59,17.73,1557810,0.0016949152542373724
2019-02-14 07:00:00,17.73,17.76,17.65,17.67,1018550,-0.0033840947546530664
2019-02-15 07:00:00,17.65,18.44,17.51,18.08,1622530,0.023203169213355856
2019-02-18 07:00:00,18.27,18.38,18.11,18.27,955540,0.010508849557522293
2019-02-19 07:00:00,18.27,18.41,17.95,17.95,1143130,-0.01751505199781067
2019-02-20 07:00:00,17.89,19.04,17.81,18.55,2361110,0.033426183844011303
2019-02-21 07:00:00,18.68,18.9,18.55,18.68,2157870,0.007008086253369239
2019-02-22 07:00:00,18.66,18.93,18.55,18.55,1459730,-0.006959314775160541
2019-02-25 07:00:00,18.82,18.82,18.38,18.55,1687500,0.0
2019-02-26 07:00:00,18.38,18.55,18.27,18.33,1409740,-0.011859838274932755
2019-02-27 07:00:00,18.33,18.52,18.27,18.33,749060,0.0
2019-02-28 07:00:00,18.33,18.41,17.73,17.73,1793480,-0.032733224222585844
2019-03-01 07:00:00,17.78,18.06,17.78,17.92,1153130,0.010716300056401673
2019-03-04 07:00:00,18.06,18.41,18.0,18.33,918340,0.02287946428571419
2019-03-05 07:00:00,18.11,19.26,18.11,18.87,4215640,0.029459901800327426
2019-03-06 07:00:00,18.87,19.04,18.77,18.96,1601660,0.004769475357710551
2019-03-07 07:00:00,19.09,19.23,18.93,19.04,1702650,0.00421940928270037
2019-03-08 07:00:00,18.79,18.93,18.49,18.55,1808960,-0.025735294117646967
2019-03-11 07:00:00,18.6,18.6,18.25,18.36,1137250,-0.010242587601078212
2019-03-12 07:00:00,18.6,19.37,18.44,19.37,1690500,0.055010893246187464
2019-03-13 07:00:00,19.26,19.61,19.2,19.42,2860920,0.0025813113061434745
2019-03-14 07:00:00,19.42,20.02,19.2,19.75,2651040,0.016992790937178093
2019-03-15 07:00:00,19.75,20.46,19.58,20.29,3180240,0.027341772151898702
2019-03-18 07:00:00,20.29,20.51,20.13,20.35,2925810,0.0029571217348449697
2019-03-19 07:00:00,20.27,20.35,19.91,19.97,2819110,-0.018673218673218805
2019-03-20 07:00:00,19.72,19.91,19.37,19.69,2700620,-0.014021031547320817
2019-03-21 07:00:00,19.77,19.99,18.98,18.98,2239650,-0.03605891315388521
2019-03-22 07:00:00,19.31,19.47,18.98,19.15,1877120,0.008956796628029506
2019-03-25 07:00:00,18.6,19.09,18.27,18.82,2092900,-0.017232375979112202
2019-03-26 07:00:00,19.04,19.15,18.66,18.71,1042090,-0.0058448459086077875
2019-03-27 07:00:00,19.01,19.15,18.71,19.04,1236550,0.01763762693746651
2019-03-28 07:00:00,18.79,19.56,18.79,19.42,2196570,0.019957983193277462
2019-03-29 07:00:00,19.42,19.64,19.42,19.53,1654790,0.005664263645726031
2019-04-01 07:00:00,19.53,19.8,19.26,19.37,909820,-0.008192524321556593
2019-04-02 07:00:00,19.64,19.64,18.98,18.98,1453530,-0.020134228187919545
2019-04-03 07:00:00,18.98,19.69,18.79,19.47,1895710,0.025816649104320355
2019-04-04 07:00:00,19.64,19.64,19.17,19.26,1058540,-0.010785824345146189
2019-04-05 07:00:00,19.26,19.47,18.98,19.12,737650,-0.007268951194184914
2019-04-08 07:00:00,18.98,19.39,18.98,19.37,1042660,0.013075313807531463
2019-04-09 07:00:00,19.37,19.75,19.37,19.5,2081540,0.006711409395973034
2019-04-10 07:00:00,19.5,19.53,19.2,19.2,522520,-0.015384615384615441
2019-04-11 07:00:00,19.26,19.37,19.07,19.17,643960,-0.0015624999999999112
2019-04-12 07:00:00,19.15,19.2,18.93,18.96,894410,-0.010954616588419452
2019-04-16 07:00:00,18.87,19.42,18.66,19.37,1404520,0.021624472573839704
2019-04-17 07:00:00,19.37,19.37,18.98,18.98,852450,-0.020134228187919545
2019-04-18 07:00:00,18.98,19.31,18.9,18.98,1016060,0.0
2019-04-19 07:00:00,18.98,19.2,18.93,19.01,293870,0.0015806111696523573
2019-04-22 07:00:00,19.01,19.01,18.52,18.66,687460,-0.018411362440820644
2019-04-23 07:00:00,18.87,18.87,18.52,18.66,1005740,0.0
2019-04-24 07:00:00,18.82,18.98,18.71,18.87,538100,0.0112540192926045
2019-04-25 07:00:00,18.87,19.09,18.82,18.82,464620,-0.002649708532061479
2019-04-26 07:00:00,18.82,19.04,18.82,18.98,484200,0.008501594048884176
2019-05-02 07:00:00,19.09,19.09,18.82,18.82,483460,-0.008429926238145424
2019-05-03 07:00:00,18.82,18.98,18.66,18.66,555330,-0.008501594048884176
2019-05-06 07:00:00,18.36,18.49,18.0,18.06,1220260,-0.032154340836012985
2019-05-07 07:00:00,18.17,18.49,17.95,18.06,949150,0.0
2019-05-08 07:00:00,17.84,18.0,17.65,17.65,1127910,-0.02270210409745299
2019-05-09 07:00:00,17.81,17.89,16.91,16.97,1937960,-0.03852691218130311
2019-05-10 07:00:00,17.18,17.57,17.13,17.46,1098030,0.028874484384207477
2019-05-13 07:00:00,17.46,17.89,17.46,17.84,778440,0.021764032073310347
2019-05-14 07:00:00,17.7,17.78,17.46,17.67,1091640,-0.009529147982062725
2019-05-15 07:00:00,17.78,18.06,17.62,17.95,1460060,0.015846066779852785
2019-05-16 07:00:00,17.97,18.0,17.7,17.78,776200,-0.009470752089136392
2019-05-17 07:00:00,17.84,17.84,17.46,17.54,938600,-0.013498312710911287
2019-05-20 07:00:00,17.51,17.95,17.51,17.84,960860,0.01710376282782211
2019-05-21 07:00:00,17.84,18.14,17.78,18.03,1716340,0.01065022421524664
2019-05-22 07:00:00,18.11,18.33,18.03,18.11,1262730,0.00443704936217415
2019-05-23 07:00:00,18.0,18.22,17.78,18.22,795270,0.006073992269464368
2019-05-24 07:00:00,18.06,18.14,17.73,17.73,1510920,-0.02689352360043895
2019-05-27 07:00:00,17.73,17.84,17.67,17.78,526030,0.0028200789622110367
2019-05-28 07:00:00,17.73,17.89,17.54,17.62,881610,-0.008998875140607376
2019-05-29 07:00:00,17.62,17.7,17.43,17.46,896960,-0.009080590238365494
2019-05-30 07:00:00,17.57,17.62,17.35,17.35,671830,-0.006300114547537206
2019-05-31 07:00:00,17.27,17.4,17.16,17.18,914150,-0.009798270893371819
2019-06-03 07:00:00,17.13,17.18,16.69,16.69,1299050,-0.02852153667054702
2019-06-04 07:00:00,16.69,17.46,16.67,17.46,867040,0.046135410425404366
2019-06-05 07:00:00,17.46,17.57,17.13,17.13,482730,-0.01890034364261184
2019-06-06 07:00:00,17.13,17.29,16.86,17.07,329600,-0.003502626970227629
2019-06-07 07:00:00,17.07,17.29,17.07,17.29,459310,0.01288810779144689
2019-06-10 07:00:00,17.35,17.51,17.29,17.29,471530,0.0
2019-06-11 07:00:00,17.35,17.46,17.24,17.4,584390,0.0063620589936379535
2019-06-12 07:00:00,17.29,17.4,17.16,17.18,351310,-0.012643678160919491
2019-06-13 07:00:00,17.13,17.32,17.13,17.18,289140,0.0
2019-06-14 07:00:00,17.29,17.59,17.18,17.54,1589620,0.020954598370197974
2019-06-17 07:00:00,17.57,17.76,17.43,17.51,693710,-0.0017103762827820335
2019-06-18 07:00:00,17.4,17.51,17.29,17.46,273680,-0.002855511136493516
2019-06-19 07:00:00,17.46,17.67,17.43,17.46,461820,0.0
2019-06-20 07:00:00,17.46,17.84,17.4,17.81,1142380,0.02004581901489111
2019-06-21 07:00:00,17.84,17.97,17.7,17.73,501660,-0.004491858506456947
2019-06-24 07:00:00,17.81,18.0,17.67,17.78,750120,0.0028200789622110367
2019-06-25 07:00:00,17.78,17.84,17.51,17.51,734450,-0.015185601799775017
2019-06-26 07:00:00,17.46,17.76,17.4,17.73,1052510,0.01256424900057107
2019-06-27 07:00:00,17.7,17.7,17.46,17.46,664820,-0.015228426395939021
2019-06-28 07:00:00,17.46,17.57,17.13,17.29,653190,-0.009736540664375792
2019-07-01 07:00:00,17.57,17.73,17.51,17.65,550440,0.020821283979178595
2019-07-02 07:00:00,17.51,17.67,17.48,17.48,454740,-0.009631728045325638
2019-07-03 07:00:00,17.46,17.67,17.46,17.51,409880,0.0017162471395881784
2019-07-04 07:00:00,17.67,17.92,17.57,17.89,1147150,0.02170188463735001
2019-07-05 07:00:00,17.81,18.11,17.78,17.89,1204780,0.0
2019-07-08 07:00:00,17.95,17.95,17.67,17.76,564180,-0.007266629401900482
2019-07-09 07:00:00,17.67,17.84,17.67,17.78,403680,0.0011261261261261701
2019-07-10 07:00:00,17.78,17.92,17.67,17.67,699090,-0.00618672665916753
2019-07-11 07:00:00,17.78,18.27,17.67,18.25,2461040,0.032823995472552214
2019-07-12 07:00:00,18.27,18.44,18.17,18.22,1417000,-0.0016438356164384382
2019-07-15 07:00:00,18.17,18.27,18.14,18.17,913470,-0.0027442371020854894
2019-07-16 07:00:00,18.25,18.85,18.25,18.85,3287930,0.03742432581177768
2019-07-17 07:00:00,18.82,19.04,18.68,18.85,1551860,0.0
2019-07-18 07:00:00,18.79,18.93,18.66,18.93,1442460,0.0042440318302385815
2019-07-19 07:00:00,19.09,19.31,18.93,19.04,1713010,0.005810882197569978
2019-07-22 07:00:00,19.2,19.61,19.09,19.5,2863060,0.024159663865546355
2019-07-23 07:00:00,19.5,19.5,18.93,19.23,2132860,-0.013846153846153841
2019-07-24 07:00:00,19.31,19.31,18.66,18.79,1886280,-0.02288091523660951
2019-07-25 07:00:00,18.71,19.2,18.71,19.2,1316210,0.021820117083555024
2019-07-26 07:00:00,19.09,19.58,19.09,19.53,2184360,0.017187500000000133
2019-07-29 07:00:00,19.47,19.53,19.26,19.53,1351320,0.0
2019-07-30 07:00:00,19.42,19.42,19.07,19.09,1623110,-0.022529441884280632
2019-07-31 07:00:00,19.09,19.37,18.93,19.37,933640,0.014667365112624564
2019-08-01 07:00:00,19.37,19.37,19.12,19.34,744670,-0.0015487867836861957
2019-08-02 07:00:00,19.09,19.64,19.04,19.53,1824090,0.009824198552223384
2019-08-05 07:00:00,19.37,19.53,19.34,19.53,1969000,0.0
2019-08-06 07:00:00,18.82,19.45,18.82,19.2,1229640,-0.016897081413210557
2019-08-07 07:00:00,19.28,19.37,18.93,18.93,1081380,-0.014062499999999978
2019-08-08 07:00:00,18.93,19.17,18.9,18.93,908980,0.0
2019-08-09 07:00:00,19.09,19.09,18.66,18.93,997910,0.0
2019-08-12 07:00:00,19.01,19.31,18.57,19.28,1373320,0.018489170628631868
2019-08-13 07:00:00,19.12,19.31,18.96,19.04,817060,-0.012448132780083054
2019-08-14 07:00:00,19.26,19.31,18.96,19.15,520650,0.005777310924369727
2019-08-15 07:00:00,18.82,19.15,18.82,19.15,551130,0.0
2019-08-16 07:00:00,19.09,20.02,19.04,19.64,3237040,0.025587467362924388
2019-08-19 07:00:00,19.91,20.18,19.8,20.02,1132960,0.019348268839103788
2019-08-20 07:00:00,20.16,20.16,19.94,20.07,800200,0.0024975024975024684
2019-08-21 07:00:00,19.91,20.87,19.91,20.65,2691400,0.028898854010961594
2019-08-22 07:00:00,20.73,20.78,20.46,20.51,1618940,-0.006779661016949046
2019-08-23 07:00:00,20.62,20.62,20.27,20.48,977030,-0.0014627011214042307
2019-08-26 07:00:00,20.13,20.65,19.97,20.65,1806980,0.00830078125
2019-08-27 07:00:00,20.89,20.95,20.46,20.46,1170790,-0.00920096852300234
2019-08-28 07:00:00,20.46,20.73,20.4,20.51,932680,0.0024437927663734094
2019-08-29 07:00:00,20.51,20.67,20.37,20.67,1330160,0.007801072647489082
2019-08-30 07:00:00,20.84,21.17,20.7,21.14,2186980,0.022738268021286867
2019-09-03 07:00:00,21.17,21.33,21.08,21.11,830420,-0.0014191106906339401
2019-09-04 07:00:00,21.11,21.17,20.73,21.06,921560,-0.002368545712932324
2019-09-05 07:00:00,21.17,21.3,21.0,21.0,939140,-0.002849002849002802
2019-09-06 07:00:00,21.0,21.0,20.48,20.73,1528000,-0.01285714285714279
2019-09-09 07:00:00,20.73,20.78,20.59,20.78,801830,0.002411963338157186
2019-09-10 07:00:00,20.7,21.06,20.62,20.89,1003930,0.005293551491819093
2019-09-11 07:00:00,20.73,20.95,20.7,20.84,519270,-0.002393489707994245
2019-09-12 07:00:00,20.92,21.14,20.73,21.08,1763420,0.011516314779270509
2019-09-13 07:00:00,21.19,21.74,21.06,21.74,2303060,0.03130929791271342
2019-09-16 07:00:00,21.74,22.26,21.71,21.82,1250810,0.0036798528058878954
2019-09-17 07:00:00,21.66,22.37,21.49,22.37,1566850,0.025206232813932195
2019-09-18 07:00:00,22.31,22.5,22.12,22.45,1630310,0.0035762181493070866
2019-09-19 07:00:00,22.47,22.5,22.23,22.26,1029490,-0.008463251670378535
2019-09-20 07:00:00,22.26,22.42,21.71,21.82,2204400,-0.019766397124887702
2019-09-23 07:00:00,21.66,22.09,21.6,21.63,1089550,-0.00870760769935841
2019-09-24 07:00:00,21.71,21.82,21.52,21.52,821180,-0.005085529357373941
2019-09-25 07:00:00,21.41,21.77,21.22,21.77,1445080,0.011617100371747124
2019-09-26 07:00:00,21.77,22.2,21.77,21.9,888310,0.005971520440973821
2019-09-27 07:00:00,21.98,22.04,21.85,21.96,876890,0.00273972602739736
2019-09-30 07:00:00,21.93,22.17,21.49,21.49,1429150,-0.021402550091074835
2019-10-01 07:00:00,21.49,21.82,21.49,21.82,862420,0.01535597952536083
2019-10-02 07:00:00,21.82,22.26,21.79,21.93,1505190,0.005041246562786483
2019-10-03 07:00:00,21.71,22.5,21.68,22.5,1939160,0.025991792065663377
2019-10-04 07:00:00,22.53,22.72,22.09,22.09,884430,-0.01822222222222225
2019-10-07 07:00:00,22.31,22.31,21.82,22.04,807180,-0.002263467632412919
2019-10-08 07:00:00,22.04,22.42,21.87,22.42,650420,0.017241379310344973
2019-10-09 07:00:00,22.42,22.8,22.26,22.5,1415560,0.003568242640499486
2019-10-10 07:00:00,22.5,22.75,22.37,22.37,1054690,-0.005777777777777771
2019-10-11 07:00:00,22.37,22.47,22.2,22.26,552640,-0.004917299955297216
2019-10-14 07:00:00,22.37,22.88,22.28,22.45,1381960,0.008535489667565122
2019-10-15 07:00:00,22.37,22.67,22.37,22.58,631810,0.00579064587973277
2019-10-16 07:00:00,22.58,22.72,22.45,22.45,650130,-0.005757307351638596
2019-10-17 07:00:00,22.56,22.56,22.26,22.26,801110,-0.008463251670378535
2019-10-18 07:00:00,22.26,22.26,21.82,21.87,1225560,-0.01752021563342321
2019-10-21 07:00:00,21.66,21.82,21.44,21.44,1281520,-0.019661636945587535
2019-10-22 07:00:00,21.44,21.82,21.44,21.82,566150,0.017723880597014796
2019-10-23 07:00:00,21.82,21.98,21.74,21.87,455760,0.0022914757103575933
2019-10-24 07:00:00,21.87,22.09,21.68,21.98,513170,0.005029721079103711
2019-10-25 07:00:00,21.82,22.12,21.71,21.93,968770,-0.0022747952684258888
2019-10-28 07:00:00,22.42,22.47,22.15,22.15,800080,0.010031919744641904
2019-10-29 07:00:00,22.31,22.31,21.82,22.15,921380,0.0
2019-10-30 07:00:00,22.09,22.26,21.9,21.93,760410,-0.009932279909706465
2019-10-31 07:00:00,21.93,22.2,21.85,22.15,777680,0.010031919744641904
2019-11-01 07:00:00,22.09,22.42,21.98,22.37,1180640,0.009932279909706576
2019-11-04 07:00:00,22.42,23.16,22.42,23.02,1744250,0.029056772463120106
2019-11-05 07:00:00,23.07,23.18,22.99,23.18,898400,0.0069504778453519656
2019-11-06 07:00:00,23.1,23.29,23.02,23.02,821030,-0.00690250215703192
2019-11-07 07:00:00,23.3,23.58,23.02,23.47,1105060,0.01954821894005221
2019-11-08 07:00:00,23.58,23.7,23.25,23.3,729880,-0.0072432893054963365
2019-11-11 07:00:00,23.27,23.64,23.19,23.3,724450,0.0
2019-11-12 07:00:00,23.36,23.81,23.3,23.75,1499510,0.0193133047210301
2019-11-13 07:00:00,23.81,24.2,23.81,24.2,1804440,0.0189473684210526
2019-11-14 07:00:00,24.26,24.26,23.75,23.98,811080,-0.009090909090909038
2019-11-15 07:00:00,24.06,24.09,23.7,23.7,627650,-0.011676396997498006
2019-11-18 07:00:00,23.58,23.81,23.27,23.3,958470,-0.016877637130801593
2019-11-19 07:00:00,23.3,23.53,23.19,23.5,676040,0.008583690987124415
2019-11-20 07:00:00,23.64,23.64,23.27,23.44,246520,-0.002553191489361617
2019-11-21 07:00:00,23.42,23.53,23.22,23.25,611690,-0.008105802047781663
2019-11-22 07:00:00,23.42,23.42,22.46,22.68,1041320,-0.024516129032258083
2019-11-25 07:00:00,22.68,22.91,22.29,22.4,822450,-0.012345679012345734
2019-11-26 07:00:00,22.74,22.88,22.46,22.57,406540,0.007589285714285854
2019-11-27 07:00:00,22.63,23.36,22.63,23.02,1060810,0.01993797075764281
2019-11-28 07:00:00,23.13,23.13,22.82,22.94,396280,-0.0034752389226758718
2019-11-29 07:00:00,22.85,23.08,22.85,22.85,391620,-0.003923278116826467
2019-12-02 07:00:00,22.74,22.74,22.23,22.23,702050,-0.02713347921225384
2019-12-03 07:00:00,22.23,22.6,22.0,22.4,786830,0.007647323436797082
2019-12-04 07:00:00,22.4,22.88,22.34,22.77,352310,0.01651785714285725
2019-12-05 07:00:00,22.88,22.91,22.37,22.57,393640,-0.008783487044356608
2019-12-06 07:00:00,22.4,22.68,22.31,22.37,374930,-0.00886132033673015
2019-12-09 07:00:00,22.57,22.57,22.37,22.57,358570,0.008940545373267828
2019-12-10 07:00:00,22.57,22.77,22.43,22.51,415660,-0.002658396101019034
2019-12-11 07:00:00,22.51,22.63,22.46,22.63,280130,0.005330964015992867
2019-12-12 07:00:00,22.91,23.13,22.68,23.13,724090,0.022094564737074718
2019-12-13 07:00:00,23.13,23.67,23.13,23.64,1426060,0.022049286640726473
2019-12-16 07:00:00,23.81,23.84,23.42,23.64,841690,0.0
2019-12-17 07:00:00,23.58,23.64,23.3,23.39,580480,-0.010575296108290999
2019-12-18 07:00:00,23.19,24.01,23.19,23.7,1478200,0.013253527148354038
2019-12-19 07:00:00,23.75,23.95,23.36,23.81,702550,0.004641350210970341
2019-12-20 07:00:00,23.7,24.15,23.7,24.12,712940,0.01301973960520808
2019-12-23 07:00:00,24.12,25.36,24.12,25.25,2442660,0.04684908789386388
2019-12-24 07:00:00,25.14,25.47,24.99,25.33,741520,0.003168316831683171
2019-12-25 07:00:00,24.88,25.53,24.88,25.5,585450,0.006711409395973256
2019-12-26 07:00:00,25.42,25.59,24.94,24.94,525840,-0.02196078431372539
2019-12-27 07:00:00,24.94,26.07,24.83,26.07,1098010,0.04530874097834792
2019-12-30 07:00:00,26.12,26.6,25.95,26.01,872650,-0.0023014959723820505
2019-12-31 07:00:00,26.07,26.24,25.9,26.04,630410,0.0011534025374855261
2020-01-02 07:00:00,25.95,26.63,25.9,26.46,872620,0.016129032258064502
2020-01-03 07:00:00,26.72,26.8,26.35,26.35,603940,-0.004157218442932709
2020-01-06 07:00:00,26.35,26.35,25.84,25.84,794490,-0.01935483870967747
2020-01-07 07:00:00,25.84,26.35,25.5,26.35,526890,0.019736842105263275
2020-01-08 07:00:00,25.95,27.03,25.84,26.57,1230830,0.008349146110056882
2020-01-09 07:00:00,26.94,28.15,26.86,28.01,1573190,0.05419646217538587
2020-01-10 07:00:00,28.01,29.34,27.99,28.94,1506410,0.03320242770439119
2020-01-13 07:00:00,28.15,29.06,27.93,28.27,544740,-0.023151347615756768
2020-01-14 07:00:00,28.27,29.06,28.15,28.27,752200,0.0
2020-01-15 07:00:00,28.15,28.94,28.15,28.78,695290,0.01804032543332168
2020-01-16 07:00:00,28.78,30.52,28.78,30.47,1004080,0.05872133425990267
2020-01-17 07:00:00,30.52,30.81,29.96,30.19,643490,-0.00918936659008851
2020-01-20 07:00:00,30.19,30.58,30.02,30.07,761650,-0.003974826101358131
2020-01-21 07:00:00,30.07,30.75,30.07,30.47,609600,0.01330229464582633
2020-01-22 07:00:00,30.47,31.48,30.35,31.31,781390,0.027568099770265864
2020-01-30 07:00:00,30.75,30.98,29.34,29.73,1388710,-0.050463110827211666
2020-01-31 07:00:00,29.51,30.24,29.06,29.06,1154570,-0.02253615876219317
2020-02-03 07:00:00,28.1,31.03,27.03,30.19,1562560,0.03888506538196834
2020-02-04 07:00:00,30.69,30.86,30.24,30.69,1406270,0.016561775422325287
2020-02-05 07:00:00,30.98,31.14,30.19,30.19,718710,-0.016291951775822766
2020-02-06 07:00:00,30.13,30.52,29.9,30.02,1469930,-0.005631003643590704
2020-02-07 07:00:00,29.73,30.07,29.11,29.17,1501140,-0.028314457028647544
2020-02-10 07:00:00,28.72,28.89,27.7,27.7,1111680,-0.05039424065821052
2020-02-11 07:00:00,27.7,29.0,27.7,28.66,917080,0.034657039711191384
2020-02-12 07:00:00,29.06,29.23,28.61,28.66,704550,0.0
2020-02-13 07:00:00,28.61,28.78,28.15,28.44,578820,-0.007676203768318124
2020-02-14 07:00:00,28.27,28.55,28.21,28.21,627040,-0.008087201125175802
2020-02-17 07:00:00,28.32,29.06,28.27,29.06,863730,0.030131159163417243
2020-02-18 07:00:00,29.28,29.68,29.06,29.34,879430,0.009635237439779898
2020-02-19 07:00:00,29.34,29.4,28.89,28.94,372250,-0.013633265167007469
2020-02-20 07:00:00,29.28,29.34,28.89,28.94,552810,0.0
2020-02-21 07:00:00,28.94,28.94,27.51,27.93,2619020,-0.03489979267449905
2020-02-24 07:00:00,27.2,27.53,26.12,26.12,1081210,-0.06480486931614748
2020-02-25 07:00:00,25.39,27.53,25.39,27.53,878610,0.053981623277182145
2020-02-26 07:00:00,26.86,27.25,26.43,26.52,626350,-0.03668725027243014
2020-02-27 07:00:00,26.52,26.91,26.21,26.57,722680,0.0018853695324283493
2020-02-28 07:00:00,25.95,26.18,25.42,25.67,972320,-0.03387278885961609
2020-03-02 07:00:00,25.9,25.9,25.39,25.47,568290,-0.0077911959485782445
2020-03-03 07:00:00,26.41,26.94,25.78,26.46,1016900,0.03886925795053009
2020-03-04 07:00:00,26.52,26.52,25.9,26.04,658350,-0.015873015873015928
2020-03-05 07:00:00,26.26,26.66,26.24,26.32,872610,0.010752688172043001
2020-03-06 07:00:00,25.67,26.6,25.67,26.43,555990,0.0041793313069908855
2020-03-09 07:00:00,24.66,25.22,24.6,24.6,944020,-0.0692395005675368
2020-03-10 07:00:00,23.98,24.83,23.3,23.92,1366220,-0.027642276422764178
2020-03-11 07:00:00,24.54,24.54,22.26,22.26,1522030,-0.0693979933110368
2020-03-12 07:00:00,20.74,21.27,20.71,20.71,1531140,-0.06963162623539987
2020-03-13 07:00:00,19.27,20.71,19.27,19.75,2330290,-0.04635441815548047
2020-03-16 07:00:00,19.75,20.28,18.37,18.51,2191590,-0.06278481012658221
2020-03-17 07:00:00,17.27,19.13,17.27,19.07,1774340,0.03025391680172862
2020-03-18 07:00:00,19.18,20.03,19.16,19.49,1743970,0.02202412165705292
2020-03-19 07:00:00,19.16,19.3,18.48,18.84,906470,-0.03335043612108768
2020-03-20 07:00:00,18.96,19.21,18.56,18.68,771320,-0.00849256900212314
2020-03-23 07:00:00,17.49,18.0,17.38,17.38,2728710,-0.06959314775160608
2020-03-24 07:00:00,17.49,18.03,17.32,17.83,1227020,0.02589182968929804
2020-03-25 07:00:00,18.84,18.87,18.51,18.73,1611980,0.05047672462142461
2020-03-26 07:00:00,18.62,19.3,18.14,18.79,1148580,0.0032034169781098853
2020-03-27 07:00:00,18.68,19.04,18.28,18.62,1128210,-0.009047365620010517
2020-03-30 07:00:00,17.49,18.0,17.32,17.43,1369430,-0.06390977443609025
2020-03-31 07:00:00,18.06,18.14,16.64,17.41,1018770,-0.0011474469305794432
2020-04-01 07:00:00,17.43,18.62,17.38,18.11,1190960,0.04020677771395742
2020-04-03 07:00:00,18.39,19.35,18.39,19.35,1547020,0.06847045831032594
2020-04-06 07:00:00,20.14,20.71,19.8,20.71,1881640,0.07028423772609815
2020-04-07 07:00:00,21.16,21.27,20.31,20.88,1793050,0.008208594881699671
2020-04-08 07:00:00,20.2,21.44,19.8,21.41,1456160,0.025383141762452155
2020-04-09 07:00:00,21.41,21.78,21.24,21.27,1349000,-0.006539000467071454
2020-04-10 07:00:00,21.05,21.33,20.71,20.82,1198580,-0.021156558533145242
2020-04-13 07:00:00,20.71,21.27,20.65,20.96,1056950,0.00672430355427478
2020-04-14 07:00:00,20.9,21.19,20.2,20.59,1220360,-0.01765267175572527
2020-04-15 07:00:00,20.71,21.27,20.71,21.05,1107070,0.022340942204953862
2020-04-16 07:00:00,20.99,21.05,20.74,21.05,1210270,0.0
2020-04-17 07:00:00,21.36,21.55,20.99,21.1,1151710,0.002375296912114022
2020-04-20 07:00:00,21.38,21.44,20.85,20.93,1371830,-0.00805687203791472
2020-04-21 07:00:00,20.31,20.76,19.58,19.58,2238980,-0.06450071667462975
2020-04-22 07:00:00,18.68,20.9,18.68,20.42,1413800,0.042900919305413954
2020-04-23 07:00:00,20.88,20.99,20.37,20.42,789930,0.0
2020-04-24 07:00:00,20.57,20.57,19.92,20.31,592910,-0.0053868756121451256
2020-04-27 07:00:00,20.42,20.54,19.8,19.8,1205680,-0.025110782865583325
2020-04-28 07:00:00,19.8,20.2,19.47,19.83,589490,0.0015151515151514694
2020-04-29 07:00:00,20.09,20.26,19.75,20.09,595490,0.013111447302067702
2020-05-04 07:00:00,20.09,20.54,19.8,19.92,655630,-0.008461921353907331
2020-05-05 07:00:00,19.92,20.2,19.86,19.92,427650,0.0
2020-05-06 07:00:00,20.0,20.31,19.92,20.31,739320,0.019578313253011848
2020-05-07 07:00:00,20.48,21.21,20.48,21.19,2524450,0.04332840965041873
2020-05-08 07:00:00,21.41,22.17,21.19,21.44,2563570,0.011798017932987293
2020-05-11 07:00:00,21.72,22.0,21.41,21.72,1209730,0.013059701492537101
2020-05-12 07:00:00,21.61,21.81,21.41,21.75,1645960,0.0013812154696133394
2020-05-13 07:00:00,21.61,22.46,21.33,22.34,2725900,0.027126436781609087
2020-05-14 07:00:00,22.0,22.85,22.0,22.4,1994890,0.0026857654431511335
2020-05-15 07:00:00,22.46,22.63,21.67,21.78,1909780,-0.02767857142857133
2020-05-18 07:00:00,21.69,21.95,21.44,21.95,1864370,0.007805325987144007
2020-05-19 07:00:00,22.51,22.51,21.95,22.06,1686240,0.005011389521640153
2020-05-20 07:00:00,22.0,22.17,21.72,22.09,900670,0.0013599274705349274
2020-05-21 07:00:00,22.29,22.65,22.26,22.4,2474770,0.014033499320959653
2020-05-22 07:00:00,22.4,22.57,22.17,22.17,1140830,-0.01026785714285705
2020-05-25 07:00:00,22.17,22.46,22.0,22.37,888300,0.009021199819575942
2020-05-26 07:00:00,22.43,23.7,22.43,23.7,2954120,0.059454626732230675
2020-05-27 07:00:00,24.12,24.12,22.46,22.46,2293240,-0.052320675105485215
2020-05-28 07:00:00,22.57,23.1,22.46,22.96,1913890,0.022261798753339335
2020-05-29 07:00:00,22.79,22.85,22.46,22.63,1669730,-0.014372822299651644
2020-06-01 07:00:00,22.74,23.44,22.71,23.39,1104330,0.03358373840035367
2020-06-02 07:00:00,23.42,23.64,22.85,22.88,1496600,-0.02180418982471144
2020-06-03 07:00:00,23.08,23.25,22.85,23.13,896130,0.010926573426573327
2020-06-04 07:00:00,23.25,23.87,23.19,23.58,2013380,0.01945525291828787
2020-06-05 07:00:00,23.58,23.81,23.27,23.75,1216160,0.007209499575911771
2020-06-08 07:00:00,24.09,24.83,23.98,24.83,2487930,0.04547368421052633
2020-06-09 07:00:00,24.88,24.88,24.43,24.46,1119590,-0.014901329037454558
2020-06-10 07:00:00,24.32,24.88,23.98,24.54,1297400,0.003270645952575535
2020-06-11 07:00:00,24.54,24.66,22.85,22.85,2386670,-0.06886715566422164
2020-06-12 07:00:00,22.29,23.98,22.29,23.98,1913590,0.049452954048140096
2020-06-15 07:00:00,23.87,23.87,22.51,22.51,1503480,-0.06130108423686398
2020-06-16 07:00:00,23.42,23.47,22.85,22.96,958780,0.01999111505997342
2020-06-17 07:00:00,22.96,23.19,22.48,22.74,817560,-0.009581881533101133
2020-06-18 07:00:00,22.74,22.91,22.57,22.85,629450,0.004837291116974729
2020-06-19 07:00:00,23.25,23.39,22.96,23.39,720420,0.023632385120350152
2020-06-22 07:00:00,23.42,23.61,23.02,23.3,622920,-0.003847798204360875
2020-06-23 07:00:00,23.16,23.33,22.85,22.96,1110100,-0.014592274678111528
2020-06-24 07:00:00,22.96,23.25,22.68,22.74,692090,-0.009581881533101133
2020-06-25 07:00:00,22.57,22.71,22.46,22.57,791820,-0.007475813544415066
2020-06-26 07:00:00,23.08,23.08,22.4,22.51,717380,-0.002658396101019034
2020-06-29 07:00:00,22.17,22.29,21.67,21.72,1334210,-0.03509551310528669
2020-06-30 07:00:00,22.0,22.03,21.33,21.38,862060,-0.015653775322283625
2020-07-01 07:00:00,21.38,22.23,21.38,22.12,769310,0.034611786716557624
2020-07-02 07:00:00,22.26,22.26,21.84,22.0,501500,-0.005424954792043413
2020-07-03 07:00:00,22.15,22.17,21.89,22.06,547350,0.0027272727272726893
2020-07-06 07:00:00,22.23,22.68,22.06,22.63,757690,0.025838621940163176
2020-07-07 07:00:00,22.79,23.05,22.71,22.91,1097570,0.012372956252761913
2020-07-08 07:00:00,22.85,22.96,22.57,22.88,768660,-0.0013094718463553257
2020-07-09 07:00:00,22.88,23.64,22.88,23.47,1531780,0.025786713286713336
2020-07-10 07:00:00,23.25,23.5,22.99,23.42,1030790,-0.0021303792074988115
2020-07-13 07:00:00,23.5,23.61,23.13,23.3,1039520,-0.005123825789923209
2020-07-14 07:00:00,23.05,23.3,22.96,23.27,990800,-0.0012875536480687622
2020-07-15 07:00:00,23.53,23.53,23.3,23.33,690440,0.0025784271594326835
2020-07-16 07:00:00,23.33,23.36,23.13,23.33,473290,0.0
2020-07-17 07:00:00,23.36,23.61,23.36,23.47,1343600,0.0060008572653236225
2020-07-20 07:00:00,23.53,23.56,23.02,23.02,832370,-0.019173412867490414
2020-07-21 07:00:00,23.13,23.13,22.77,23.02,374580,0.0
2020-07-22 07:00:00,23.13,23.13,22.29,22.57,750600,-0.019548218940052098
2020-07-23 07:00:00,22.57,22.82,22.37,22.48,764300,-0.003987594151528606
2020-07-24 07:00:00,22.48,22.48,21.3,21.55,1807770,-0.04137010676156583
2020-07-27 07:00:00,20.31,21.33,20.06,20.06,1545430,-0.06914153132250589
2020-07-28 07:00:00,20.31,21.36,20.31,21.36,1193550,0.06480558325024921
2020-07-29 07:00:00,20.76,20.99,20.2,20.85,725660,-0.023876404494381887
2020-07-30 07:00:00,21.16,21.16,20.31,20.99,419920,0.006714628297362024
2020-07-31 07:00:00,20.31,21.02,20.31,20.68,479890,-0.01476893758932818
2020-08-03 07:00:00,20.48,21.07,20.48,20.99,646640,0.014990328820116083
2020-08-04 07:00:00,21.44,21.44,21.16,21.38,494030,0.018580276322058165
2020-08-05 07:00:00,21.33,22.0,21.21,21.86,911970,0.022450888681010417
2020-08-06 07:00:00,21.81,21.95,21.55,21.58,597260,-0.012808783165599302
2020-08-07 07:00:00,21.58,21.78,21.41,21.5,532060,-0.003707136237256603
2020-08-10 07:00:00,21.69,21.84,21.5,21.5,534820,0.0
2020-08-11 07:00:00,21.64,21.78,21.5,21.72,780760,0.01023255813953483
2020-08-12 07:00:00,21.78,22.2,21.78,22.12,963310,0.018416206261510304
2020-08-13 07:00:00,22.29,22.4,22.17,22.37,673490,0.011301989150090508
2020-08-14 07:00:00,22.2,22.34,21.89,22.0,985710,-0.016540008940545414
2020-08-17 07:00:00,21.95,22.0,21.69,21.84,631010,-0.0072727272727273196
2020-08-18 07:00:00,22.0,22.0,21.67,21.67,663290,-0.007783882783882645
2020-08-19 07:00:00,21.67,21.92,21.67,21.78,346360,0.0050761421319796
2020-08-20 07:00:00,21.78,21.92,21.58,21.58,859310,-0.009182736455463858
2020-08-21 07:00:00,21.67,22.15,21.67,21.98,1098410,0.018535681186283792
2020-08-24 07:00:00,22.29,22.51,22.12,22.37,940780,0.017743403093721577
2020-08-25 07:00:00,22.51,22.57,22.23,22.29,886570,-0.0035762181493071976
2020-08-26 07:00:00,22.29,22.29,22.17,22.2,831700,-0.004037685060565233
2020-08-27 07:00:00,22.17,22.23,22.0,22.06,1095260,-0.006306306306306353
2020-08-28 07:00:00,22.29,23.13,22.17,22.88,3032570,0.03717135086128742
2020-08-31 07:00:00,22.91,23.3,22.88,23.1,2006450,0.009615384615384803
2020-09-01 07:00:00,22.85,23.36,22.79,23.36,2124220,0.011255411255411074
2020-09-03 07:00:00,23.42,23.81,23.25,23.81,2666170,0.019263698630136883
2020-09-04 07:00:00,23.3,23.87,23.27,23.75,2001840,-0.002519949601007876
2020-09-07 07:00:00,23.81,23.81,22.91,22.91,2246440,-0.035368421052631605
2020-09-08 07:00:00,23.02,23.13,22.6,23.05,1261510,0.006110868616324705
2020-09-09 07:00:00,22.68,23.1,22.63,23.02,804160,-0.0013015184381779399
2020-09-10 07:00:00,23.19,23.22,22.85,22.85,846810,-0.007384882710686269
2020-09-11 07:00:00,22.85,22.94,22.71,22.82,773230,-0.0013129102844638973
2020-09-14 07:00:00,22.88,23.02,22.82,22.85,931340,0.0013146362839615566
2020-09-15 07:00:00,22.96,23.25,22.79,22.99,1109810,0.006126914660831373
2020-09-16 07:00:00,23.08,23.08,22.82,22.88,546300,-0.004784688995215336
2020-09-17 07:00:00,22.96,23.19,22.74,22.85,1520660,-0.001311188811188746
2020-09-18 07:00:00,22.91,23.13,22.85,23.13,1401990,0.012253829321662968
2020-09-21 07:00:00,23.25,23.42,22.96,23.02,1006520,-0.0047557284911370346
2020-09-22 07:00:00,22.96,23.08,22.82,22.96,1160730,-0.0026064291920069316
2020-09-23 07:00:00,23.02,23.64,23.02,23.36,2105880,0.017421602787456303
2020-09-24 07:00:00,23.25,23.44,23.02,23.08,1523780,-0.011986301369863117
2020-09-25 07:00:00,23.13,23.19,22.88,23.02,1334760,-0.0025996533795493715
2020-09-28 07:00:00,23.16,23.53,23.02,23.3,1952000,0.012163336229365829
2020-09-29 07:00:00,23.42,23.67,22.91,22.94,2022020,-0.015450643776824036
2020-09-30 07:00:00,22.96,23.08,22.85,23.02,933550,0.0034873583260679464
2020-10-01 07:00:00,23.02,23.22,23.02,23.1,1157830,0.0034752389226759828
2020-10-02 07:00:00,23.13,23.39,21.72,22.94,1758990,-0.006926406926406892
2020-10-05 07:00:00,23.13,23.13,22.68,22.79,1567920,-0.006538796861377594
2020-10-06 07:00:00,22.88,23.02,22.74,22.82,1507790,0.0013163668275559814
2020-10-07 07:00:00,22.79,23.08,22.74,22.82,1177720,0.0
2020-10-08 07:00:00,22.91,22.94,22.46,22.79,1893390,-0.0013146362839614456
2020-10-09 07:00:00,22.74,22.85,22.63,22.77,849330,-0.000877577885037284
2020-10-12 07:00:00,23.47,23.67,22.96,23.1,3533550,0.01449275362318847
2020-10-13 07:00:00,23.13,23.61,22.91,23.27,1980740,0.007359307359307232
2020-10-14 07:00:00,23.58,24.23,23.42,24.2,6821050,0.039965620971207594
2020-10-15 07:00:00,24.52,24.52,23.81,23.84,2957800,-0.014876033057851235
2020-10-16 07:00:00,23.84,24.37,23.58,23.81,2411650,-0.001258389261745041
2020-10-19 07:00:00,23.95,23.95,23.53,23.64,2690250,-0.007139857202855815
2020-10-20 07:00:00,23.42,23.98,23.42,23.7,1923390,0.002538071065989689
2020-10-21 07:00:00,23.92,24.54,23.78,23.89,3019940,0.00801687763713077
2020-10-22 07:00:00,23.87,24.23,23.64,24.23,1733020,0.014231896190874727
2020-10-23 07:00:00,24.49,24.49,24.15,24.15,1940000,-0.0033016921172100977
2020-10-26 07:00:00,23.98,24.26,23.13,23.13,3379510,-0.04223602484472044
2020-10-27 07:00:00,23.13,23.42,22.96,22.96,2635960,-0.007349762213575417
2020-10-28 07:00:00,22.85,22.96,22.17,22.17,2899500,-0.03440766550522645
2020-10-29 07:00:00,21.89,22.29,21.69,21.81,2823190,-0.016238159675236896
2020-10-30 07:00:00,22.0,22.12,21.52,21.72,1678270,-0.004126547455295726
2020-11-02 07:00:00,21.72,22.06,21.72,21.95,1084730,0.01058931860036827
2020-11-03 07:00:00,22.0,22.29,22.0,22.23,1035230,0.012756264236902126
2020-11-04 07:00:00,22.23,22.63,22.2,22.43,1077740,0.008996851102114123
2020-11-05 07:00:00,22.43,22.43,22.03,22.03,1280230,-0.0178332590280873
2020-11-06 07:00:00,22.26,22.26,21.92,22.03,646660,0.0
2020-11-09 07:00:00,22.26,22.26,22.06,22.15,1187610,0.00544711756695393
2020-11-10 07:00:00,22.48,22.57,22.23,22.23,1361190,0.0036117381489841893
2020-11-11 07:00:00,22.23,22.37,22.09,22.23,723840,0.0
2020-11-12 07:00:00,22.29,22.46,22.23,22.34,1126040,0.004948268106162779
2020-11-13 07:00:00,22.4,22.74,22.37,22.74,1833350,0.017905102954342
2020-11-16 07:00:00,22.77,23.02,22.51,22.51,1939610,-0.010114335971855626
2020-11-17 07:00:00,22.57,22.74,22.43,22.74,1455550,0.010217681030652903
2020-11-18 07:00:00,22.74,22.77,22.57,22.6,1572210,-0.006156552330694676
2020-11-19 07:00:00,22.63,23.02,22.63,22.79,1787480,0.008407079646017612
2020-11-20 07:00:00,22.96,23.27,22.96,23.25,2522690,0.020184291355857864
2020-11-23 07:00:00,23.42,23.42,22.88,23.19,1315280,-0.002580645161290307
2020-11-24 07:00:00,23.16,23.19,22.79,22.96,1958510,-0.009918068132815927
2020-11-25 07:00:00,23.13,23.39,22.88,23.3,2775000,0.014808362369338024
2020-11-26 07:00:00,23.3,24.04,23.13,24.04,4356380,0.03175965665236036
2020-11-27 07:00:00,24.15,24.18,23.73,23.95,2323620,-0.0037437603993344393
2020-11-30 07:00:00,23.95,23.98,23.53,23.53,1708190,-0.017536534446764063
2020-12-01 07:00:00,23.13,23.58,23.02,23.53,2913470,0.0
2020-12-02 07:00:00,23.56,23.7,23.36,23.42,1833120,-0.004674883127921747
2020-12-03 07:00:00,23.44,23.64,23.36,23.47,1836790,0.002134927412467791
2020-12-04 07:00:00,23.47,23.87,23.42,23.5,2563040,0.0012782275244993535
2020-12-07 07:00:00,23.7,24.37,23.61,24.26,4120830,0.03234042553191485
2020-12-08 07:00:00,24.43,24.43,23.95,24.09,2151740,-0.007007419620775002
2020-12-09 07:00:00,24.2,24.83,24.12,24.71,3679830,0.02573682025736823
2020-12-10 07:00:00,24.71,25.28,24.66,24.8,3830860,0.003642250101173694
2020-12-11 07:00:00,24.77,25.84,24.6,25.84,4566950,0.041935483870967794
2020-12-14 07:00:00,26.04,26.26,25.87,26.24,2935490,0.015479876160990669
2020-12-15 07:00:00,26.04,26.52,25.87,26.01,3422380,-0.008765243902438935
2020-12-16 07:00:00,26.01,26.77,26.01,26.74,3093050,0.02806612841214906
2020-12-17 07:00:00,26.41,26.86,26.18,26.18,3894580,-0.020942408376963262
2020-12-18 07:00:00,26.35,26.8,26.18,26.52,2432540,0.01298701298701288
2020-12-21 07:00:00,27.08,27.08,26.24,26.77,2476240,0.009426847662141746
2020-12-22 07:00:00,26.77,26.77,26.29,26.43,2735230,-0.012700784460216608
2020-12-23 07:00:00,26.52,26.8,26.18,26.29,2105620,-0.00529701097237989
2020-12-24 07:00:00,26.29,26.41,24.77,25.67,3135180,-0.023583111449220096
2020-12-25 07:00:00,25.67,26.35,25.39,26.29,1562900,0.02415270744059206
2020-12-28 07:00:00,26.49,27.08,26.41,26.77,3156280,0.01825789273488021
2020-12-29 07:00:00,26.69,27.45,26.69,27.28,3031270,0.019051176690324967
2020-12-30 07:00:00,27.31,27.53,27.08,27.11,1442160,-0.006231671554252305
2020-12-31 07:00:00,27.11,27.48,26.97,27.48,1342380,0.013648100331980828
2021-01-04 07:00:00,27.4,27.8,27.4,27.68,1993800,0.00727802037845704
2021-01-05 07:00:00,27.48,27.6,27.34,27.48,2155700,-0.007225433526011571
2021-01-06 07:00:00,27.71,29.03,27.28,28.0,3674500,0.018922852983988436
2021-01-07 07:00:00,28.0,28.63,27.83,28.06,1678500,0.002142857142857002
2021-01-08 07:00:00,28.29,28.29,27.66,27.83,2034900,-0.008196721311475419
2021-01-11 07:00:00,27.83,27.89,27.48,27.68,2758800,-0.00538986704994604
2021-01-12 07:00:00,27.68,28.11,27.48,27.97,2189300,0.010476878612716733
2021-01-13 07:00:00,28.0,28.23,27.77,27.8,1650200,-0.006077940650697111
2021-01-14 07:00:00,27.83,28.11,27.54,28.03,1904800,0.008273381294964022
2021-01-15 07:00:00,28.29,28.4,28.03,28.03,2404700,0.0
2021-01-18 07:00:00,28.06,28.11,27.89,27.91,1685100,-0.004281127363539139
2021-01-19 07:00:00,27.89,27.89,25.96,25.96,2701100,-0.06986743102830528
2021-01-20 07:00:00,25.96,26.68,24.39,26.11,2306500,0.005778120184899871
2021-01-21 07:00:00,26.16,26.68,25.93,26.68,1347000,0.021830716200689437
2021-01-22 07:00:00,26.68,26.71,25.88,25.96,2211800,-0.026986506746626615
2021-01-25 07:00:00,25.82,25.93,25.48,25.59,1371900,-0.014252696456086289
2021-01-26 07:00:00,25.45,25.45,23.98,24.41,1836800,-0.04611176240719028
2021-01-27 07:00:00,24.41,24.9,23.3,23.7,2102100,-0.029086439983613266
2021-01-28 07:00:00,22.38,22.95,22.06,22.06,2692000,-0.06919831223628692
2021-01-29 07:00:00,20.94,23.44,20.94,22.89,2008200,0.03762466001813247
2021-02-01 07:00:00,22.89,23.52,22.18,22.43,1545000,-0.0200961118392311
2021-02-02 07:00:00,22.32,22.92,22.12,22.58,2497300,0.006687472135532779
2021-02-03 07:00:00,23.01,23.81,22.78,23.73,1851900,0.050930026572187925
2021-02-04 07:00:00,23.75,23.87,23.47,23.81,1378500,0.003371260008428134
2021-02-05 07:00:00,23.81,24.16,23.7,23.98,1279600,0.007139857202856037
2021-02-08 07:00:00,23.98,24.1,22.41,23.01,1874900,-0.040450375312760634
2021-02-09 07:00:00,23.24,23.64,22.78,23.41,1448500,0.017383746197305427
2021-02-17 07:00:00,23.44,24.16,23.44,24.16,1439000,0.03203759077317381
2021-02-18 07:00:00,24.21,24.96,23.93,24.9,2339700,0.0306291390728477
2021-02-19 07:00:00,24.67,25.53,24.59,25.3,2027200,0.016064257028112428
2021-02-22 07:00:00,25.3,25.53,25.07,25.1,1523800,-0.007905138339920903
2021-02-23 07:00:00,25.1,25.3,24.79,25.25,1533100,0.005976095617529875
2021-02-24 07:00:00,25.19,25.36,24.44,24.7,1640000,-0.0217821782178218
2021-02-25 07:00:00,24.76,25.13,24.21,24.64,1733200,-0.0024291497975708065
2021-02-26 07:00:00,24.56,25.07,24.27,25.02,1379500,0.015422077922077948
2021-03-01 07:00:00,25.02,25.48,25.02,25.3,2251400,0.011191047162270262
2021-03-02 07:00:00,25.53,25.59,25.16,25.27,2124000,-0.0011857707509881354
2021-03-03 07:00:00,25.27,25.36,25.07,25.13,1583800,-0.005540166204986208
2021-03-04 07:00:00,25.25,25.39,24.27,24.53,2089500,-0.023875845602865042
2021-03-05 07:00:00,24.53,24.84,24.1,24.33,1857200,-0.008153281695882697
2021-03-08 07:00:00,24.9,24.9,24.27,24.36,1595300,0.0012330456226881115
2021-03-09 07:00:00,24.33,24.33,23.81,24.01,2430700,-0.014367816091953922
2021-03-10 07:00:00,24.1,24.21,23.75,24.1,2056500,0.0037484381507704168
2021-03-11 07:00:00,24.5,25.02,24.41,24.84,1672400,0.03070539419087126
2021-03-12 07:00:00,24.96,25.07,24.73,24.87,2536400,0.0012077294685990392
2021-03-15 07:00:00,24.96,25.02,24.56,24.67,2779700,-0.008041817450743838
2021-03-16 07:00:00,24.67,24.79,24.27,24.33,2223700,-0.0137819213619782
2021-03-17 07:00:00,24.39,24.9,24.07,24.84,4346500,0.020961775585696785
2021-03-18 07:00:00,25.25,25.99,24.99,25.82,5666500,0.03945249597423506
2021-03-19 07:00:00,25.82,26.05,25.65,25.82,2885400,0.0
2021-03-22 07:00:00,25.82,25.82,25.53,25.62,2562800,-0.0077459333849728695
2021-03-23 07:00:00,25.53,25.56,24.73,25.07,4549300,-0.021467603434816573
2021-03-24 07:00:00,24.67,24.84,24.04,24.18,3341900,-0.03550059832469088
2021-03-25 07:00:00,24.39,24.64,24.07,24.24,2369000,0.002481389578163684
2021-03-26 07:00:00,24.07,24.33,23.24,24.16,2445100,-0.0033003300330032292
2021-03-29 07:00:00,24.39,24.47,24.18,24.41,1347900,0.010347682119205226
2021-03-30 07:00:00,24.67,24.7,24.27,24.59,2304200,0.007374027038099085
2021-03-31 07:00:00,24.64,24.93,24.56,24.64,2170100,0.0020333468889792705
2021-04-01 07:00:00,24.67,25.25,24.67,25.22,3706500,0.023538961038960915
2021-04-02 07:00:00,25.48,26.11,25.27,25.82,5794100,0.023790642347343516
2021-04-05 07:00:00,26.22,26.34,25.88,26.14,5969400,0.012393493415956636
2021-04-06 07:00:00,26.05,26.54,25.85,26.25,4113800,0.004208110175975444
2021-04-07 07:00:00,26.22,26.25,26.02,26.14,2609000,-0.004190476190476189
2021-04-08 07:00:00,26.22,26.28,25.65,25.7,4412400,-0.016832440703902107
2021-04-09 07:00:00,25.65,25.7,25.27,25.42,4489700,-0.010894941634241206
2021-04-12 07:00:00,25.53,25.99,25.3,25.68,5149300,0.010228166797797034
2021-04-13 07:00:00,25.82,25.88,24.96,25.05,3952000,-0.02453271028037385
2021-04-14 07:00:00,24.96,25.42,24.67,25.25,2839300,0.007984031936127733
2021-04-15 07:00:00,25.3,25.36,24.67,24.7,3705100,-0.0217821782178218
2021-04-16 07:00:00,24.59,24.96,24.01,24.1,4667300,-0.024291497975708398
2021-04-19 07:00:00,24.1,24.73,23.98,24.67,3194000,0.023651452282157592
2021-04-20 07:00:00,24.73,25.25,24.64,24.79,2676100,0.004864207539521548
2021-04-22 07:00:00,24.79,24.79,23.52,23.52,2929700,-0.05123033481242434
2021-04-23 07:00:00,23.52,24.18,23.44,24.1,3078200,0.024659863945578397
2021-04-26 07:00:00,23.95,24.1,23.24,23.24,3328300,-0.03568464730290466
2021-04-27 07:00:00,23.24,23.41,23.07,23.15,1978500,-0.0038726333907056487
2021-04-28 07:00:00,23.15,23.47,23.15,23.3,1379200,0.006479481641468832
2021-04-29 07:00:00,23.3,24.04,23.3,23.52,1949100,0.009442060085836923
2021-05-04 07:00:00,22.95,23.98,22.95,23.7,2171900,0.007653061224489832
2021-05-05 07:00:00,23.93,24.3,23.81,24.04,2692200,0.014345991561181437
2021-05-06 07:00:00,24.04,24.04,23.64,23.67,2246100,-0.015391014975041473
2021-05-07 07:00:00,23.3,23.64,23.24,23.32,3706600,-0.014786649767638438
2021-05-10 07:00:00,23.24,23.81,23.15,23.75,3027800,0.018439108061749643
2021-05-11 07:00:00,24.1,24.96,23.98,24.16,5349300,0.01726315789473687
2021-05-12 07:00:00,24.1,24.5,23.98,24.47,3331500,0.012831125827814427
2021-05-13 07:00:00,24.39,24.9,24.1,24.44,3483900,-0.00122599100939913
2021-05-14 07:00:00,24.56,24.67,24.27,24.3,2724600,-0.005728314238952592
2021-05-17 07:00:00,24.39,24.67,23.93,23.98,2992400,-0.013168724279835398
2021-05-18 07:00:00,23.93,23.93,23.41,23.47,3903100,-0.021267723102585512
2021-05-19 07:00:00,23.52,23.75,23.3,23.47,2872100,0.0
2021-05-20 07:00:00,23.47,24.04,22.95,24.01,3495000,0.023008095440988585
2021-05-21 07:00:00,24.1,25.68,24.01,25.68,13027500,0.06955435235318608
2021-05-24 07:00:00,26.11,26.62,26.11,26.39,6994100,0.027647975077881748
2021-05-25 07:00:00,26.39,26.88,26.08,26.8,6329600,0.015536187949981128
2021-05-26 07:00:00,26.8,27.02,26.51,26.77,7369800,-0.0011194029850746245
2021-05-27 07:00:00,26.85,26.85,25.85,26.05,5862300,-0.026895778856929398
2021-05-28 07:00:00,26.16,27.37,25.76,27.05,7857000,0.03838771593090207
2021-05-31 07:00:00,27.43,28.0,27.25,27.94,5597900,0.032902033271719144
2021-06-01 07:00:00,28.03,28.11,27.54,27.54,4096100,-0.01431639226914827
2021-06-02 07:00:00,27.14,27.51,27.08,27.2,6043600,-0.012345679012345623
2021-06-03 07:00:00,27.43,28.4,27.2,28.0,6715400,0.02941176470588247
2021-06-04 07:00:00,27.94,28.4,27.54,28.11,5939600,0.003928571428571503
2021-06-07 07:00:00,27.83,27.89,26.16,26.85,5275100,-0.04482390608324438
2021-06-08 07:00:00,26.91,27.08,25.65,25.7,5685400,-0.04283054003724407
2021-06-09 07:00:00,25.82,26.22,25.25,26.08,4454300,0.01478599221789878
2021-06-10 07:00:00,26.08,26.16,25.19,25.19,4463400,-0.03412576687116553
2021-06-11 07:00:00,25.25,25.96,24.96,25.93,6390300,0.029376736800317493
2021-06-14 07:00:00,26.11,26.16,25.62,25.76,3394300,-0.006556112610875409
2021-06-15 07:00:00,25.68,25.91,25.25,25.76,3257000,0.0
2021-06-16 07:00:00,25.65,26.8,25.36,25.99,4217600,0.008928571428571397
2021-06-17 07:00:00,25.59,26.59,25.59,26.34,3579300,0.01346671796844956
2021-06-18 07:00:00,26.54,26.68,26.22,26.48,3200200,0.005315110098709219
2021-06-21 07:00:00,26.34,26.39,25.73,25.82,4237600,-0.024924471299093698
2021-06-22 07:00:00,25.99,26.08,25.76,25.82,2781900,0.0
2021-06-23 07:00:00,25.76,26.62,25.76,26.05,2574200,0.008907823392718894
2021-06-24 07:00:00,26.05,26.34,25.82,25.93,2110700,-0.004606525911708292
2021-06-25 07:00:00,25.88,26.39,25.65,26.14,2572300,0.008098727342846113
2021-06-28 07:00:00,26.39,27.02,26.19,26.91,6685100,0.02945677123182855
2021-06-29 07:00:00,26.97,27.48,26.74,26.91,3945700,0.0
2021-06-30 07:00:00,26.91,27.23,26.88,27.11,4001800,0.00743218134522472
2021-07-01 07:00:00,27.25,27.34,26.88,27.14,4601600,0.0011066027296200431
2021-07-02 07:00:00,27.25,27.4,26.91,27.0,4204700,-0.005158437730287457
2021-07-05 07:00:00,27.0,27.0,25.93,26.77,3489500,-0.00851851851851848
2021-07-06 07:00:00,26.91,27.89,25.25,25.25,6222400,-0.05677997758685094
2021-07-07 07:00:00,25.53,26.19,25.02,26.11,3943600,0.03405940594059409
2021-07-08 07:00:00,26.11,26.48,25.79,26.28,2127400,0.006510915358100444
2021-07-09 07:00:00,25.93,26.39,25.25,25.76,3587800,-0.019786910197869045
2021-07-12 07:00:00,25.59,25.59,23.98,24.1,6021800,-0.06444099378881984
2021-07-13 07:00:00,24.39,24.53,23.84,24.33,1982500,0.009543568464730257
2021-07-14 07:00:00,24.39,24.5,23.52,24.44,1788900,0.00452116728318952
2021-07-15 07:00:00,24.13,24.76,24.1,24.5,1793200,0.002454991816693841
2021-07-16 07:00:00,24.56,24.67,24.39,24.39,1416400,-0.00448979591836729
2021-07-19 07:00:00,23.58,24.04,22.75,22.75,2960800,-0.06724067240672404
2021-07-20 07:00:00,22.78,23.52,22.32,23.52,2713600,0.03384615384615386
2021-07-21 07:00:00,23.75,23.75,23.24,23.35,1157700,-0.007227891156462496
2021-07-22 07:00:00,23.3,23.58,23.3,23.52,1700900,0.007280513918629383
2021-07-23 07:00:00,23.47,23.81,23.07,23.07,1823500,-0.01913265306122447
2021-07-26 07:00:00,22.95,23.15,22.66,22.95,1436900,-0.005201560468140465
2021-07-27 07:00:00,23.18,23.41,23.04,23.07,1428900,0.005228758169934622
2021-07-28 07:00:00,23.07,23.24,22.95,23.24,1233300,0.007368877329865464
2021-07-29 07:00:00,23.41,23.52,23.3,23.52,1179900,0.012048192771084487
2021-07-30 07:00:00,23.7,23.73,23.5,23.58,2031500,0.0025510204081631294
2021-08-02 07:00:00,24.1,24.64,24.1,24.41,3961400,0.03519932145886351
2021-08-03 07:00:00,24.27,24.87,24.16,24.87,2765600,0.018844735764031117
2021-08-04 07:00:00,24.9,24.96,24.5,24.67,2140000,-0.008041817450743838
2021-08-05 07:00:00,24.44,24.96,24.27,24.64,2116600,-0.001216051884880498
2021-08-06 07:00:00,24.64,24.9,24.44,24.61,1868300,-0.0012175324675325339
2021-08-09 07:00:00,24.41,24.76,24.3,24.76,1743800,0.006095083299471948
2021-08-10 07:00:00,24.82,24.96,24.7,24.84,1867400,0.003231017770597644
2021-08-11 07:00:00,24.84,25.3,24.61,24.73,2739100,-0.004428341384863144
2021-08-12 07:00:00,24.87,24.9,24.56,24.56,1709400,-0.0068742418115649295
2021-08-13 07:00:00,24.47,24.67,23.98,24.41,2309600,-0.006107491856677472
2021-08-16 07:00:00,24.3,24.96,24.1,24.84,3286300,0.017615731257681233
2021-08-17 07:00:00,25.02,25.02,24.56,24.64,1565300,-0.00805152979066015
2021-08-18 07:00:00,24.61,24.67,24.39,24.47,1514500,-0.006899350649350766
2021-08-19 07:00:00,24.44,24.44,24.18,24.39,1803900,-0.003269309358397976
2021-08-20 07:00:00,24.44,24.61,22.95,23.24,4363500,-0.047150471504715186
2021-08-23 07:00:00,23.24,23.41,22.55,22.55,2742300,-0.029690189328743455
2021-08-24 07:00:00,22.55,22.78,22.32,22.61,2540900,0.002660753880266098
2021-08-25 07:00:00,22.66,22.69,22.38,22.64,1103600,0.0013268465280849018
2021-08-26 07:00:00,22.75,22.75,21.8,22.15,2045600,-0.021643109540636085
2021-08-27 07:00:00,22.09,22.38,21.69,22.2,1906500,0.0022573363431150906
2021-08-30 07:00:00,22.38,22.66,22.26,22.64,1410200,0.01981981981981984
2021-08-31 07:00:00,22.72,22.72,22.35,22.35,1814800,-0.012809187279151923
2021-09-01 07:00:00,22.26,22.43,22.18,22.38,1357900,0.0013422818791946067
2021-09-06 07:00:00,22.41,22.66,22.35,22.43,1364600,0.0022341376228776078
2021-09-07 07:00:00,22.55,23.07,22.46,22.78,1709800,0.015604101649576485
2021-09-08 07:00:00,23.07,23.18,22.66,22.72,1420900,-0.0026338893766463256
2021-09-09 07:00:00,22.72,22.84,22.69,22.84,839800,0.005281690140845008
2021-09-10 07:00:00,22.95,22.95,22.72,22.75,793800,-0.0039404553415061105
2021-09-13 07:00:00,22.75,22.75,22.38,22.46,1734700,-0.012747252747252746
2021-09-14 07:00:00,22.43,22.46,22.15,22.2,1415300,-0.011576135351736516
2021-09-15 07:00:00,22.15,22.38,22.15,22.26,1055100,0.002702702702702897
2021-09-16 07:00:00,22.43,22.66,22.41,22.61,1465600,0.015723270440251458
2021-09-17 07:00:00,22.72,23.21,22.72,22.95,1784100,0.015037593984962294
2021-09-20 07:00:00,22.98,23.12,22.89,22.89,1957000,-0.002614379084967311
2021-09-21 07:00:00,22.66,22.84,22.49,22.75,1524100,-0.006116207951070374
2021-09-22 07:00:00,22.72,22.89,22.43,22.72,1267800,-0.0013186813186814028
2021-09-23 07:00:00,22.84,22.89,22.64,22.64,1084600,-0.0035211267605632646
2021-09-24 07:00:00,22.66,22.84,22.64,22.78,964900,0.006183745583038913
2021-09-27 07:00:00,22.78,23.01,22.49,22.61,1210800,-0.007462686567164201
2021-09-28 07:00:00,22.61,23.15,22.49,23.01,2187700,0.01769128704113232
2021-09-29 07:00:00,22.98,22.98,22.55,22.89,1183100,-0.0052151238591916504
2021-09-30 07:00:00,22.86,22.95,22.58,22.64,1097300,-0.010921799912625652
2021-10-01 07:00:00,22.55,22.64,22.26,22.26,1658100,-0.016784452296819796
2021-10-04 07:00:00,22.29,22.72,22.09,22.32,1055100,0.0026954177897573484
2021-10-05 07:00:00,22.38,22.69,22.38,22.55,730100,0.010304659498207913
2021-10-06 07:00:00,22.66,22.95,22.55,22.61,813300,0.002660753880266098
2021-10-07 07:00:00,22.61,22.66,22.46,22.46,1021500,-0.006634232640424509
2021-10-08 07:00:00,22.46,22.61,22.46,22.49,978100,0.0013357079252003246
2021-10-11 07:00:00,22.72,22.95,22.61,22.95,1760100,0.020453534904401938
2021-10-12 07:00:00,23.07,23.38,22.98,23.09,1985900,0.006100217864923874
2021-10-13 07:00:00,23.12,23.21,22.72,22.89,1423600,-0.008661758336942382
2021-10-14 07:00:00,22.89,22.92,22.69,22.69,1060700,-0.008737439930100455
2021-10-15 07:00:00,22.69,22.86,22.66,22.66,1104900,-0.001322168356104103
2021-10-18 07:00:00,22.66,22.98,22.38,22.55,1795500,-0.004854368932038833
2021-10-19 07:00:00,22.55,23.27,22.38,22.98,2212300,0.01906873614190685
2021-10-20 07:00:00,22.98,23.07,22.55,22.81,1079600,-0.007397737162750273
2021-10-21 07:00:00,22.81,22.89,22.66,22.66,632200,-0.006576063130205978
2021-10-22 07:00:00,22.66,22.78,22.55,22.55,1054900,-0.004854368932038833
2021-10-25 07:00:00,22.72,22.72,22.49,22.49,889700,-0.002660753880266209
2021-10-26 07:00:00,22.49,22.61,22.46,22.49,547200,0.0
2021-10-27 07:00:00,22.52,22.92,22.52,22.89,1412900,0.017785682525567115
2021-10-28 07:00:00,22.95,23.07,22.78,22.86,1237100,-0.001310615989515096
2021-10-29 07:00:00,22.95,23.93,22.89,23.81,3730300,0.04155730533683277
2021-11-01 07:00:00,24.1,24.16,23.87,23.98,3293200,0.007139857202856037
2021-11-02 07:00:00,23.98,24.39,23.87,24.07,1527700,0.003753127606338502
2021-11-03 07:00:00,24.27,25.3,24.1,24.7,5601700,0.026173660157872813
2021-11-04 07:00:00,24.76,25.39,24.5,25.25,4380200,0.022267206477732726
2021-11-05 07:00:00,25.25,25.48,24.82,25.02,1940900,-0.009108910891089117
2021-11-08 07:00:00,25.02,25.48,24.76,25.19,2686800,0.006794564348521215
2021-11-09 07:00:00,25.25,25.33,24.67,24.67,2541000,-0.020643112346169112
2021-11-10 07:00:00,24.73,24.96,24.3,24.67,2138500,0.0
2021-11-11 07:00:00,24.9,24.96,24.21,24.56,2441800,-0.004458856911228382
2021-11-12 07:00:00,24.3,24.84,24.3,24.79,1878000,0.009364820846905486
2021-11-15 07:00:00,24.87,24.96,24.1,24.56,1523300,-0.009277934651068964
2021-11-16 07:00:00,24.5,24.73,24.36,24.56,1266900,0.0
2021-11-17 07:00:00,24.47,25.13,24.36,25.02,2444800,0.018729641693811194
2021-11-18 07:00:00,25.25,25.76,24.9,25.53,3510800,0.020383693045563644
2021-11-19 07:00:00,25.56,26.42,24.1,25.48,4055100,-0.0019584802193498563
2021-11-22 07:00:00,25.48,26.51,25.25,26.14,4942900,0.02590266875981162
2021-11-23 07:00:00,26.11,26.11,25.36,25.65,1795000,-0.01874521805661833
2021-11-24 07:00:00,25.79,26.45,25.59,26.42,4127600,0.030019493177388057
2021-11-25 07:00:00,26.62,26.62,25.99,26.02,2686800,-0.015140045420136361
2021-11-26 07:00:00,26.45,26.51,25.25,26.08,4132100,0.002305918524212025
2021-11-29 07:00:00,25.53,25.82,25.3,25.53,3260500,-0.02108895705521463
2021-11-30 07:00:00,25.76,26.19,25.02,25.48,2542100,-0.0019584802193498563
2021-12-01 07:00:00,25.48,25.65,25.07,25.42,1755700,-0.0023547880690737433
2021-12-02 07:00:00,25.39,26.05,25.25,25.36,1367300,-0.002360346184107076
2021-12-03 07:00:00,25.53,25.53,24.1,24.1,2199100,-0.0496845425867507
2021-12-06 07:00:00,24.67,24.67,23.9,24.07,2858100,-0.0012448132780082943
2021-12-07 07:00:00,24.13,25.1,24.13,25.02,1653500,0.039468217698379604
2021-12-08 07:00:00,25.07,25.42,24.93,25.25,1145000,0.009192645883293382
2021-12-09 07:00:00,25.22,25.33,24.99,25.25,979700,0.0
2021-12-10 07:00:00,25.42,25.93,25.42,25.59,2064600,0.013465346534653477
2021-12-13 07:00:00,26.11,26.28,25.88,26.11,2477500,0.02032043767096514
2021-12-14 07:00:00,26.22,26.22,25.93,25.99,1711000,-0.0045959402527767645
2021-12-15 07:00:00,25.93,26.11,25.68,25.76,1426700,-0.008849557522123797
2021-12-16 07:00:00,25.82,25.82,25.25,25.76,1674500,0.0
2021-12-17 07:00:00,25.76,26.11,25.3,25.76,1851700,0.0
2021-12-20 07:00:00,25.7,25.79,25.53,25.59,1229300,-0.006599378881987694
2021-12-21 07:00:00,25.53,25.62,25.13,25.13,2787700,-0.017975771785853856
2021-12-22 07:00:00,25.25,25.39,24.64,24.84,2827800,-0.011539992041384783
2021-12-23 07:00:00,25.24,25.32,24.45,25.03,2318800,0.007648953301127248
2021-12-24 07:00:00,25.03,25.68,25.03,25.39,1525000,0.014382740711146536
2021-12-27 07:00:00,25.53,25.75,25.39,25.61,1202100,0.008664828672705793
2021-12-28 07:00:00,25.75,25.75,25.32,25.53,1359900,-0.0031237797735258477
2021-12-29 07:00:00,25.79,25.79,25.46,25.53,1581600,0.0
2021-12-30 07:00:00,25.68,25.9,25.53,25.68,987000,0.005875440658049236
2021-12-31 07:00:00,25.82,27.35,25.75,26.91,4857000,0.04789719626168232
2022-01-04 07:00:00,27.27,27.56,27.02,27.13,1769200,0.008175399479747325
2022-01-05 07:00:00,27.49,27.49,26.77,26.88,1922200,-0.009214891264283098
2022-01-06 07:00:00,26.48,28.14,26.3,27.56,5998800,0.02529761904761907
2022-01-07 07:00:00,28.04,28.62,27.31,28.43,4367700,0.0315674891146589
2022-01-10 07:00:00,28.43,29.23,28.14,28.18,3180600,-0.008793527963418923
2022-01-11 07:00:00,28.14,28.94,27.78,28.58,4276500,0.01419446415897796
2022-01-12 07:00:00,28.58,30.57,28.58,30.57,8028300,0.06962911126662008
2022-01-13 07:00:00,30.83,32.71,30.83,31.92,9664800,0.04416094210009813
2022-01-14 07:00:00,31.41,32.71,31.41,32.1,3265400,0.005639097744360999
2022-01-17 07:00:00,31.92,34.09,31.63,31.66,7741100,-0.013707165109034358
2022-01-18 07:00:00,31.48,32.97,31.48,32.57,4849200,0.028742893240682355
2022-01-19 07:00:00,32.68,33.22,31.59,31.66,2972800,-0.027939821922014163
2022-01-20 07:00:00,31.26,33.88,30.65,33.88,5637900,0.07012002526847771
2022-01-21 07:00:00,34.13,35.4,33.73,34.35,4570000,0.01387249114521838
2022-01-24 07:00:00,34.02,35.18,33.98,34.02,4165100,-0.009606986899563297
2022-01-25 07:00:00,33.59,35.54,33.3,35.54,4703200,0.044679600235155714
2022-01-26 07:00:00,35.91,36.23,34.89,34.89,4052900,-0.01828925154755201
2022-01-27 07:00:00,34.82,35.18,34.38,34.53,1921100,-0.010318142734307756
2022-01-28 07:00:00,34.53,35.54,34.31,34.78,2956900,0.007240081088908168
2022-02-07 07:00:00,35.11,35.25,34.24,34.38,3477200,-0.011500862564692294
2022-02-08 07:00:00,34.38,35.11,33.73,34.35,2672600,-0.0008726003490401313
2022-02-09 07:00:00,34.31,35.47,34.09,35.11,4562000,0.022125181950509498
2022-02-10 07:00:00,35.25,35.47,34.82,35.11,2741500,0.0
2022-02-11 07:00:00,34.96,35.18,34.67,34.75,1716100,-0.010253489034463104
2022-02-14 07:00:00,34.24,34.53,32.46,32.46,7129000,-0.06589928057553951
2022-02-15 07:00:00,32.53,33.59,32.21,33.51,3694100,0.03234750462107194
2022-02-16 07:00:00,33.44,33.44,32.42,32.75,2795800,-0.02267979707549983
2022-02-17 07:00:00,33.15,33.37,32.42,33.37,1790200,0.018931297709923633
2022-02-18 07:00:00,32.97,33.4,32.42,32.42,2995400,-0.02846868444710804
2022-02-21 07:00:00,32.5,32.97,31.7,32.82,2957200,0.012338062924120763
2022-02-22 07:00:00,32.57,33.37,32.42,33.37,2290300,0.01675807434491161
2022-02-23 07:00:00,33.73,34.02,33.0,33.08,2954000,-0.008690440515432996
2022-02-24 07:00:00,32.86,33.04,31.63,32.35,3385900,-0.022067714631197055
2022-02-25 07:00:00,32.35,33.08,32.28,32.32,2347500,-0.0009273570324574987
2022-02-28 07:00:00,32.13,32.32,31.7,31.7,2699000,-0.019183168316831756
2022-03-01 07:00:00,31.74,32.64,31.63,31.99,2395600,0.009148264984227161
2022-03-02 07:00:00,31.7,31.92,30.72,30.79,3090100,-0.03751172241325407
2022-03-03 07:00:00,30.72,31.34,30.47,31.05,2473700,0.008444300097434354
2022-03-04 07:00:00,31.05,31.55,30.83,31.41,1660800,0.011594202898550732
2022-03-07 07:00:00,31.05,31.05,30.57,30.65,2266100,-0.024196115886660374
2022-03-08 07:00:00,30.32,30.87,30.03,30.18,2585800,-0.015334420880913524
2022-03-09 07:00:00,30.18,30.39,29.38,29.38,1970700,-0.02650762094102055
2022-03-10 07:00:00,30.1,30.47,29.7,29.7,1563100,0.010891763104152519
2022-03-11 07:00:00,29.7,30.36,29.7,30.36,1476500,0.022222222222222143
2022-03-14 07:00:00,30.36,30.61,29.96,29.96,1337300,-0.013175230566534912
2022-03-15 07:00:00,29.96,30.61,29.74,30.54,1515300,0.019359145527369837
2022-03-16 07:00:00,30.68,30.68,30.1,30.18,1331400,-0.011787819253438081
2022-03-17 07:00:00,30.61,32.1,29.74,31.55,5819900,0.04539430086149765
2022-03-18 07:00:00,31.7,32.35,31.55,31.84,2786600,0.009191759112519682
2022-03-21 07:00:00,31.84,31.99,31.41,31.77,1279000,-0.0021984924623115187
2022-03-22 07:00:00,31.77,31.88,31.34,31.55,2825000,-0.006924771797293006
2022-03-23 07:00:00,31.52,32.21,31.3,31.48,1995900,-0.0022187004754358197
2022-03-24 07:00:00,31.48,31.52,31.19,31.26,1287000,-0.006988564167725531
2022-03-25 07:00:00,31.3,31.81,30.9,31.52,1969000,0.008317338451695466
2022-03-28 07:00:00,31.19,31.52,30.07,30.18,3983900,-0.042512690355329896
2022-03-29 07:00:00,30.25,30.83,30.1,30.76,1733800,0.01921802518224003
2022-03-30 07:00:00,30.54,32.64,30.25,31.59,3512800,0.02698309492847839
2022-03-31 07:00:00,31.74,31.88,31.48,31.55,1444000,-0.001266223488445739
2022-04-01 07:00:00,31.55,32.28,31.48,32.17,3165900,0.019651347068145864
2022-04-04 07:00:00,32.61,32.61,32.1,32.1,2081900,-0.0021759403170655833
2022-04-05 07:00:00,31.55,31.77,31.3,31.41,2905000,-0.021495327102803774
2022-04-06 07:00:00,31.19,31.77,30.94,31.55,3242600,0.004457179242279619
2022-04-07 07:00:00,31.55,32.17,31.23,31.23,3152800,-0.010142630744849446
2022-04-08 07:00:00,31.19,31.34,30.32,30.39,3146100,-0.026897214217098897
2022-04-12 07:00:00,30.68,30.68,29.34,29.34,3187500,-0.03455083909180656
2022-04-13 07:00:00,29.38,30.03,29.09,29.67,1996100,0.011247443762781195
2022-04-14 07:00:00,30.03,30.03,29.38,29.38,1890900,-0.00977418267610386
2022-04-15 07:00:00,29.45,29.89,28.29,28.51,2508700,-0.02961198093941453
2022-04-18 07:00:00,28.69,28.8,27.42,27.53,2820600,-0.034373903893370805
2022-04-19 07:00:00,27.82,28.43,27.2,27.53,2322500,0.0
2022-04-20 07:00:00,27.53,28.14,27.46,27.53,1458300,0.0
2022-04-21 07:00:00,27.49,28.11,27.31,27.93,2094100,0.014529604068289181
2022-04-22 07:00:00,28.0,28.36,27.56,27.93,2628900,0.0
2022-04-25 07:00:00,27.93,28.0,26.0,26.0,2945400,-0.06910132474042252
2022-04-26 07:00:00,25.5,27.02,25.5,26.77,1857800,0.0296153846153846
2022-04-27 07:00:00,26.84,27.2,26.44,26.98,748100,0.007844602166604542
2022-04-28 07:00:00,26.98,26.98,26.62,26.62,974900,-0.013343217197924417
2022-04-29 07:00:00,26.73,27.38,26.69,27.02,1518600,0.015026296018031404
2022-05-04 07:00:00,27.02,27.35,26.8,27.02,1561000,0.0
2022-05-05 07:00:00,27.27,27.71,26.84,27.71,1990600,0.025536639526276828
2022-05-06 07:00:00,27.09,27.46,26.84,26.84,1579600,-0.031396607722843806
2022-05-09 07:00:00,26.55,26.77,24.99,24.99,2414100,-0.06892697466467967
2022-05-10 07:00:00,24.74,26.04,24.3,25.97,1727600,0.03921568627450989
2022-05-11 07:00:00,25.93,26.19,25.42,26.19,862900,0.008471313053523444
2022-05-12 07:00:00,25.68,25.97,24.37,24.37,1507900,-0.0694921725849561
2022-05-13 07:00:00,24.52,24.66,23.07,23.07,2353900,-0.05334427574887157
2022-05-16 07:00:00,24.08,24.12,23.36,23.36,1280700,0.01257043779800604
2022-05-17 07:00:00,23.57,24.99,23.25,24.99,1116800,0.06977739726027399
2022-05-18 07:00:00,25.32,25.75,24.81,25.32,1288800,0.013205282112845218
2022-05-19 07:00:00,24.66,25.39,24.59,25.13,895100,-0.00750394944707744
2022-05-20 07:00:00,24.95,25.32,24.88,25.03,1128100,-0.0039793076004773775
2022-05-23 07:00:00,24.95,25.17,23.94,24.19,1002800,-0.03355972832600873
2022-05-24 07:00:00,24.45,24.55,24.01,24.48,768000,0.011988424968995437
2022-05-25 07:00:00,24.66,25.46,24.66,25.32,1066800,0.03431372549019618
2022-05-26 07:00:00,25.82,25.93,25.39,25.46,1194100,0.005529225908372792
2022-05-27 07:00:00,25.46,25.68,25.32,25.61,891000,0.005891594658287369
2022-05-30 07:00:00,25.75,26.0,25.53,25.93,1088100,0.012495119094103835
2022-05-31 07:00:00,25.75,25.82,25.39,25.61,1027300,-0.01234091785576552
2022-06-01 07:00:00,25.46,25.79,25.35,25.5,1071100,-0.0042951971885981655
2022-06-02 07:00:00,25.5,25.53,25.03,25.17,905200,-0.012941176470588123
2022-06-03 07:00:00,25.17,25.21,24.66,24.92,570700,-0.009932459276916994
2022-06-06 07:00:00,24.92,25.13,24.52,24.81,918800,-0.004414125200642216
2022-06-07 07:00:00,24.74,24.81,24.01,24.37,1172500,-0.017734784361144618
2022-06-08 07:00:00,24.45,25.24,24.41,24.88,982900,0.02092736971686482
2022-06-09 07:00:00,24.92,25.21,24.74,25.03,394400,0.00602893890675249
2022-06-10 07:00:00,24.7,24.88,24.52,24.52,786000,-0.02037554934079111
2022-06-13 07:00:00,23.97,24.19,23.18,23.18,1446900,-0.054649265905383326
2022-06-14 07:00:00,23.14,23.79,22.56,23.43,1178900,0.010785159620362306
2022-06-15 07:00:00,23.21,23.57,22.49,23.21,1366100,-0.009389671361502261
2022-06-16 07:00:00,23.21,23.79,23.21,23.43,1293500,0.009478672985781866
2022-06-17 07:00:00,23.18,23.18,22.63,22.92,1218700,-0.02176696542893719
2022-06-20 07:00:00,22.99,23.07,21.4,21.4,972600,-0.06631762652705075
2022-06-21 07:00:00,21.11,22.23,21.0,21.98,1403700,0.02710280373831786
2022-06-22 07:00:00,21.98,22.92,21.62,22.12,1532700,0.006369426751592355
2022-06-23 07:00:00,22.12,22.49,21.8,22.49,422300,0.01672694394213381
2022-06-24 07:00:00,22.63,23.39,22.56,22.63,1328200,0.006224988883948512
2022-06-27 07:00:00,22.7,23.07,22.6,23.03,826300,0.017675651789659907
2022-06-28 07:00:00,22.92,24.63,22.92,24.41,2412700,0.059921841076856275
2022-06-29 07:00:00,23.94,25.32,23.94,25.32,2342200,0.03727980335927894
2022-06-30 07:00:00,25.39,25.39,24.3,24.3,1498400,-0.04028436018957349
2022-07-01 07:00:00,23.87,25.9,23.28,25.42,3520700,0.046090534979423836
2022-07-04 07:00:00,25.75,25.93,25.32,25.42,1827500,0.0
2022-07-05 07:00:00,25.42,27.2,25.39,26.33,4933500,0.035798583792289396
2022-07-06 07:00:00,25.97,26.77,25.75,25.82,2731600,-0.019369540448157974
2022-07-07 07:00:00,25.68,26.59,24.88,26.33,2824700,0.019752130131680756
2022-07-08 07:00:00,26.4,26.44,25.39,25.39,1979400,-0.03570072161033033
2022-07-11 07:00:00,25.32,25.5,23.94,25.03,2058500,-0.014178810555336763
2022-07-12 07:00:00,24.92,26.48,24.81,26.4,1671000,0.05473431881741897
2022-07-13 07:00:00,26.26,26.98,25.97,26.15,2657100,-0.009469696969697017
2022-07-14 07:00:00,25.97,26.77,25.93,26.22,1504200,0.0026768642447418944
2022-07-15 07:00:00,26.19,26.66,25.97,25.97,1387300,-0.009534706331045029
2022-07-18 07:00:00,26.11,26.11,25.68,25.75,1698400,-0.008471313053523222
2022-07-19 07:00:00,25.75,26.0,25.39,25.86,976900,0.004271844660194146
2022-07-20 07:00:00,26.26,26.77,26.08,26.4,1587800,0.02088167053364276
2022-07-21 07:00:00,26.26,26.73,26.26,26.48,1519100,0.003030303030303161
2022-07-22 07:00:00,26.77,26.77,25.75,25.75,1247400,-0.027567975830815716
2022-07-25 07:00:00,25.75,26.04,25.24,25.68,1196800,-0.0027184466019417597
2022-07-26 07:00:00,25.97,26.11,25.75,25.79,885800,0.004283489096573279
2022-07-27 07:00:00,25.79,25.86,25.39,25.79,725200,0.0
2022-07-28 07:00:00,26.11,26.73,25.9,26.48,2049800,0.026754556029468857
2022-07-29 07:00:00,26.62,27.49,26.59,27.06,4174700,0.021903323262839836
2022-08-01 07:00:00,27.13,28.29,27.06,28.29,3367400,0.045454545454545414
2022-08-02 07:00:00,28.0,28.29,27.71,27.93,1951800,-0.012725344644750725
2022-08-03 07:00:00,27.53,28.51,27.49,28.51,2146200,0.020766201217329083
2022-08-04 07:00:00,28.51,28.76,27.93,28.51,2421700,0.0
2022-08-05 07:00:00,28.43,28.43,27.93,28.29,1029400,-0.00771659066994046
2022-08-08 07:00:00,28.29,28.47,28.07,28.14,987900,-0.005302226935312793
2022-08-09 07:00:00,28.14,28.43,28.0,28.04,1567700,-0.003553660270078196
2022-08-10 07:00:00,27.93,28.14,27.85,27.85,987000,-0.006776034236804507
2022-08-11 07:00:00,28.29,28.51,27.71,27.78,1739100,-0.0025134649910233398
2022-08-12 07:00:00,27.78,28.43,27.67,28.43,1639000,0.023398128149747954
2022-08-15 07:00:00,28.51,29.85,28.51,29.74,3772200,0.04607808652831502
2022-08-16 07:00:00,29.7,29.81,29.38,29.38,981400,-0.012104909213180859
2022-08-17 07:00:00,29.38,29.45,29.02,29.02,1394900,-0.012253233492171556
2022-08-18 07:00:00,28.8,29.09,28.73,28.73,1480900,-0.009993108201240442
2022-08-19 07:00:00,28.69,29.02,28.43,28.54,1451800,-0.00661329620605644
2022-08-22 07:00:00,28.54,28.54,27.82,27.89,1761800,-0.022775052557813535
2022-08-23 07:00:00,27.82,28.65,27.71,28.65,1732500,0.027249910362136864
2022-08-24 07:00:00,28.8,28.87,28.25,28.51,969800,-0.004886561954624669
2022-08-25 07:00:00,28.29,28.65,28.25,28.51,1272100,0.0
2022-08-26 07:00:00,28.51,29.12,28.51,28.58,2006200,0.0024552788495264544
2022-08-29 07:00:00,28.0,28.51,27.67,28.29,1345400,-0.010146955913226008
2022-08-30 07:00:00,28.33,29.34,28.29,28.87,2329700,0.020501944149876383
2022-08-31 07:00:00,28.87,29.16,28.73,29.02,1622100,0.005195704883962593
2022-09-05 07:00:00,29.02,29.05,28.47,28.65,803800,-0.01274982770503108
2022-09-06 07:00:00,28.65,29.41,28.62,29.05,1779600,0.013961605584642323
2022-09-07 07:00:00,28.94,28.94,27.42,27.42,3012000,-0.05611015490533555
2022-09-08 07:00:00,27.49,27.82,26.55,26.62,2190400,-0.029175784099197744
2022-09-09 07:00:00,26.62,26.91,26.22,26.84,1111000,0.008264462809917328
2022-09-12 07:00:00,26.84,27.2,26.69,26.77,937800,-0.002608047690014881
2022-09-13 07:00:00,26.77,27.02,26.59,26.69,840200,-0.002988419872992143
2022-09-14 07:00:00,26.11,26.48,26.08,26.48,933100,-0.007868115399025877
2022-09-15 07:00:00,26.48,26.69,25.86,25.93,1945600,-0.020770392749244748
2022-09-16 07:00:00,26.11,26.26,25.75,25.75,974900,-0.006941766293868112
2022-09-19 07:00:00,25.71,25.71,24.74,24.81,1276000,-0.03650485436893214
2022-09-20 07:00:00,24.88,25.57,24.88,25.5,1116600,0.02781136638452253
2022-09-21 07:00:00,25.24,25.46,25.21,25.21,495400,-0.011372549019607825
2022-09-22 07:00:00,25.06,25.61,24.99,25.5,977300,0.011503371677905605
2022-09-23 07:00:00,25.82,25.82,25.03,25.21,785400,-0.011372549019607825
2022-09-26 07:00:00,24.74,24.84,23.5,24.23,2016400,-0.03887346291154303
2022-09-27 07:00:00,24.3,24.7,23.94,24.45,607300,0.00907965332232763
2022-09-28 07:00:00,24.45,24.59,24.19,24.3,777900,-0.006134969325153339
2022-09-29 07:00:00,24.66,24.74,24.26,24.3,1000100,0.0
2022-09-30 07:00:00,23.79,24.59,23.43,24.59,1817900,0.011934156378600846
2022-10-03 07:00:00,24.01,24.37,22.89,22.89,1573400,-0.06913379422529475
2022-10-04 07:00:00,23.21,23.25,22.41,22.49,1195400,-0.01747487986020102
2022-10-05 07:00:00,23.07,23.21,22.7,23.07,516100,0.025789239662072028
2022-10-06 07:00:00,23.18,23.18,22.49,22.49,915800,-0.02514087559601219
2022-10-07 07:00:00,22.12,22.2,20.96,21.18,1716300,-0.05824811027123156
2022-10-10 07:00:00,20.42,22.09,20.31,21.76,1000800,0.02738432483474984
2022-10-11 07:00:00,21.76,21.76,20.67,20.67,907900,-0.05009191176470584
2022-10-12 07:00:00,21.04,22.09,20.82,22.09,1476600,0.06869859700048364
2022-10-13 07:00:00,22.16,23.54,22.09,23.54,1413700,0.06564056133997287
2022-10-14 07:00:00,23.94,24.08,23.65,23.94,1720800,0.016992353440951735
2022-10-17 07:00:00,23.9,23.9,22.99,23.72,1089600,-0.009189640768588192
2022-10-18 07:00:00,23.94,24.26,23.72,23.79,882400,0.00295109612141653
2022-10-19 07:00:00,23.79,24.3,23.5,23.94,753300,0.006305170239596647
2022-10-20 07:00:00,23.65,24.66,23.57,24.05,1476300,0.0045948203842940405
2022-10-21 07:00:00,24.05,24.05,23.28,23.65,1657300,-0.016632016632016744
2022-10-24 07:00:00,23.9,23.9,22.02,22.02,1374200,-0.06892177589852
2022-10-25 07:00:00,21.76,23.54,21.25,22.7,1464500,0.030881017257039067
2022-10-26 07:00:00,22.85,23.57,22.7,22.99,684000,0.012775330396475715
2022-10-27 07:00:00,23.07,24.59,23.07,24.59,2034500,0.06959547629404095
2022-10-28 07:00:00,24.88,25.35,24.52,24.52,2106200,-0.002846685644571023
2022-10-31 07:00:00,24.52,25.28,24.45,25.06,2663400,0.022022838499184294
2022-11-01 07:00:00,25.1,25.5,24.66,24.7,1615200,-0.01436552274541103
2022-11-02 07:00:00,24.7,24.92,24.34,24.45,1325200,-0.010121457489878583
2022-11-03 07:00:00,24.05,24.52,23.94,23.94,1125400,-0.020858895705521352
2022-11-04 07:00:00,23.94,24.41,22.89,24.16,2376600,0.009189640768588081
2022-11-07 07:00:00,23.79,24.74,23.79,24.16,1582200,0.0
2022-11-08 07:00:00,23.94,25.39,23.94,25.32,3079100,0.04801324503311255
2022-11-09 07:00:00,25.46,26.69,25.42,26.22,4501700,0.03554502369668233
2022-11-10 07:00:00,26.08,26.08,24.41,25.17,2499700,-0.04004576659038894
2022-11-11 07:00:00,26.11,26.48,25.68,26.11,2165600,0.037346046881207684
2022-11-14 07:00:00,25.82,26.77,25.32,26.04,1326800,-0.002680965147453085
2022-11-15 07:00:00,25.39,25.93,24.23,24.23,1888700,-0.06950844854070659
2022-11-16 07:00:00,23.14,25.9,22.89,25.9,1603000,0.06892282294676022
2022-11-17 07:00:00,26.26,26.48,25.75,25.86,1492200,-0.001544401544401497
2022-11-18 07:00:00,25.86,26.15,24.66,26.08,1383600,0.008507347254447017
2022-11-21 07:00:00,26.48,26.48,25.75,25.75,1285300,-0.012653374233128734
2022-11-22 07:00:00,25.1,26.66,25.1,26.44,2109100,0.026796116504854472
2022-11-23 07:00:00,26.4,27.56,26.08,27.13,2415200,0.026096822995461233
2022-11-24 07:00:00,26.98,27.85,26.69,27.56,1789300,0.015849612974566885
2022-11-25 07:00:00,27.85,29.02,27.71,29.02,2564400,0.05297532656023218
2022-11-28 07:00:00,29.02,29.45,28.29,28.65,2605800,-0.01274982770503108
2022-11-29 07:00:00,28.65,29.74,28.18,29.74,2549200,0.03804537521814999
2022-11-30 07:00:00,29.74,30.68,28.65,29.81,2054900,0.002353732347007309
2022-12-01 07:00:00,29.81,30.1,28.29,28.29,1935500,-0.050989600805098956
2022-12-02 07:00:00,28.29,29.96,28.25,29.89,1503000,0.05655708731000364
2022-12-05 07:00:00,30.03,30.47,29.41,29.92,1665800,0.0010036801605888268
2022-12-06 07:00:00,29.81,29.81,28.36,28.36,2673000,-0.05213903743315518
2022-12-07 07:00:00,28.65,28.65,27.93,28.29,1797900,-0.0024682651622003338
2022-12-08 07:00:00,28.43,29.89,28.14,28.29,2731500,0.0
2022-12-09 07:00:00,28.22,28.65,27.78,28.43,1624100,0.004948745139625288
2022-12-12 07:00:00,28.58,28.94,27.64,27.64,1983700,-0.02778754836440378
2022-12-13 07:00:00,27.6,28.65,27.6,28.07,1706400,0.015557163531114249
2022-12-14 07:00:00,28.8,28.8,28.14,28.14,659400,0.0024937655860348684
2022-12-15 07:00:00,28.0,28.91,28.0,28.29,1459900,0.005330490405117239
2022-12-16 07:00:00,28.04,28.65,28.04,28.22,1000200,-0.002474372569812644
2022-12-19 07:00:00,28.14,29.38,28.14,28.14,1917400,-0.0028348688873138794
2022-12-20 07:00:00,28.14,28.29,27.2,27.93,1652700,-0.007462686567164201
2022-12-21 07:00:00,28.18,28.73,27.89,28.0,1432800,0.0025062656641603454
2022-12-22 07:00:00,28.18,28.94,28.11,28.29,1335700,0.010357142857142732
2022-12-23 07:00:00,28.65,28.65,28.29,28.29,690600,0.0
2022-12-26 07:00:00,28.29,28.36,28.11,28.14,1255700,-0.005302226935312793
2022-12-27 07:00:00,28.14,29.02,28.07,29.02,1496000,0.03127221037668804
2022-12-28 07:00:00,29.09,30.76,28.73,30.39,3692800,0.047208821502412235
2022-12-29 07:00:00,30.47,30.54,29.02,29.02,1265700,-0.0450806186245476
2022-12-30 07:00:00,29.2,30.1,28.0,28.0,2618200,-0.035148173673328675
2023-01-03 07:00:00,28.51,29.89,28.33,29.89,1732900,0.06750000000000012
2023-01-04 07:00:00,29.89,30.61,29.31,29.6,2070300,-0.00970224155235866
2023-01-05 07:00:00,29.74,29.81,29.2,29.56,1175100,-0.0013513513513514486
2023-01-06 07:00:00,29.56,30.79,29.45,30.21,3400900,0.02198917456021654
2023-01-09 07:00:00,30.61,30.61,29.63,29.74,1326400,-0.015557762330354219
2023-01-10 07:00:00,30.18,30.25,29.56,29.96,924000,0.007397444519166241
2023-01-11 07:00:00,30.18,30.61,29.67,29.92,1531300,-0.001335113484646211
2023-01-12 07:00:00,29.99,30.43,29.74,30.07,708200,0.0050133689839571005
2023-01-13 07:00:00,30.18,30.61,30.18,30.32,1630000,0.008313934153641567
2023-01-16 07:00:00,30.47,32.42,30.43,32.42,4737900,0.06926121372031657
2023-01-17 07:00:00,32.64,32.86,32.35,32.61,1499200,0.0058605798889572736
2023-01-18 07:00:00,32.57,33.04,32.5,32.71,1832900,0.0030665440049064685
2023-01-19 07:00:00,32.71,33.59,32.61,33.33,1656800,0.01895444818098424
2023-01-27 07:00:00,33.73,33.8,32.28,32.32,1729800,-0.030303030303030276
2023-01-30 07:00:00,31.92,32.57,31.92,32.28,1210300,-0.0012376237623762387
2023-01-31 07:00:00,32.1,32.71,31.59,32.71,1643500,0.01332094175960341
2023-02-01 07:00:00,32.9,33.0,30.9,31.05,2510500,-0.05074900642005509
2023-02-02 07:00:00,31.01,31.63,30.54,31.3,2864500,0.008051529790660261
2023-02-03 07:00:00,31.55,31.77,31.3,31.45,1377900,0.004792332268370503
2023-02-06 07:00:00,31.41,32.64,31.12,32.64,1747200,0.037837837837837895
2023-02-07 07:00:00,32.64,32.9,31.7,31.77,1568300,-0.026654411764705954
2023-02-08 07:00:00,31.84,32.82,31.84,32.28,1796700,0.016052880075543063
2023-02-09 07:00:00,32.28,32.64,31.92,31.92,1184800,-0.01115241635687736
2023-02-10 07:00:00,32.21,32.32,31.16,31.16,1398000,-0.023809523809523836
2023-02-13 07:00:00,31.16,32.21,31.16,32.21,1589700,0.03369704749679081
2023-02-14 07:00:00,32.28,32.28,31.41,31.48,1325100,-0.022663769015833557
2023-02-15 07:00:00,31.3,32.24,31.3,31.92,604600,0.013977128335451061
2023-02-16 07:00:00,32.42,32.64,31.92,32.64,1068100,0.022556390977443552
2023-02-17 07:00:00,32.64,33.22,32.61,33.22,1493700,0.017769607843137303
2023-02-20 07:00:00,33.22,34.35,33.22,34.24,1508300,0.030704394942805635
2023-02-21 07:00:00,34.24,34.31,33.55,33.55,996600,-0.020151869158878677
2023-02-22 07:00:00,33.26,33.37,32.64,32.64,994100,-0.027123695976154938
2023-02-23 07:00:00,32.61,33.04,31.7,33.04,1279900,0.01225490196078427
2023-02-24 07:00:00,32.68,33.04,32.21,32.35,497900,-0.020883777239709356
2023-02-27 07:00:00,32.28,32.28,31.63,32.1,939200,-0.007727975270479082
2023-02-28 07:00:00,32.1,32.35,31.95,31.99,257600,-0.003426791277258645
2023-03-01 07:00:00,31.92,33.11,31.77,33.11,740900,0.03501094091903734
2023-03-02 07:00:00,33.11,33.73,32.93,33.66,976200,0.01661129568106312
2023-03-03 07:00:00,33.66,33.73,32.82,33.3,735400,-0.010695187165775333
2023-03-06 07:00:00,33.3,34.09,32.86,33.22,864900,-0.002402402402402304
2023-03-07 07:00:00,33.0,34.17,33.0,34.02,1634600,0.02408187838651421
2023-03-08 07:00:00,33.66,34.82,33.3,34.82,1229700,0.02351557907113455
2023-03-09 07:00:00,34.82,34.82,34.13,34.56,1170600,-0.0074669730040206606
2023-03-10 07:00:00,34.42,34.42,34.06,34.2,862200,-0.01041666666666663
2023-03-13 07:00:00,33.8,34.02,33.55,33.55,933700,-0.01900584795321658
2023-03-14 07:00:00,33.44,33.62,32.46,32.68,1444500,-0.02593144560357663
2023-03-15 07:00:00,33.37,34.38,32.97,33.95,628400,0.03886168910648724
2023-03-16 07:00:00,33.4,34.02,33.4,33.55,875700,-0.011782032400589282
2023-03-17 07:00:00,34.09,34.09,33.37,33.59,310700,0.0011922503725785294
2023-03-20 07:00:00,33.37,33.37,32.64,32.9,585800,-0.02054182792497783
2023-03-21 07:00:00,32.93,33.19,32.5,32.9,741600,0.0
2023-03-22 07:00:00,33.19,33.51,32.97,33.44,560800,0.01641337386018238
2023-03-23 07:00:00,32.86,33.37,32.86,33.3,414900,-0.004186602870813405
2023-03-24 07:00:00,33.3,33.59,33.0,33.04,364600,-0.007807807807807765
2023-03-27 07:00:00,33.04,33.48,32.64,33.37,672200,0.009987893462469755
2023-03-28 07:00:00,33.73,33.95,33.37,33.37,504000,0.0
2023-03-29 07:00:00,33.37,33.62,33.04,33.51,303100,0.004195385076416036
2023-03-30 07:00:00,33.55,33.8,33.51,33.51,699700,0.0
2023-03-31 07:00:00,33.51,34.09,33.4,33.51,643700,0.0
2023-04-03 07:00:00,33.84,33.95,33.22,33.3,1263700,-0.006266786034019756
2023-04-04 07:00:00,33.3,33.48,33.15,33.37,889600,0.0021021021021021546
2023-04-05 07:00:00,33.37,33.59,32.86,33.0,1363800,-0.011087803416242048
2023-04-06 07:00:00,33.0,33.73,32.86,33.37,1514700,0.011212121212121229
2023-04-07 07:00:00,33.19,33.37,33.0,33.11,731900,-0.007791429427629559
2023-04-10 07:00:00,33.22,33.22,32.42,32.42,1806100,-0.020839625490788216
2023-04-11 07:00:00,32.24,32.39,32.03,32.21,1229100,-0.006477483035163489
2023-04-12 07:00:00,32.28,32.5,32.06,32.21,775500,0.0
2023-04-13 07:00:00,32.21,32.64,32.21,32.61,779000,0.012418503570319706
2023-04-14 07:00:00,32.64,32.64,32.24,32.24,618700,-0.011346212818153845
2023-04-17 07:00:00,32.24,32.71,32.21,32.64,716600,0.012406947890818865
2023-04-18 07:00:00,32.5,32.64,32.13,32.35,639700,-0.008884803921568651
2023-04-19 07:00:00,32.46,32.46,32.06,32.21,452100,-0.00432766615146829
2023-04-20 07:00:00,32.17,32.35,32.03,32.35,256900,0.00434647624961193
2023-04-21 07:00:00,32.35,32.35,32.06,32.06,354500,-0.008964451313755784
2023-04-24 07:00:00,32.06,32.06,31.7,31.7,462900,-0.011228945726762363
2023-04-25 07:00:00,31.63,31.84,31.3,31.59,539200,-0.0034700315457413256
2023-04-26 07:00:00,31.55,32.13,31.34,31.99,405100,0.012662234884457169
2023-04-27 07:00:00,31.99,31.99,31.55,31.84,163100,-0.0046889653016567445
2023-04-28 07:00:00,31.88,31.99,31.55,31.55,414600,-0.009108040201004974
2023-05-04 07:00:00,31.55,32.06,31.41,31.74,376500,0.00602218700475432
2023-05-05 07:00:00,31.77,31.81,31.52,31.52,296500,-0.006931316950220534
2023-05-08 07:00:00,31.59,33.0,31.59,32.42,1130500,0.02855329949238583
2023-05-09 07:00:00,32.42,32.9,32.42,32.71,650900,0.008945095619987686
2023-05-10 07:00:00,32.86,32.86,32.28,32.64,595000,-0.0021400183430143604
2023-05-11 07:00:00,32.64,32.82,32.5,32.64,510500,0.0
2023-05-12 07:00:00,32.64,32.71,32.32,32.64,428300,0.0
2023-05-15 07:00:00,33.37,33.37,32.57,32.57,435500,-0.002144607843137303
2023-05-16 07:00:00,32.71,32.71,32.46,32.64,429200,0.002149217070924081
2023-05-17 07:00:00,32.64,32.71,32.5,32.5,865900,-0.0042892156862744946
2023-05-18 07:00:00,32.57,32.61,32.28,32.39,514700,-0.0033846153846153193
2023-05-19 07:00:00,32.35,32.61,32.13,32.21,603200,-0.005557270762581057
2023-05-22 07:00:00,32.21,32.61,32.21,32.21,607800,0.0
2023-05-23 07:00:00,32.57,32.57,31.81,31.81,753500,-0.012418503570319817
2023-05-24 07:00:00,31.92,31.92,31.55,31.55,767100,-0.008173530336372137
2023-05-25 07:00:00,31.55,31.92,31.52,31.74,655400,0.00602218700475432
2023-05-26 07:00:00,31.99,31.99,31.48,31.48,544800,-0.008191556395715116
2023-05-29 07:00:00,31.88,31.88,31.48,31.84,668100,0.011435832274459878
2023-05-30 07:00:00,31.92,31.92,31.63,31.77,800800,-0.0021984924623115187
2023-05-31 07:00:00,31.77,31.92,31.59,31.92,770800,0.0047214353163362865
2023-06-01 07:00:00,31.92,31.92,31.66,31.84,617900,-0.0025062656641604564
2023-06-02 07:00:00,31.92,32.57,31.92,32.42,1202800,0.01821608040201017
2023-06-05 07:00:00,32.57,32.9,32.42,32.42,959100,0.0
2023-06-06 07:00:00,32.64,32.64,32.13,32.5,846100,0.002467612584824197
2023-06-07 07:00:00,32.5,32.57,32.17,32.17,967700,-0.010153846153846069
2023-06-08 07:00:00,32.21,32.28,31.7,31.7,1655400,-0.0146098849860119
2023-06-09 07:00:00,31.77,31.95,31.26,31.52,1289600,-0.005678233438485836
2023-06-12 07:00:00,31.63,31.66,31.19,31.66,1125600,0.004441624365482344
2023-06-13 07:00:00,31.7,32.28,31.66,32.17,1328300,0.016108654453569127
2023-06-14 07:00:00,32.35,32.42,31.92,31.92,1334800,-0.007771215418091337
2023-06-15 07:00:00,31.84,32.06,31.7,31.81,823400,-0.003446115288220697
2023-06-16 07:00:00,32.13,32.28,31.66,31.7,1441500,-0.0034580320653881946
2023-06-19 07:00:00,31.77,31.81,31.41,31.41,796000,-0.00914826498422705
2023-06-20 07:00:00,31.52,31.55,31.3,31.55,812700,0.004457179242279619
2023-06-21 07:00:00,31.55,31.92,31.41,31.48,812800,-0.0022187004754358197
2023-06-22 07:00:00,31.7,31.95,31.48,31.88,1284000,0.01270648030495547
2023-06-23 07:00:00,31.84,32.61,31.7,32.13,1911900,0.007841907151819427
2023-06-26 07:00:00,32.28,32.53,31.84,32.13,1225100,0.0
2023-06-27 07:00:00,31.99,32.24,31.92,32.13,793800,0.0
2023-06-28 07:00:00,32.13,32.9,32.03,32.9,2337400,0.023965141612200203
2023-06-29 07:00:00,32.93,33.3,32.28,32.28,1582000,-0.018844984802431575
2023-06-30 07:00:00,32.28,32.5,31.45,31.45,975000,-0.02571251548946718
2023-07-03 07:00:00,31.84,32.28,31.7,32.28,1085400,0.026391096979332396
2023-07-04 07:00:00,32.21,32.32,31.74,31.92,1183300,-0.01115241635687736
2023-07-05 07:00:00,32.06,32.46,31.95,32.17,1294400,0.00783208020050119
2023-07-06 07:00:00,32.06,32.39,31.63,31.88,1337000,-0.009014609884986147
2023-07-07 07:00:00,31.7,32.13,31.7,32.13,880100,0.007841907151819427
2023-07-10 07:00:00,32.21,34.06,32.06,34.06,4620400,0.06006847183317765
2023-07-11 07:00:00,34.24,34.38,33.73,33.77,2620200,-0.008514386376981764
2023-07-12 07:00:00,34.06,34.2,33.48,33.88,2332100,0.0032573289902280145
2023-07-13 07:00:00,34.02,34.46,33.77,34.02,1884600,0.004132231404958775
2023-07-14 07:00:00,34.02,34.56,33.4,33.91,2606100,-0.0032333921222812423
2023-07-17 07:00:00,33.91,34.17,33.51,33.51,2231500,-0.011795930404010613
2023-07-18 07:00:00,33.51,33.88,33.51,33.88,1667200,0.011041480155177696
2023-07-19 07:00:00,34.02,34.02,33.26,33.55,2329500,-0.009740259740259938
2023-07-20 07:00:00,33.51,33.66,33.26,33.55,934600,0.0
2023-07-21 07:00:00,33.55,33.91,33.44,33.91,1422100,0.0107302533532041
2023-07-24 07:00:00,34.02,34.53,33.95,33.95,1970000,0.0011795930404012722
2023-07-25 07:00:00,33.91,34.24,33.88,34.2,1621600,0.007363770250368162
2023-07-26 07:00:00,34.2,34.85,34.2,34.35,2329100,0.004385964912280604
2023-07-27 07:00:00,34.31,34.38,33.84,33.88,1369700,-0.013682678311499274
2023-07-28 07:00:00,33.88,34.31,33.66,33.88,1754600,0.0
2023-07-31 07:00:00,34.09,34.42,33.88,34.24,1873000,0.010625737898465104
2023-08-01 07:00:00,34.49,35.91,34.24,34.96,3814100,0.02102803738317749
2023-08-02 07:00:00,34.96,35.76,34.93,35.62,2355600,0.018878718535469075
2023-08-03 07:00:00,35.62,35.65,35.11,35.22,2094400,-0.011229646266142534
2023-08-04 07:00:00,35.18,35.47,34.96,35.11,2196000,-0.0031232254400908044
2023-08-07 07:00:00,35.33,35.87,35.14,35.43,2004700,0.009114212475078265
2023-08-08 07:00:00,35.47,35.87,35.22,35.29,2104900,-0.003951453570420593
2023-08-09 07:00:00,35.29,35.4,34.85,34.96,1802300,-0.00935109096061204
2023-08-10 07:00:00,34.96,35.11,33.73,33.73,2612100,-0.035183066361556214
2023-08-11 07:00:00,33.73,34.02,33.08,33.88,2102400,0.0044470797509637006
2023-08-14 07:00:00,34.09,34.56,33.84,34.53,2117100,0.01918536009445093
2023-08-15 07:00:00,34.38,34.53,33.98,34.09,1658000,-0.012742542716478344
2023-08-16 07:00:00,34.06,34.53,34.02,34.46,1353700,0.010853622763273618
2023-08-17 07:00:00,34.46,34.6,34.17,34.17,1666000,-0.008415554265815417
2023-08-18 07:00:00,34.17,34.17,31.99,32.06,2845400,-0.06175007316359382
2023-08-21 07:00:00,32.35,33.98,32.28,33.08,1810000,0.03181534622582638
2023-08-22 07:00:00,32.57,33.33,32.28,33.22,1287500,0.004232164449818665
2023-08-23 07:00:00,33.51,33.51,32.93,33.15,1363100,-0.0021071643588199684
2023-08-24 07:00:00,33.15,33.44,32.9,33.22,1360100,0.002111613876319751
2023-08-25 07:00:00,33.22,33.22,32.68,32.79,1174700,-0.01294400963275133
2023-08-28 07:00:00,32.9,33.3,32.86,32.93,740300,0.004269594388533138
2023-08-29 07:00:00,32.93,33.44,32.9,33.22,1359600,0.008806559368357059
2023-08-30 07:00:00,33.37,33.8,33.22,33.51,1123800,0.008729680915111393
2023-08-31 07:00:00,33.62,34.06,33.59,34.06,1668900,0.016413011041480186
2023-09-05 07:00:00,34.09,34.6,34.09,34.46,1362300,0.01174398120963005
2023-09-06 07:00:00,34.6,34.6,34.2,34.31,1178700,-0.004352872896111415
2023-09-07 07:00:00,34.46,34.93,34.24,34.35,1172700,0.0011658408627222006
2023-09-08 07:00:00,34.46,34.49,34.06,34.09,1600700,-0.007569141193595308
2023-09-11 07:00:00,34.38,34.38,33.37,33.73,967200,-0.01056028160750977
2023-09-12 07:00:00,33.91,34.09,33.66,34.09,991700,0.010672991402312704
2023-09-13 07:00:00,34.17,34.35,33.73,34.09,1201100,0.0
2023-09-14 07:00:00,34.09,34.75,33.91,33.91,1873900,-0.00528014080375494
2023-09-15 07:00:00,34.09,34.38,33.95,33.95,1054000,0.0011795930404012722
2023-09-18 07:00:00,34.09,34.09,32.86,33.19,1446600,-0.022385861561119436
2023-09-19 07:00:00,33.22,33.48,32.64,32.79,1189600,-0.012051822838204274
2023-09-20 07:00:00,32.79,33.15,32.71,33.15,673300,0.010978956999085021
2023-09-21 07:00:00,33.15,33.4,32.71,32.79,915200,-0.010859728506787292
2023-09-22 07:00:00,32.5,33.4,32.06,33.4,1822500,0.01860323269289421
2023-09-25 07:00:00,33.4,33.4,32.57,32.71,1038300,-0.020658682634730474
2023-09-26 07:00:00,32.86,32.86,32.06,32.17,1121800,-0.016508712931825098
2023-09-27 07:00:00,32.17,32.42,32.1,32.21,1079800,0.0012433944668945873
2023-09-28 07:00:00,32.17,32.42,32.1,32.17,695600,-0.0012418503570319483
2023-09-29 07:00:00,32.21,32.46,32.06,32.17,542600,0.0
2023-10-02 07:00:00,32.17,32.39,31.77,31.88,688100,-0.009014609884986147
2023-10-03 07:00:00,31.66,31.74,30.14,30.14,1336300,-0.054579673776662396
2023-10-04 07:00:00,29.74,31.16,29.74,30.83,892900,0.022893165228931478
2023-10-05 07:00:00,30.83,31.08,30.14,30.18,526100,-0.02108336036328251
2023-10-06 07:00:00,30.18,30.83,29.89,30.61,555200,0.014247846255798446
2023-10-09 07:00:00,30.61,30.68,30.32,30.43,699800,-0.0058804312316236285
2023-10-10 07:00:00,30.61,30.83,30.39,30.5,876600,0.0023003614853762677
2023-10-11 07:00:00,30.83,30.83,30.28,30.47,1117500,-0.0009836065573770592
2023-10-12 07:00:00,30.5,30.76,30.39,30.57,1015900,0.003281916639317428
2023-10-13 07:00:00,30.61,30.83,30.54,30.83,1027000,0.008505070330389275
2023-10-16 07:00:00,30.83,30.83,29.92,30.21,973400,-0.020110282192669415
2023-10-17 07:00:00,30.39,30.61,29.96,29.96,978500,-0.00827540549486927
2023-10-18 07:00:00,29.96,29.99,29.02,29.02,1455600,-0.031375166889185624
2023-10-19 07:00:00,29.16,29.45,28.8,29.16,1169600,0.004824259131633424
2023-10-20 07:00:00,29.16,29.38,28.69,29.38,978400,0.007544581618655677
2023-10-23 07:00:00,29.23,29.38,29.09,29.23,706800,-0.005105513955071417
2023-10-24 07:00:00,29.12,30.07,29.12,29.96,915400,0.024974341430037628
2023-10-25 07:00:00,29.96,30.18,29.56,29.56,741800,-0.013351134846461998
2023-10-26 07:00:00,29.02,29.67,28.29,29.41,1976000,-0.005074424898511509
2023-10-27 07:00:00,29.41,30.47,29.16,30.47,894500,0.03604216252975179
2023-10-30 07:00:00,30.39,30.39,29.74,29.74,540600,-0.023957991467016715
2023-10-31 07:00:00,29.74,30.1,29.16,29.16,545000,-0.01950235373234699
2023-11-01 07:00:00,29.67,29.67,28.8,29.02,350900,-0.004801097393690057
2023-11-02 07:00:00,29.63,30.21,29.45,30.21,690200,0.04100620261888355
2023-11-03 07:00:00,30.65,30.65,30.1,30.1,563400,-0.0036411784177424744
2023-11-06 07:00:00,30.21,30.61,30.18,30.32,586900,0.0073089700996678
2023-11-07 07:00:00,30.47,30.47,30.1,30.32,531300,0.0
2023-11-08 07:00:00,30.21,31.19,30.14,31.12,966700,0.02638522427440626
2023-11-09 07:00:00,31.19,31.3,30.9,31.08,756700,-0.0012853470437018677
2023-11-10 07:00:00,30.76,31.12,30.54,30.61,627400,-0.01512226512226511
2023-11-13 07:00:00,30.61,30.97,30.43,30.54,473900,-0.0022868343678537073
2023-11-14 07:00:00,30.65,31.52,30.65,31.19,1571600,0.02128356254093
2023-11-15 07:00:00,31.48,32.03,31.34,32.03,1449200,0.026931708881051675
2023-11-16 07:00:00,32.1,32.21,31.52,31.74,970300,-0.009054011863877665
2023-11-17 07:00:00,31.92,31.92,30.87,31.12,1209700,-0.01953371140516691
2023-11-20 07:00:00,30.47,31.81,30.47,31.3,809800,0.005784061696658016
2023-11-21 07:00:00,31.7,31.88,31.19,31.88,824200,0.018530351437699544
2023-11-22 07:00:00,31.88,31.92,31.48,31.63,738100,-0.007841907151819316
2023-11-23 07:00:00,31.92,31.92,31.19,31.19,755300,-0.013910844135314515
2023-11-24 07:00:00,31.19,31.66,30.76,31.66,811000,0.015068932350112085
2023-11-27 07:00:00,31.66,31.66,31.05,31.19,747600,-0.01484523057485787
2023-11-28 07:00:00,31.89,31.89,31.23,31.76,833900,0.018275088169285025
2023-11-29 07:00:00,31.89,32.13,31.8,32.13,811800,0.011649874055415621
2023-11-30 07:00:00,31.89,32.3,31.72,31.76,726300,-0.011515717398070335
2023-12-01 07:00:00,31.8,32.3,31.76,32.21,761100,0.01416876574307313
2023-12-04 07:00:00,32.3,32.54,32.17,32.54,711900,0.010245265445513851
2023-12-05 07:00:00,32.54,32.62,32.21,32.42,654400,-0.00368776889981548
2023-12-06 07:00:00,32.42,33.03,32.21,32.7,1157100,0.008636644046884578
2023-12-07 07:00:00,32.99,33.52,32.7,33.19,1955000,0.014984709480122094
2023-12-08 07:00:00,33.19,34.34,33.19,34.26,2406400,0.03223862609219652
2023-12-11 07:00:00,34.34,34.5,33.81,33.85,1589400,-0.011967308814944455
2023-12-12 07:00:00,33.93,34.38,33.69,34.26,956500,0.012112259970457728
2023-12-13 07:00:00,34.26,34.34,33.19,34.01,793400,-0.007297139521307616
2023-12-14 07:00:00,34.05,34.18,33.77,34.01,779800,0.0
2023-12-15 07:00:00,33.89,34.09,33.73,33.93,562000,-0.0023522493384298127
2023-12-18 07:00:00,33.56,33.93,33.11,33.52,678400,-0.012083701738874075
2023-12-19 07:00:00,33.52,33.93,33.15,33.69,823300,0.00507159904534582
2023-12-20 07:00:00,34.26,34.34,33.36,33.77,1024900,0.002374591867023046
2023-12-21 07:00:00,33.44,34.26,33.44,34.18,1136900,0.012140953509031549
2023-12-22 07:00:00,34.18,34.71,33.85,34.71,1189100,0.015506143943826878
2023-12-25 07:00:00,34.75,35.4,34.34,35.32,1173400,0.017574186113511914
2023-12-26 07:00:00,35.32,35.61,34.91,35.16,1163800,-0.0045300113250283935
2023-12-27 07:00:00,34.99,35.32,34.99,35.16,938900,0.0
2023-12-28 07:00:00,35.16,35.28,34.91,34.91,1099500,-0.0071103526734925815
2023-12-29 07:00:00,34.91,35.48,34.58,35.48,882100,0.01632769979948434
2024-01-02 07:00:00,35.48,35.65,34.91,35.16,1112000,-0.009019165727170209
2024-01-03 07:00:00,35.48,36.06,35.16,35.81,1559300,0.018486916951080845
2024-01-04 07:00:00,35.89,36.79,35.65,35.69,3213200,-0.0033510192683608997
2024-01-05 07:00:00,35.73,36.75,35.73,36.38,1329800,0.019333146539647128
2024-01-08 07:00:00,36.63,38.02,36.51,37.94,1949000,0.04288070368334229
2024-01-09 07:00:00,38.43,38.43,37.65,37.65,1741100,-0.007643647865050007
2024-01-10 07:00:00,37.65,39.08,37.61,38.75,2141800,0.02921646746347939
2024-01-11 07:00:00,38.59,38.63,37.77,38.02,3385600,-0.018838709677419296
2024-01-12 07:00:00,37.53,38.59,36.83,37.61,3074500,-0.010783798001052225
2024-01-15 07:00:00,37.65,38.43,37.65,38.1,1335700,0.013028449880351012
2024-01-16 07:00:00,37.65,38.39,37.65,38.35,1130700,0.006561679790026309
2024-01-17 07:00:00,38.06,38.43,37.85,38.3,1463000,-0.0013037809647979959
2024-01-18 07:00:00,38.3,39.12,38.14,38.84,2278300,0.014099216710182993
2024-01-19 07:00:00,39.16,40.76,38.59,40.76,2954000,0.04943357363542722
2024-01-22 07:00:00,40.84,41.04,39.82,40.72,2365400,-0.0009813542688910104
2024-01-23 07:00:00,40.47,40.72,39.78,40.39,2182200,-0.008104125736738688
2024-01-24 07:00:00,39.65,40.23,39.61,39.98,1868700,-0.010151027482050101
2024-01-25 07:00:00,39.98,40.68,39.57,39.57,1348900,-0.010255127563781774
2024-01-26 07:00:00,39.57,40.02,39.57,40.02,812400,0.011372251705837888
2024-01-29 07:00:00,39.98,40.23,39.65,39.82,984500,-0.004997501249375369
2024-01-30 07:00:00,39.9,39.98,39.41,39.61,1121300,-0.005273731793068781
2024-01-31 07:00:00,39.65,39.9,38.84,39.0,1673600,-0.01540015147689977
2024-02-01 07:00:00,38.84,39.2,38.55,38.63,1542600,-0.009487179487179476
2024-02-02 07:00:00,38.67,38.84,38.18,38.35,1952800,-0.007248252653378251
2024-02-05 07:00:00,38.51,40.39,38.47,39.78,2249900,0.03728813559322042
2024-02-06 07:00:00,39.9,39.9,39.24,39.9,1527400,0.003016591251885359
2024-02-07 07:00:00,39.9,40.1,39.74,40.02,1859200,0.003007518796992681
2024-02-15 07:00:00,40.02,40.27,39.61,40.02,1625600,0.0
2024-02-16 07:00:00,40.06,40.06,39.49,39.69,1353000,-0.008245877061469398
2024-02-19 07:00:00,39.86,41.13,39.45,40.31,3283300,0.015621063240111033
2024-02-20 07:00:00,40.47,41.04,40.39,40.39,1569300,0.0019846192011907515
2024-02-21 07:00:00,40.68,40.72,39.98,40.68,1850900,0.007179995048279153
2024-02-22 07:00:00,40.72,40.8,40.47,40.68,1596200,0.0
2024-02-23 07:00:00,40.72,43.5,40.31,42.52,6935200,0.04523107177974439
2024-02-26 07:00:00,43.17,44.56,42.52,43.82,1533000,0.0305738476011288
2024-02-27 07:00:00,43.91,44.15,43.33,43.33,1742700,-0.011182108626198173
2024-02-28 07:00:00,43.5,44.8,42.76,44.07,2342300,0.017078236787445134
2024-02-29 07:00:00,44.07,44.15,43.33,43.33,1337300,-0.016791468118901753
2024-03-01 07:00:00,43.58,44.4,42.84,43.74,1246100,0.009462266328179147
2024-03-04 07:00:00,43.82,44.56,42.92,43.74,2330400,0.0
2024-03-05 07:00:00,43.74,44.48,43.25,44.48,1200400,0.016918152720621693
2024-03-06 07:00:00,44.15,44.8,43.74,44.48,1585300,0.0
2024-03-07 07:00:00,44.48,44.48,43.5,43.58,2125200,-0.020233812949640217
2024-03-08 07:00:00,43.66,43.66,40.55,41.78,2740700,-0.04130335016062403
2024-03-11 07:00:00,42.35,42.84,41.29,41.29,1478700,-0.011728099569171868
2024-03-12 07:00:00,41.37,42.6,41.29,42.52,1210100,0.029789295228868973
2024-03-13 07:00:00,42.68,43.01,42.35,43.01,1398100,0.011523988711194644
2024-03-14 07:00:00,43.74,43.74,42.02,42.27,1482400,-0.017205301092768965
2024-03-15 07:00:00,42.19,43.17,41.7,42.68,1433700,0.009699550508634802
2024-03-18 07:00:00,42.52,43.17,40.8,42.52,1481000,-0.0037488284910964786
2024-03-19 07:00:00,42.6,42.6,41.7,42.19,765300,-0.007761053621825109
2024-03-20 07:00:00,42.19,43.41,41.29,43.33,3132600,0.027020621000237055
2024-03-21 07:00:00,43.5,43.66,43.17,43.33,1857100,0.0
2024-03-22 07:00:00,43.58,46.36,43.58,44.31,4361200,0.022617124394184174
2024-03-25 07:00:00,44.31,45.38,43.09,43.33,1262200,-0.02211690363349139
2024-03-26 07:00:00,43.33,44.07,43.33,43.33,1409500,0.0
2024-03-27 07:00:00,43.58,43.58,42.92,42.92,1607900,-0.009462266328179036
2024-03-28 07:00:00,43.5,44.07,42.92,43.01,1358700,0.002096924510717635
2024-03-29 07:00:00,43.5,43.5,42.52,42.6,1788300,-0.009532666821669311
2024-04-01 07:00:00,42.68,43.09,42.27,42.6,1362900,0.0
2024-04-02 07:00:00,42.43,42.84,42.11,42.43,1576300,-0.003990610328638566
2024-04-03 07:00:00,42.52,42.76,41.7,41.7,1496500,-0.017204807918925202
2024-04-04 07:00:00,42.35,42.35,41.7,41.7,1093500,0.0
2024-04-05 07:00:00,41.62,41.62,41.04,41.04,1654900,-0.015827338129496438
2024-04-08 07:00:00,41.04,42.19,40.88,41.53,904800,0.011939571150097583
2024-04-09 07:00:00,41.78,43.09,41.53,43.09,1751000,0.03756320732000962
2024-04-10 07:00:00,43.17,43.17,42.43,42.52,1193200,-0.013228127175678783
2024-04-11 07:00:00,42.11,43.66,41.94,43.33,2276400,0.019049858889933935
2024-04-12 07:00:00,43.33,44.56,43.17,43.66,3374100,0.007615970459265986
2024-04-15 07:00:00,43.58,44.56,40.63,40.63,2541500,-0.06939990838295906
2024-04-16 07:00:00,40.63,41.86,40.43,41.13,2349900,0.0123061777012059
2024-04-17 07:00:00,41.62,41.7,39.24,39.33,1973200,-0.043763676148796615
2024-04-19 07:00:00,39.16,40.47,38.51,39.53,2170000,0.005085176709890726
2024-04-22 07:00:00,39.9,40.96,39.9,40.96,1298900,0.036175056918795745
2024-04-23 07:00:00,40.23,41.29,39.65,40.39,2273300,-0.013916015625
2024-04-24 07:00:00,40.43,41.21,40.35,40.88,1416800,0.012131715771230622
2024-04-25 07:00:00,40.68,41.13,40.31,40.55,1053600,-0.008072407045009888
2024-04-26 07:00:00,40.55,40.96,40.14,40.23,774500,-0.007891491985203447
2024-05-02 07:00:00,40.31,40.63,39.94,40.23,568700,0.0
2024-05-03 07:00:00,40.59,40.8,40.06,40.23,700800,0.0
2024-05-06 07:00:00,40.31,41.29,40.31,41.29,1192000,0.026348496147153844
2024-05-07 07:00:00,41.37,41.7,40.88,40.88,1069500,-0.00992976507628962
2024-05-08 07:00:00,40.96,41.53,40.72,40.72,1057600,-0.00391389432485334
2024-05-09 07:00:00,41.13,41.13,40.47,40.47,970600,-0.006139489194499026
2024-05-10 07:00:00,40.55,40.68,40.02,40.1,827700,-0.009142574746725862
2024-05-13 07:00:00,40.23,40.47,39.65,39.74,1663700,-0.008977556109725726
2024-05-14 07:00:00,39.9,40.23,39.29,39.33,1948300,-0.01031706089582296
2024-05-15 07:00:00,39.61,40.02,39.53,39.74,1393000,0.010424612255276022
2024-05-16 07:00:00,40.19,41.13,40.1,40.55,2097300,0.020382486160040125
2024-05-17 07:00:00,40.59,40.63,40.23,40.35,1518300,-0.004932182490752002
2024-05-20 07:00:00,40.55,41.45,40.47,40.55,2191900,0.004956629491945419
2024-05-21 07:00:00,40.88,41.13,40.39,40.88,1794700,0.008138101109741225
2024-05-22 07:00:00,41.29,41.86,40.68,40.72,2428000,-0.00391389432485334
2024-05-23 07:00:00,40.72,41.04,40.39,40.47,1788900,-0.006139489194499026
2024-05-24 07:00:00,40.55,41.37,39.65,40.23,2175600,-0.005930318754633124
2024-05-27 07:00:00,40.39,40.39,39.69,39.98,763200,-0.00621426795923441
2024-05-28 07:00:00,40.06,40.23,39.74,40.14,1230700,0.00400200100050041
2024-05-29 07:00:00,40.43,40.43,39.74,39.74,1388900,-0.009965122072745358
2024-05-30 07:00:00,39.57,39.65,38.75,39.0,2092000,-0.01862103673880222
2024-05-31 07:00:00,39.0,39.49,38.51,38.51,1967800,-0.012564102564102564
2024-06-03 07:00:00,39.16,39.61,38.59,38.67,2095200,0.004154764996104898
2024-06-04 07:00:00,39.12,39.41,38.88,38.92,1112900,0.006464959917248603
2024-06-05 07:00:00,39.16,39.41,38.96,38.96,1799400,0.0010277492291881352
2024-06-06 07:00:00,39.0,39.33,39.0,39.16,1413000,0.005133470225872516
2024-06-07 07:00:00,39.33,39.49,39.0,39.04,1233400,-0.003064351378958108
2024-06-10 07:00:00,39.12,39.69,38.88,38.96,2062700,-0.002049180327868827
2024-06-11 07:00:00,39.08,39.12,38.59,38.71,2535500,-0.006416837782340812
2024-06-12 07:00:00,38.92,39.2,38.43,39.16,2649200,0.011624903125807107
2024-06-13 07:00:00,39.53,39.53,39.16,39.53,2615400,0.009448416751787647
2024-06-14 07:00:00,39.57,39.86,38.84,38.84,2240900,-0.017455097394384
2024-06-17 07:00:00,38.84,38.84,38.02,38.02,2812800,-0.021112255406797176
2024-06-18 07:00:00,38.18,38.47,38.02,38.02,1468000,0.0
2024-06-19 07:00:00,38.26,38.26,37.49,37.69,2599500,-0.00867964229352991
2024-06-20 07:00:00,37.61,37.77,37.08,37.2,2671200,-0.01300079596709991
2024-06-21 07:00:00,37.28,37.98,37.24,37.28,1540200,0.0021505376344086446
2024-06-24 07:00:00,37.61,37.9,36.79,36.79,1951000,-0.013143776824034337
2024-06-25 07:00:00,37.12,37.36,35.61,36.14,2891100,-0.017667844522968212
2024-06-26 07:00:00,36.18,36.63,35.97,36.38,1689800,0.006640841173215284
2024-06-27 07:00:00,36.55,36.79,36.06,36.06,1573600,-0.008796041781198416
2024-06-28 07:00:00,36.06,36.46,35.36,35.36,2120500,-0.01941209095951202
2024-07-01 07:00:00,35.4,35.89,35.16,35.89,1236800,0.014988687782805377
2024-07-02 07:00:00,36.18,37.45,36.02,37.41,3612500,0.0423516299804958
2024-07-03 07:00:00,37.61,38.59,37.24,38.59,4601800,0.03154236835070856
2024-07-04 07:00:00,38.43,38.75,38.26,38.67,2666100,0.0020730759264058207
2024-07-05 07:00:00,38.71,39.41,38.51,38.67,4622000,0.0
2024-07-08 07:00:00,38.88,39.08,38.22,38.43,1981700,-0.006206361520558645
2024-07-09 07:00:00,38.84,39.24,38.35,38.84,2572300,0.010668748373666492
2024-07-10 07:00:00,39.12,39.16,38.35,38.35,2019900,-0.01261585993820813
2024-07-11 07:00:00,38.8,38.8,38.26,38.26,1293700,-0.0023468057366363704
2024-07-12 07:00:00,38.35,38.59,37.81,38.1,1435600,-0.004181913225300482
2024-07-15 07:00:00,38.43,38.47,37.85,38.06,1185400,-0.0010498687664042272
2024-07-16 07:00:00,38.26,39.49,38.02,38.55,4079700,0.012874408828165818
2024-07-17 07:00:00,39.16,40.88,38.88,39.24,7855000,0.01789883268482506
2024-07-18 07:00:00,39.74,40.31,39.12,39.65,3362700,0.010448521916411657
2024-07-19 07:00:00,39.9,40.06,38.84,39.0,3082700,-0.016393442622950838
2024-07-22 07:00:00,39.0,39.82,38.59,39.0,3438100,0.0
2024-07-23 07:00:00,39.08,39.45,36.38,37.61,3359700,-0.03564102564102567
2024-07-24 07:00:00,36.79,38.3,36.79,37.69,2478000,0.00212709385801646
2024-07-25 07:00:00,37.98,37.98,37.2,37.61,1465000,-0.0021225789334040623
2024-07-26 07:00:00,37.85,38.06,37.49,37.81,1238300,0.005317734645041261
2024-07-29 07:00:00,37.9,38.63,37.9,38.51,1045400,0.0185136207352552
2024-07-30 07:00:00,38.71,38.71,38.02,38.26,2282100,-0.006491820306413931
2024-07-31 07:00:00,38.43,39.57,38.35,38.92,3161200,0.01725039205436496
2024-08-01 07:00:00,39.16,39.98,38.26,38.26,3825500,-0.016957862281603342
2024-08-02 07:00:00,38.02,39.04,38.02,39.04,1968800,0.020386826973340266
2024-08-05 07:00:00,38.35,38.59,36.79,37.69,2723100,-0.03457991803278693
2024-08-06 07:00:00,37.94,38.96,37.49,38.22,1806100,0.014062085433802052
2024-08-07 07:00:00,38.75,38.75,37.61,37.94,2145000,-0.007326007326007411
2024-08-08 07:00:00,38.02,38.26,37.36,37.61,1424000,-0.008697944122298296
2024-08-09 07:00:00,38.43,38.43,37.9,38.18,1050900,0.015155543738367472
2024-08-12 07:00:00,38.18,38.71,38.02,38.26,1358400,0.002095337873232017
2024-08-13 07:00:00,38.43,38.55,38.02,38.14,1015400,-0.003136434918975417
2024-08-14 07:00:00,38.26,39.04,38.26,38.47,1703800,0.008652333508127885
2024-08-15 07:00:00,38.47,38.8,38.14,38.14,1004300,-0.008578112815180616
2024-08-16 07:00:00,38.22,39.29,38.22,38.84,2382200,0.018353434714210914
2024-08-19 07:00:00,39.08,39.65,38.92,39.16,2107200,0.008238928939237722
2024-08-20 07:00:00,39.49,40.23,39.37,40.19,4359400,0.02630234933605724
2024-08-21 07:00:00,40.43,41.53,40.1,41.37,6170900,0.02936053744712619
2024-08-22 07:00:00,41.7,41.94,40.8,41.13,2738000,-0.005801305293690939
2024-08-23 07:00:00,41.04,41.53,40.96,41.29,2273200,0.0038901045465595807
2024-08-26 07:00:00,41.53,41.62,40.96,41.04,2246500,-0.006054734802615647
2024-08-27 07:00:00,41.13,41.13,40.14,40.55,4159800,-0.011939571150097472
2024-08-28 07:00:00,40.55,41.13,40.47,40.55,1206100,0.0
2024-08-29 07:00:00,40.31,41.37,40.31,40.31,1686100,-0.0059186189889024465
2024-08-30 07:00:00,40.51,40.63,39.98,39.98,1798000,-0.0081865542049121
2024-09-04 07:00:00,39.65,40.43,39.37,40.02,1971000,0.0010005002501252136
2024-09-05 07:00:00,39.86,40.47,39.74,39.82,1899400,-0.004997501249375369
2024-09-06 07:00:00,39.82,40.47,39.78,40.31,2361500,0.012305374183827267
2024-09-09 07:00:00,40.23,40.51,39.98,40.1,1202400,-0.0052096254031257505
2024-09-10 07:00:00,40.31,40.31,39.61,39.65,2399900,-0.01122194513715713
2024-09-11 07:00:00,39.61,39.78,39.24,39.49,1405800,-0.004035308953341699
2024-09-12 07:00:00,39.65,39.82,39.53,39.53,1105200,0.0010129146619397567
2024-09-13 07:00:00,39.41,39.69,39.41,39.41,747400,-0.0030356691120668744
2024-09-16 07:00:00,39.41,39.74,39.04,39.04,1570700,-0.009388480081197637
2024-09-17 07:00:00,39.08,39.82,38.84,39.82,1363300,0.01997950819672134
2024-09-18 07:00:00,39.9,40.43,39.65,40.1,1836300,0.007031642390758375
2024-09-19 07:00:00,40.23,40.39,39.9,40.27,1356100,0.004239401496259454
2024-09-20 07:00:00,40.47,40.8,40.1,40.1,2652200,-0.0042215048423144275
2024-09-23 07:00:00,40.1,40.39,39.82,39.82,1217700,-0.006982543640897787
2024-09-24 07:00:00,40.02,40.27,39.65,40.27,1414200,0.011300853842290293
2024-09-25 07:00:00,40.63,41.21,40.35,40.88,5257900,0.015147752669480985
2024-09-26 07:00:00,41.13,41.53,40.76,40.88,4232600,0.0
2024-09-27 07:00:00,41.13,42.27,40.88,40.96,3204000,0.001956947162426559
2024-09-30 07:00:00,40.96,41.04,40.55,40.63,2190600,-0.008056640625
2024-10-01 07:00:00,40.63,41.45,40.63,40.63,2817700,0.0
2024-10-02 07:00:00,40.63,41.04,40.55,40.72,1835200,0.0022151119862170443
2024-10-03 07:00:00,40.72,41.53,40.47,40.47,3503800,-0.006139489194499026
2024-10-04 07:00:00,40.47,40.55,40.19,40.23,2164800,-0.005930318754633124
2024-10-07 07:00:00,40.47,40.47,40.06,40.1,1492500,-0.0032314193388017776
2024-10-08 07:00:00,40.1,40.35,39.9,39.98,1900100,-0.0029925187032420197
2024-10-09 07:00:00,40.23,40.55,39.9,40.43,2190900,0.011255627813907099
2024-10-10 07:00:00,40.84,40.84,40.39,40.68,2650400,0.006183527083848617
2024-10-11 07:00:00,40.76,40.76,40.31,40.39,1539800,-0.007128810226155302
2024-10-14 07:00:00,40.47,40.68,40.39,40.39,1161900,0.0
2024-10-15 07:00:00,40.47,41.7,40.47,40.88,6928400,0.012131715771230622
2024-10-16 07:00:00,40.88,41.29,40.72,40.76,1791000,-0.0029354207436400603
2024-10-17 07:00:00,41.04,41.13,40.51,41.13,2118900,0.009077526987242512
2024-10-18 07:00:00,41.45,41.7,41.13,41.13,3395100,0.0
2024-10-21 07:00:00,40.88,41.04,40.59,40.59,2125200,-0.013129102844638973
2024-10-22 07:00:00,40.63,40.63,39.82,39.86,3371900,-0.01798472530179862
2024-10-23 07:00:00,39.86,39.86,39.24,39.57,2397200,-0.007275464124435471
2024-10-24 07:00:00,39.33,39.94,39.24,39.24,1465200,-0.0083396512509476
2024-10-25 07:00:00,39.29,39.49,38.84,38.84,1696500,-0.010193679918450549
2024-10-28 07:00:00,38.84,39.04,38.67,38.84,1726200,0.0
2024-10-29 07:00:00,39.0,39.61,38.84,38.88,2176400,0.001029866117404632
2024-10-30 07:00:00,38.96,39.41,38.96,39.0,1415800,0.0030864197530864335
2024-10-31 07:00:00,39.24,39.61,38.96,39.04,1792200,0.0010256410256410664
2024-11-01 07:00:00,39.24,39.33,38.88,39.04,1543200,0.0
2024-11-04 07:00:00,39.04,39.41,38.88,39.0,1337100,-0.0010245901639344135
2024-11-05 07:00:00,39.0,39.16,38.71,38.75,1526000,-0.0064102564102563875
2024-11-06 07:00:00,38.92,39.37,38.92,39.29,1082600,0.013935483870967769
2024-11-07 07:00:00,39.57,39.57,38.92,38.92,1263600,-0.009417154492237123
2024-11-08 07:00:00,39.0,39.16,38.43,38.75,2648700,-0.004367934224049352
2024-11-11 07:00:00,38.75,38.84,37.94,38.02,2600300,-0.018838709677419296
2024-11-12 07:00:00,38.02,38.3,37.85,37.85,1686200,-0.004471330878485058
2024-11-13 07:00:00,37.85,38.02,37.49,37.73,1816400,-0.0031704095112286
2024-11-14 07:00:00,37.81,37.81,37.2,37.2,1998500,-0.014047177312483283
2024-11-15 07:00:00,37.28,37.28,36.55,36.55,2255800,-0.0174731182795701
2024-11-18 07:00:00,36.51,37.28,36.34,36.34,1914300,-0.005745554035567535
2024-11-19 07:00:00,36.96,36.96,36.46,36.46,1457400,0.003302146395156802
2024-11-20 07:00:00,36.55,37.49,36.38,36.79,2188800,0.009051014810751434
2024-11-21 07:00:00,36.87,37.32,36.87,37.08,1472400,0.007882576787170414
2024-11-22 07:00:00,37.45,37.45,37.0,37.36,1874700,0.007551240560949246
2024-11-25 07:00:00,37.36,37.45,37.2,37.24,1110400,-0.0032119914346894207
2024-11-26 07:00:00,37.2,37.81,37.2,37.81,1839300,0.015306122448979664
2024-11-27 07:00:00,37.81,37.98,37.65,37.9,1214900,0.002380322665961332
2024-11-28 07:00:00,38.02,38.06,37.69,37.69,1284700,-0.005540897097625397
2024-11-29 07:00:00,37.69,38.22,37.49,38.22,1443200,0.014062085433802052
2024-12-02 07:00:00,38.35,38.51,38.02,38.02,1314100,-0.005232862375719405
2024-12-03 07:00:00,38.02,38.02,37.65,37.65,1400100,-0.009731720147291067
2024-12-04 07:00:00,37.69,37.73,36.91,36.91,2399100,-0.019654714475431656
2024-12-05 07:00:00,37.04,38.26,37.04,37.61,2427400,0.018965050121918292
2024-12-06 07:00:00,37.94,38.39,37.94,38.1,2497200,0.013028449880351012
2024-12-09 07:00:00,38.14,38.43,38.1,38.18,1717700,0.0020997375328084544
2024-12-10 07:00:00,38.26,38.71,38.22,38.22,1943300,0.0010476689366158976
2024-12-11 07:00:00,38.39,38.43,38.02,38.1,1286600,-0.0031397174254316207
2024-12-12 07:00:00,38.18,38.55,38.1,38.1,1935300,0.0
2024-12-13 07:00:00,38.06,38.26,37.94,37.94,1382900,-0.004199475065616909
2024-12-16 07:00:00,38.43,38.63,38.18,38.22,3247200,0.0073800738007381295
2024-12-17 07:00:00,38.43,38.55,38.1,38.1,2248800,-0.0031397174254316207
2024-12-18 07:00:00,38.3,38.43,38.18,38.3,1661100,0.005249343832020914
2024-12-19 07:00:00,38.14,38.22,37.94,37.98,2706000,-0.008355091383811963
2024-12-20 07:00:00,38.02,38.18,37.9,37.98,2993400,0.0
2024-12-23 07:00:00,38.47,38.57,38.08,38.18,2895400,0.00526592943654558
2024-12-24 07:00:00,38.27,38.42,37.63,37.68,3216000,-0.013095861707700385
2024-12-25 07:00:00,37.78,39.36,37.68,38.22,5277300,0.014331210191082855
2024-12-26 07:00:00,38.52,38.92,38.37,38.57,3884200,0.009157509157509125
2024-12-27 07:00:00,38.82,39.07,38.67,38.72,2859500,0.003889032927145486
2024-12-30 07:00:00,38.67,38.72,37.83,37.83,4011800,-0.022985537190082672
2024-12-31 07:00:00,38.08,38.32,37.14,37.14,3416900,-0.018239492466296525
2025-01-02 07:00:00,37.78,38.22,37.48,37.78,3160500,0.017232094776521212
2025-01-03 07:00:00,37.78,38.18,37.78,37.78,3698500,0.0
2025-01-06 07:00:00,37.88,38.72,37.78,38.37,4820800,0.015616728427739535
2025-01-07 07:00:00,38.67,40.05,38.62,39.96,10448400,0.041438623924941353
2025-01-08 07:00:00,39.96,39.96,39.21,39.91,3125200,-0.0012512512512513618
2025-01-09 07:00:00,39.46,39.61,38.92,39.51,3599100,-0.010022550739163028
2025-01-10 07:00:00,39.46,39.46,38.67,38.67,3114500,-0.021260440394836655
2025-01-13 07:00:00,38.67,38.92,37.98,38.87,2461400,0.0051719679337987046
2025-01-14 07:00:00,38.77,38.77,38.47,38.57,957600,-0.007718034473887192
2025-01-15 07:00:00,38.77,38.77,38.18,38.77,1485800,0.005185377236194055
2025-01-16 07:00:00,38.77,39.07,38.62,38.97,1628500,0.005158627805003757
2025-01-17 07:00:00,38.77,39.07,38.62,39.07,1572900,0.002566076469078915
2025-01-20 07:00:00,39.02,39.66,38.97,39.46,2854300,0.009982083439979528
2025-01-21 07:00:00,39.61,39.61,39.07,39.36,2139600,-0.0025342118601114905
2025-01-22 07:00:00,39.36,39.36,39.02,39.07,2020900,-0.007367886178861749
2025-01-23 07:00:00,39.07,39.66,39.02,39.46,2925500,0.009982083439979528
2025-01-24 07:00:00,39.46,39.56,39.31,39.56,2333900,0.0025342118601114905
2025-02-03 07:00:00,39.26,39.46,38.67,38.97,3550500,-0.014914054600606796
2025-02-04 07:00:00,39.07,39.66,38.72,39.21,4270900,0.00615858352578913
2025-02-05 07:00:00,39.46,39.51,39.11,39.16,2370300,-0.0012751849018108885
2025-02-06 07:00:00,39.21,39.56,39.16,39.36,3976100,0.005107252298263587
2025-02-07 07:00:00,39.36,40.35,39.36,40.05,8054000,0.017530487804878092
2025-02-10 07:00:00,40.05,40.75,39.66,39.91,4596700,-0.003495630461922583
2025-02-11 07:00:00,40.05,40.3,39.66,40.0,2873800,0.002255073916311856
2025-02-12 07:00:00,39.91,40.0,39.46,39.56,4336000,-0.010999999999999899
2025-02-13 07:00:00,39.56,39.81,39.46,39.56,2430100,0.0
2025-02-14 07:00:00,39.91,40.4,39.71,40.2,4557800,0.016177957532861553
2025-02-17 07:00:00,40.2,40.2,39.71,39.76,2273100,-0.010945273631840946
2025-02-18 07:00:00,39.66,40.2,39.61,40.05,3320100,0.007293762575452778
2025-02-19 07:00:00,40.05,40.45,39.96,40.4,5452400,0.008739076154806513
2025-02-20 07:00:00,40.55,40.6,40.2,40.45,3398400,0.0012376237623763497
2025-02-21 07:00:00,40.4,40.6,40.2,40.45,2988800,0.0
2025-02-24 07:00:00,40.45,40.94,40.25,40.65,4168600,0.0049443757725586845
2025-02-25 07:00:00,40.7,40.9,40.55,40.8,4348800,0.0036900369003689537
2025-02-26 07:00:00,40.75,40.8,40.5,40.75,3020100,-0.001225490196078316
2025-02-27 07:00:00,40.75,40.85,40.45,40.5,2552300,-0.006134969325153339
2025-02-28 07:00:00,40.5,40.5,40.25,40.5,3051600,0.0
2025-03-03 07:00:00,40.5,40.75,40.4,40.5,1966100,0.0
2025-03-04 07:00:00,40.35,40.45,39.96,40.35,3340100,-0.0037037037037036535
2025-03-05 07:00:00,40.25,40.7,40.0,40.2,2829800,-0.0037174721189591198
2025-03-06 07:00:00,40.2,40.45,40.1,40.35,2390500,0.003731343283582156
2025-03-07 07:00:00,40.35,40.7,40.25,40.7,4622400,0.00867410161090465
2025-03-10 07:00:00,40.85,41.54,40.75,40.94,4881700,0.005896805896805857
2025-03-11 07:00:00,40.5,40.94,40.3,40.94,3352200,0.0
2025-03-12 07:00:00,40.9,40.94,40.4,40.45,3968100,-0.011968734733756592
2025-03-13 07:00:00,40.45,40.45,39.66,39.76,3981300,-0.017058096415327628
2025-03-14 07:00:00,39.76,39.96,39.61,39.96,2298100,0.005030181086519203
2025-03-17 07:00:00,39.96,40.1,39.71,39.91,3319900,-0.0012512512512513618
2025-03-18 07:00:00,40.05,40.15,39.56,39.56,3419200,-0.008769731896767552
2025-03-19 07:00:00,39.76,39.76,39.11,39.36,3182000,-0.005055611729019249
2025-03-20 07:00:00,39.11,39.46,39.11,39.36,2255800,0.0
2025-03-21 07:00:00,39.16,39.36,39.02,39.02,2407600,-0.008638211382113736
2025-03-24 07:00:00,39.02,39.07,38.57,38.67,3733500,-0.008969759097898544
2025-03-25 07:00:00,38.77,39.26,38.77,39.26,2936500,0.01525730540470649
2025-03-26 07:00:00,39.16,39.41,38.97,39.11,2603800,-0.003820682628629557
2025-03-27 07:00:00,39.21,39.21,38.67,38.67,1862400,-0.011250319611352588
2025-03-28 07:00:00,38.72,38.82,38.62,38.67,1401500,0.0
2025-03-31 07:00:00,38.57,38.57,38.08,38.32,2899600,-0.009050943884147955
2025-04-01 07:00:00,38.47,38.57,38.27,38.57,1367000,0.006524008350730748
2025-04-02 07:00:00,38.82,38.82,38.27,38.27,3026000,-0.007778065854290861
2025-04-03 07:00:00,36.59,37.48,35.6,35.6,7520100,-0.06976744186046513
2025-04-04 07:00:00,33.18,35.6,33.18,35.6,6883200,0.0
2025-04-08 07:00:00,34.61,35.11,33.13,33.13,4706500,-0.06938202247191005
2025-04-09 07:00:00,30.86,34.12,30.86,32.09,6519100,-0.03139148807727132
2025-04-10 07:00:00,34.32,34.32,34.32,34.32,635800,0.06949205359925203
2025-04-11 07:00:00,36.49,36.49,35.16,36.35,6947500,0.05914918414918424
2025-04-14 07:00:00,36.59,36.59,35.6,36.59,3547400,0.006602475928473295
2025-04-15 07:00:00,36.2,36.35,35.6,36.1,2999100,-0.013391637059305905
2025-04-16 07:00:00,35.7,36.0,35.31,35.6,2914600,-0.013850415512465353
2025-04-17 07:00:00,34.81,35.46,34.57,35.46,3126800,-0.00393258426966292
2025-04-18 07:00:00,35.8,35.85,35.46,35.55,3477600,0.002538071065989689
2025-04-21 07:00:00,35.55,35.6,34.71,34.86,2105600,-0.01940928270042186
2025-04-22 07:00:00,34.76,34.81,32.44,34.71,3599300,-0.004302925989672968
2025-04-23 07:00:00,35.36,35.36,34.61,34.96,1849600,0.007202535292422985
2025-04-24 07:00:00,34.96,35.06,34.52,35.06,2028700,0.0028604118993136307
2025-04-25 07:00:00,34.91,35.01,34.61,34.61,2684500,-0.01283513976041084
2025-04-28 07:00:00,34.91,34.91,34.02,34.17,3320200,-0.012713088702687059
2025-04-29 07:00:00,34.22,34.37,33.97,34.17,2440200,0.0
2025-05-05 07:00:00,34.27,34.47,33.92,34.47,1834700,0.008779631255487086
2025-05-06 07:00:00,34.52,34.81,34.17,34.57,2972100,0.0029010733971570613
2025-05-07 07:00:00,34.42,34.52,34.22,34.52,2129800,-0.001446340757882525
2025-05-08 07:00:00,34.52,35.16,34.32,35.06,4666200,0.015643105446118133
2025-05-09 07:00:00,35.16,35.31,34.71,34.71,3058100,-0.00998288648031953
2025-05-12 07:00:00,34.71,34.91,34.61,34.86,3137300,0.004321521175453702
2025-05-13 07:00:00,35.06,35.41,34.91,35.41,6592100,0.0157773952954674
2025-05-14 07:00:00,35.55,37.09,35.51,37.04,11855500,0.046032194295396955
2025-05-15 07:00:00,37.09,37.29,36.74,36.99,6223800,-0.0013498920086392197
2025-05-16 07:00:00,36.99,37.04,36.15,36.2,5773600,-0.021357123546904555
2025-05-19 07:00:00,36.1,36.15,35.7,35.8,2742800,-0.011049723756906271
2025-05-20 07:00:00,35.85,36.0,35.46,35.8,4650500,0.0
2025-05-21 07:00:00,35.95,36.44,35.6,35.8,3685900,0.0
2025-05-22 07:00:00,35.8,35.8,35.46,35.6,3481000,-0.005586592178770777
2025-05-23 07:00:00,35.6,35.6,35.11,35.46,3338100,-0.00393258426966292
2025-05-26 07:00:00,35.46,35.51,34.61,35.46,2512800,0.0
2025-05-27 07:00:00,35.6,36.0,35.41,35.9,3546900,0.012408347433727984
2025-05-28 07:00:00,36.54,36.54,35.65,36.1,4671900,0.005571030640668662
2025-05-29 07:00:00,36.1,36.1,35.7,36.05,3029800,-0.0013850415512466352
2025-05-30 07:00:00,36.0,36.0,35.41,35.6,2334100,-0.012482662968099745
2025-06-02 07:00:00,35.41,35.46,35.11,35.31,2796500,-0.008146067415730318
2025-06-03 07:00:00,35.51,35.75,35.41,35.51,2729300,0.005664117813650504
2025-06-04 07:00:00,35.6,35.7,35.26,35.36,3010300,-0.00422416220782873
2025-06-05 07:00:00,35.51,35.51,35.06,35.11,3302200,-0.00707013574660631
2025-06-06 07:00:00,35.11,35.26,34.81,34.86,2792100,-0.007120478496154936
2025-06-09 07:00:00,34.86,34.96,34.61,34.86,1659900,0.0
2025-06-10 07:00:00,34.86,35.06,34.81,34.81,1865600,-0.0014343086632242485
2025-06-11 07:00:00,34.91,35.01,34.61,34.66,1236800,-0.004309106578569533
2025-06-12 07:00:00,34.71,35.01,34.71,34.91,1416400,0.007212925562608108
2025-06-13 07:00:00,34.66,35.85,34.61,35.16,6320900,0.007161271841879202
2025-06-16 07:00:00,35.16,35.51,35.06,35.46,2707600,0.008532423208191142
2025-06-17 07:00:00,35.6,35.8,35.46,35.51,3745800,0.0014100394811054073
2025-06-18 07:00:00,35.51,35.65,35.21,35.26,2595800,-0.007040270346381328
2025-06-19 07:00:00,35.31,35.51,35.11,35.41,1873000,0.0042541123085648724
2025-06-20 07:00:00,35.41,36.0,35.41,35.6,5982300,0.005365715899463552
2025-06-23 07:00:00,35.26,35.6,35.16,35.46,2289600,-0.00393258426966292
2025-06-24 07:00:00,35.65,35.8,35.31,35.6,4416300,0.003948110547095318
2025-06-25 07:00:00,35.65,35.85,35.46,35.46,3395300,-0.00393258426966292
2025-06-26 07:00:00,35.51,35.55,35.21,35.31,2340200,-0.004230118443316333
2025-06-27 07:00:00,35.31,36.25,35.31,35.7,8298600,0.011045029736618472
2025-06-30 07:00:00,35.95,35.95,35.8,35.9,4550000,0.0056022408963585235
2025-07-01 07:00:00,35.95,36.44,35.85,36.2,7013400,0.008356545961002881
2025-07-02 07:00:00,36.2,36.25,35.9,36.0,3804400,-0.005524861878453136
2025-07-03 07:00:00,36.1,36.4,35.75,35.9,6056200,-0.002777777777777768
2025-07-04 07:00:00,36.05,36.3,35.9,36.15,3907700,0.0069637883008355494
2025-07-07 07:00:00,36.25,36.79,36.25,36.79,11238100,0.017704011065006853
2025-07-08 07:00:00,36.79,37.09,36.59,37.09,7363100,0.008154389779831517
2025-07-09 07:00:00,37.24,38.03,37.09,37.78,11136600,0.018603397142086697
2025-07-10 07:00:00,38.08,38.27,37.63,37.83,7732900,0.0013234515616726839
2025-07-11 07:00:00,37.83,38.22,37.73,37.88,8713900,0.001321702352630405
2025-07-14 07:00:00,38.08,38.92,37.88,38.22,8309600,0.008975712777191003
2025-07-15 07:00:00,38.18,38.32,37.68,37.68,5787900,-0.014128728414442682
2025-07-16 07:00:00,37.48,37.98,37.43,37.98,7121600,0.007961783439490278
2025-07-17 07:00:00,38.37,38.37,37.73,37.88,5679300,-0.002632964718272679
2025-07-18 07:00:00,37.88,38.37,37.58,37.93,9035700,0.0013199577613516311
2025-07-21 07:00:00,38.03,38.22,37.63,37.68,6201500,-0.006591088847877624
2025-07-22 07:00:00,37.63,38.87,37.58,38.47,10824300,0.02096602972399153
2025-07-23 07:00:00,38.67,38.77,38.13,38.27,6983000,-0.0051988562516245285
2025-07-24 07:00:00,38.57,39.21,38.27,38.42,10953100,0.00391951920564404
2025-07-25 07:00:00,38.67,38.67,38.32,38.42,6289500,0.0
2025-07-28 07:00:00,38.67,39.36,38.47,38.97,11057400,0.014315460697553295
2025-07-29 07:00:00,39.21,39.21,36.99,36.99,15396400,-0.050808314087759765
2025-07-30 07:00:00,36.99,38.37,36.89,37.68,9305000,0.018653690186536842
2025-07-31 07:00:00,38.08,38.08,37.09,37.43,6291400,-0.006634819532908676
2025-08-01 07:00:00,37.43,37.88,36.69,36.79,7122300,-0.01709858402351061
2025-08-04 07:00:00,36.79,37.83,36.79,37.63,4467900,0.022832291383528158
2025-08-05 07:00:00,37.98,39.76,37.78,38.32,28540100,0.018336433696518606
2025-08-06 07:00:00,38.57,39.46,38.52,39.07,6984500,0.01957202505219202
2025-08-07 07:00:00,39.26,40.05,39.07,40.0,12283900,0.023803429741489524
2025-08-08 07:00:00,40.55,40.55,38.92,39.26,16734500,-0.018500000000000072
2025-08-11 07:00:00,39.56,40.15,39.16,39.76,11391300,0.012735608762098893
2025-08-12 07:00:00,40.05,41.49,40.0,41.04,15346900,0.03219315895372232
2025-08-13 07:00:00,41.34,41.34,39.86,40.9,11836100,-0.003411306042884976
2025-08-14 07:00:00,41.14,42.18,40.7,41.69,15166900,0.01931540342298277
2025-08-15 07:00:00,42.13,42.13,40.25,40.55,14374100,-0.027344686975293797
2025-08-18 07:00:00,40.6,40.85,40.15,40.35,7511900,-0.004932182490752002
2025-08-19 07:00:00,40.45,41.04,40.25,40.4,9924300,0.0012391573729861882
2025-08-20 07:00:00,40.55,41.39,39.16,40.25,14543200,-0.003712871287128716
2025-08-21 07:00:00,40.55,42.13,40.45,41.83,17322300,0.03925465838509323
2025-08-22 07:00:00,41.93,44.6,41.49,42.77,22730700,0.022471910112359605
2025-08-25 07:00:00,43.42,43.42,40.55,40.55,11310800,-0.05190554126724356
2025-08-26 07:00:00,40.55,41.39,40.1,41.34,11173900,0.01948212083847123
2025-08-27 07:00:00,41.69,44.01,41.39,42.33,14870300,0.023947750362844467
2025-08-28 07:00:00,42.58,42.77,41.79,42.03,5841200,-0.00708717221828481
2025-08-29 07:00:00,42.23,43.12,42.03,42.38,10429800,0.00832738520104681
2025-09-03 07:00:00,42.63,43.42,41.59,43.02,11349700,0.015101462954223654
2025-09-04 07:00:00,43.27,43.47,42.68,42.92,7236000,-0.002324500232450011
2025-09-05 07:00:00,43.12,43.12,41.49,41.49,13561000,-0.03331780055917988
2025-09-08 07:00:00,41.24,41.39,40.2,40.2,9074900,-0.031091829356471368
2025-09-09 07:00:00,40.2,40.55,39.91,40.2,4248700,0.0
2025-09-10 07:00:00,40.25,40.9,40.1,40.25,5472700,0.0012437810945273853
2025-09-11 07:00:00,40.35,40.35,39.41,40.2,5782600,-0.001242236024844634
2025-09-12 07:00:00,40.35,40.8,40.35,40.5,3319500,0.00746268656716409
2025-09-15 07:00:00,40.6,41.74,40.6,41.74,7330300,0.030617283950617358
2025-09-16 07:00:00,42.03,42.23,41.54,41.59,7340200,-0.003593675131768004
2025-09-17 07:00:00,41.54,41.93,40.55,40.55,3700300,-0.025006011060351163
2025-09-18 07:00:00,40.55,40.99,40.1,40.35,4684500,-0.004932182490752002
2025-09-19 07:00:00,40.65,40.75,39.36,39.36,6161400,-0.024535315985130146
2025-09-22 07:00:00,39.76,40.55,39.16,40.55,7994300,0.03023373983739841
2025-09-23 07:00:00,40.25,40.45,40.05,40.4,3466500,-0.0036991368680641123
2025-09-24 07:00:00,40.4,40.75,39.76,40.75,4669500,0.008663366336633782
2025-09-25 07:00:00,40.7,40.7,40.35,40.45,2009200,-0.007361963190184007
2025-09-26 07:00:00,40.35,40.7,40.1,40.1,2295100,-0.008652657601977753
2025-09-29 07:00:00,39.81,40.1,39.66,39.86,2110500,-0.0059850374064838174
2025-09-30 07:00:00,39.76,40.1,39.16,39.56,3683900,-0.007526342197691882
2025-10-01 07:00:00,39.56,40.2,39.36,39.61,1783000,0.0012639029322547568
2025-10-02 07:00:00,39.71,40.25,39.56,39.66,2735400,0.0012623074981064075
2025-10-03 07:00:00,39.56,39.71,39.36,39.36,2515700,-0.0075642965204235635
2025-10-06 07:00:00,39.86,40.45,39.61,40.3,3058100,0.02388211382113825
2025-10-07 07:00:00,40.55,40.55,40.0,40.05,2418400,-0.006203473945409432
2025-10-08 07:00:00,40.45,40.45,39.81,40.0,4602600,-0.0012484394506865337
2025-10-09 07:00:00,40.1,40.5,39.96,40.35,4346900,0.008750000000000036
2025-10-10 07:00:00,40.45,41.04,40.45,40.75,6794000,0.009913258983890838
2025-10-13 07:00:00,40.55,40.7,40.3,40.45,4326200,-0.007361963190184007
2025-10-14 07:00:00,40.6,40.75,39.6,39.6,7724500,-0.021013597033374576
2025-10-15 07:00:00,39.7,40.15,39.35,39.35,4329400,-0.0063131313131312705
2025-10-16 07:00:00,39.35,39.75,39.2,39.75,3801100,0.010165184243964287
2025-10-17 07:00:00,39.75,39.8,39.05,39.05,4176200,-0.017610062893081868
2025-10-20 07:00:00,38.95,39.05,36.5,36.5,7393700,-0.06530089628681168
2025-10-21 07:00:00,36.55,37.5,36.55,37.05,4500300,0.015068493150684814
2025-10-22 07:00:00,37.5,37.5,36.5,37.2,3971100,0.004048582995951566
2025-10-23 07:00:00,37.0,37.45,36.85,36.9,2708600,-0.008064516129032362
2025-10-24 07:00:00,37.0,37.1,36.2,36.9,3489900,0.0
2025-10-27 07:00:00,36.95,37.2,36.5,36.5,2062600,-0.010840108401083959
2025-10-28 07:00:00,36.6,37.15,36.6,37.1,2793500,0.016438356164383494
2025-10-29 07:00:00,37.5,37.9,37.3,37.8,3204200,0.01886792452830166
2025-10-30 07:00:00,37.95,38.25,37.6,37.9,2599600,0.002645502645502784
2025-10-31 07:00:00,38.0,38.0,37.4,37.4,2380000,-0.01319261213720313
2025-11-03 07:00:00,37.6,37.8,37.1,37.1,2453800,-0.008021390374331472
2025-11-04 07:00:00,37.1,38.0,36.9,37.9,3482600,0.02156334231805923
2025-11-05 07:00:00,37.6,38.8,37.6,38.65,3945700,0.01978891820580464
2025-11-06 07:00:00,38.7,38.9,38.35,38.5,2392700,-0.0038809831824061503
2025-11-07 07:00:00,38.35,38.65,37.45,37.5,3220900,-0.025974025974025983
2025-11-10 07:00:00,37.5,38.0,37.3,37.4,2337400,-0.002666666666666706
2025-11-11 07:00:00,37.6,38.15,37.6,38.0,2393800,0.016042780748663166
2025-11-12 07:00:00,38.2,38.4,37.8,38.25,2029800,0.006578947368421018
2025-11-13 07:00:00,38.25,38.45,38.0,38.3,1942700,0.0013071895424836555
2025-11-14 07:00:00,38.2,38.5,38.2,38.35,2234600,0.0013054830287206887
2025-11-17 07:00:00,38.35,38.55,38.3,38.4,1422700,0.0013037809647977738
2025-11-18 07:00:00,38.5,38.5,38.25,38.4,1451400,0.0
2025-11-19 07:00:00,38.3,38.45,38.1,38.1,1302400,-0.007812499999999889
2025-11-20 07:00:00,38.2,38.2,37.9,37.95,1467900,-0.003937007874015741
2025-11-21 07:00:00,37.9,37.9,37.4,37.6,1247000,-0.00922266139657446
2025-11-24 07:00:00,37.6,37.95,37.6,37.65,1091700,0.0013297872340425343
2025-11-25 07:00:00,37.8,37.8,37.0,37.0,1798100,-0.01726427622841964
2025-11-26 07:00:00,37.05,37.55,37.05,37.35,1237300,0.009459459459459474
2025-11-27 07:00:00,37.45,37.7,37.3,37.55,1071300,0.0053547523427039945
2025-11-28 07:00:00,37.55,37.6,37.1,37.1,878600,-0.011984021304926706
2025-12-01 07:00:00,37.2,37.3,36.95,36.95,1458900,-0.0040431266846361336
2025-12-02 07:00:00,36.95,37.05,36.65,36.85,1590300,-0.0027063599458728715
2025-12-03 07:00:00,37.0,38.45,37.0,38.4,4011700,0.042062415196743475
2025-12-04 07:00:00,38.5,38.55,38.05,38.2,2052100,-0.005208333333333259
2025-12-05 07:00:00,38.3,38.45,37.8,37.8,1626100,-0.010471204188481797
2025-12-08 07:00:00,37.8,37.95,37.45,37.5,1702000,-0.007936507936507908
2025-12-09 07:00:00,37.5,37.95,37.1,37.45,3264300,-0.0013333333333332975
2025-12-10 07:00:00,37.5,37.9,37.45,37.7,1904100,0.006675567423231055
2025-12-11 07:00:00,37.7,38.1,37.6,37.6,1133200,-0.0026525198938992522
2025-12-12 07:00:00,37.7,37.7,37.0,37.0,1877500,-0.015957446808510634
2025-12-15 07:00:00,37.05,37.15,36.9,37.0,1243400,0.0
2025-12-16 07:00:00,37.1,37.75,36.85,37.4,2060100,0.0108108108108107
2025-12-17 07:00:00,37.45,38.5,37.45,38.0,4085100,0.016042780748663166
2025-12-18 07:00:00,38.1,38.3,37.9,38.0,1238300,0.0
2025-12-19 07:00:00,38.0,38.15,37.6,37.7,2050700,-0.007894736842105177
2025-12-22 07:00:00,37.7,38.45,37.65,38.4,2714700,0.01856763925729421
2025-12-23 07:00:00,38.5,38.8,37.9,38.0,1919100,-0.01041666666666663
2025-12-24 07:00:00,38.0,38.45,37.8,38.4,1986000,0.010526315789473717
2025-12-25 07:00:00,38.4,38.95,38.35,38.8,3728800,0.01041666666666674
2025-12-26 07:00:00,38.45,38.8,38.0,38.8,2657200,0.0
2025-12-29 07:00:00,38.8,38.9,38.6,38.8,1644300,0.0
2025-12-30 07:00:00,38.8,39.85,38.65,39.4,5379000,0.015463917525773141
2025-12-31 07:00:00,39.5,39.55,38.9,38.9,1630700,-0.012690355329949221
2026-01-05 07:00:00,38.85,38.9,37.9,38.45,3885400,-0.011568123393316032
2026-01-06 07:00:00,38.3,38.9,37.8,38.9,4854900,0.011703511053315907
2026-01-07 07:00:00,39.5,41.4,39.5,40.95,13409700,0.0526992287917738
2026-01-08 07:00:00,41.3,43.8,40.9,43.05,27506700,0.0512820512820511
2026-01-09 07:00:00,43.8,46.05,43.7,46.05,22918600,0.06968641114982588
2026-01-12 07:00:00,47.9,49.25,47.0,49.25,7783600,0.06948968512486431
2026-01-13 07:00:00,49.35,51.6,48.6,51.0,21869900,0.035532994923857864
2026-01-14 07:00:00,50.8,54.5,50.2,54.5,17646800,0.06862745098039214
2026-01-15 07:00:00,52.6,54.0,50.7,50.7,26455700,-0.06972477064220173
2026-01-16 07:00:00,51.0,54.2,50.4,51.1,13973800,0.007889546351084853
2026-01-19 07:00:00,51.1,52.6,50.5,52.0,9409600,0.017612524461839474
2026-01-20 07:00:00,52.9,55.3,52.2,53.2,15547500,0.023076923076923217
2026-01-21 07:00:00,52.6,53.9,51.1,53.0,11935000,-0.003759398496240629
2026-01-22 07:00:00,53.5,56.6,51.6,52.0,18089900,-0.018867924528301883
2026-01-23 07:00:00,51.8,52.8,50.7,50.8,10080300,-0.023076923076923106
2026-01-26 07:00:00,51.0,52.6,50.8,52.5,11947600,0.03346456692913402
2026-01-27 07:00:00,52.5,52.8,49.5,52.6,12478800,0.0019047619047618536
2026-01-28 07:00:00,53.4,55.9,51.4,51.9,17897800,-0.013307984790874583
2026-01-29 07:00:00,51.8,52.8,51.0,51.9,7082200,0.0
2026-01-30 07:00:00,52.3,54.5,51.9,53.9,13696100,0.038535645472061564
2026-02-02 07:00:00,53.8,55.2,52.1,55.0,11934200,0.020408163265306145
2026-02-03 07:00:00,55.7,56.5,54.0,54.1,11573700,-0.016363636363636358
2026-02-04 07:00:00,54.0,54.4,52.6,53.0,9645300,-0.020332717190388205
2026-02-05 07:00:00,53.0,53.3,51.5,51.5,9817200,-0.028301886792452824
2026-02-06 07:00:00,50.7,52.3,50.7,51.4,9885700,-0.001941747572815511
2026-02-09 07:00:00,51.8,51.8,50.6,50.6,3595300,-0.015564202334630295
2026-02-10 07:00:00,50.2,50.5,47.1,47.1,22973600,-0.06916996047430835
2026-02-11 07:00:00,46.55,48.75,46.1,48.5,8738800,0.02972399150743099
2026-02-12 07:00:00,48.3,48.5,47.35,47.55,4806600,-0.019587628865979423
2026-02-13 07:00:00,47.55,47.7,46.8,46.9,6762700,-0.013669821240799185
2026-02-23 07:00:00,47.6,49.7,47.15,49.1,7557400,0.046908315565032055
2026-02-24 07:00:00,49.45,49.45,48.45,48.75,5739400,-0.007128309572301483
2026-02-25 07:00:00,48.95,49.95,48.5,48.5,8375400,-0.00512820512820511
2026-02-26 07:00:00,48.55,48.9,47.75,48.45,4690300,-0.0010309278350515427
2026-02-27 07:00:00,48.45,49.1,47.5,47.9,6519700,-0.011351909184726616
2026-03-02 07:00:00,46.05,47.4,45.2,45.2,11738000,-0.056367432150313035
2026-03-03 07:00:00,45.1,45.9,43.5,43.55,15198300,-0.036504424778761146
2026-03-04 07:00:00,43.4,45.6,43.4,45.6,10734400,0.04707233065442029
2026-03-05 07:00:00,46.1,46.1,44.4,44.4,6063200,-0.026315789473684292
2026-03-06 07:00:00,44.0,45.0,43.0,43.55,5423100,-0.019144144144144226
2026-03-09 07:00:00,40.55,41.0,40.55,40.55,6134800,-0.06888633754305395
2026-03-10 07:00:00,41.5,42.8,39.5,41.8,14055500,0.03082614056720101
2026-03-11 07:00:00,41.3,42.35,41.3,41.7,6154500,-0.0023923444976075015
2026-03-12 07:00:00,41.8,41.9,40.65,40.75,6452900,-0.022781774580335812
2026-03-13 07:00:00,40.6,41.25,39.95,40.65,7923500,-0.0024539877300613355
2026-03-16 07:00:00,40.5,41.2,40.0,40.3,5174500,-0.008610086100861003
2026-03-17 07:00:00,40.8,41.3,40.35,40.45,6922000,0.0037220843672458592
2026-03-18 07:00:00,41.1,43.0,41.0,41.3,14609300,0.021013597033374465
2026-03-19 07:00:00,40.9,41.1,40.1,40.65,6392700,-0.01573849878934619
2026-03-20 07:00:00,40.65,41.1,39.6,39.75,10147300,-0.022140221402213944
2026-03-23 07:00:00,39.4,39.45,38.1,38.45,10634100,-0.03270440251572315
2026-03-24 07:00:00,39.3,39.6,38.5,39.1,6990400,0.016905071521456483
2026-03-25 07:00:00,39.5,39.65,38.9,39.5,8722100,0.010230179028132946
2026-03-26 07:00:00,39.5,39.7,38.9,38.9,6156000,-0.0151898734177216
2026-03-27 07:00:00,38.9,39.9,38.9,39.85,8196600,0.024421593830334265
2026-03-30 07:00:00,39.1,39.55,38.95,39.45,6075800,-0.010037641154328703
2026-03-31 07:00:00,39.6,39.8,39.1,39.4,7278600,-0.0012674271229405898
2026-04-01 07:00:00,40.0,40.6,39.7,40.25,10071800,0.021573604060913798
2026-04-02 07:00:00,40.0,40.0,39.4,39.7,7101700,-0.013664596273291862
2026-04-03 07:00:00,39.7,39.75,39.05,39.05,7279600,-0.01637279596977348
2026-04-06 07:00:00,39.05,39.4,38.65,39.35,5679400,0.00768245838668391
2026-04-07 07:00:00,39.4,39.5,39.0,39.4,4798100,0.0012706480304955914
2026-04-08 07:00:00,40.5,41.45,40.05,41.45,15053900,0.05203045685279206
2026-04-09 07:00:00,41.0,41.15,40.5,40.6,8138800,-0.020506634499396936
2026-04-10 07:00:00,41.1,41.95,40.65,40.8,8968200,0.004926108374384119
2026-04-13 07:00:00,40.5,40.75,40.25,40.35,5770800,-0.011029411764705732
2026-04-14 07:00:00,40.75,40.85,40.25,40.4,5565300,0.0012391573729861882
2026-04-15 07:00:00,40.75,41.0,40.3,40.3,6296700,-0.0024752475247524774
2026-04-16 07:00:00,40.4,40.6,40.15,40.2,4295800,-0.002481389578163684
2026-04-17 07:00:00,40.3,40.7,40.1,40.3,5789600,0.0024875621890545485
2026-04-20 07:00:00,40.45,40.75,40.25,40.55,5993200,0.006203473945409321
2026-04-21 07:00:00,40.75,41.3,40.4,40.4,7980700,-0.0036991368680641123
2026-04-22 07:00:00,40.6,40.6,40.2,40.25,3619600,-0.003712871287128716
2026-04-23 07:00:00,40.25,43.05,40.25,41.6,23927000,0.03354037267080745
2026-04-24 07:00:00,41.6,41.65,40.75,40.75,4703800,-0.02043269230769229
2026-04-28 07:00:00,40.9,41.1,40.05,40.15,6600700,-0.014723926380368124
2026-04-29 07:00:00,40.2,40.35,39.7,40.1,6693000,-0.001245330012453194
2026-05-04 07:00:00,40.4,41.3,40.1,40.85,6495500,0.018703241895261735
2026-05-05 07:00:00,40.6,40.8,40.2,40.55,3474000,-0.007343941248470154
2026-05-06 07:00:00,40.7,41.0,40.55,40.9,4399100,0.008631319358816336
2026-05-07 07:00:00,41.2,41.3,40.8,40.85,7167000,-0.0012224938875304847
2026-05-08 07:00:00,40.85,42.8,40.85,42.4,23775900,0.03794369645042828
2026-05-11 07:00:00,42.7,42.7,41.5,41.5,6557100,-0.021226415094339535
2026-05-12 07:00:00,41.55,41.75,41.05,41.75,6207800,0.006024096385542244
2026-05-13 07:00:00,41.8,43.0,41.15,42.8,15229800,0.025149700598802394
2026-05-14 07:00:00,42.9,44.25,42.85,43.55,11071100,0.017523364485981352
2026-05-15 07:00:00,44.0,44.0,42.85,42.95,10515600,-0.013777267508610636
2026-05-18 07:00:00,42.8,45.5,42.2,45.3,17432500,0.05471478463329449
2026-05-19 07:00:00,45.4,46.4,43.2,44.25,19441800,-0.023178807947019764
2026-05-20 07:00:00,43.75,44.2,41.9,43.9,10319200,-0.007909604519774072
2026-05-21 07:00:00,44.4,44.7,43.5,43.8,7402400,-0.002277904328018221
2026-05-22 07:00:00,43.85,43.85,42.65,43.0,6357600,-0.01826484018264829
2026-05-25 07:00:00,43.05,43.1,42.4,43.0,5080600,0.0
2026-05-26 07:00:00,42.95,43.8,42.75,43.6,4349700,0.013953488372093092
2026-05-27 07:00:00,43.85,43.85,43.2,43.3,3843400,-0.006880733944954254
2026-05-28 07:00:00,43.3,43.5,42.5,42.5,4024000,-0.018475750577367167
2026-05-29 07:00:00,42.45,42.55,41.8,42.0,5960400,-0.0117647058823529
