time,open,high,low,close,volume,return
2014-01-23 07:00:00,550.88,556.5,550.52,553.55,68197050,
2014-01-24 07:00:00,555.66,560.19,553.46,560.19,85521800,0.011995303043988992
2014-01-27 07:00:00,560.45,560.49,556.35,556.52,65472100,-0.006551348649565414
2014-02-06 07:00:00,555.51,557.13,551.75,554.68,87875560,-0.003306260332063604
2014-02-07 07:00:00,557.71,558.51,549.37,549.76,119495580,-0.008869979087041124
2014-02-10 07:00:00,550.41,555.9,548.91,555.9,106904960,0.011168509895226997
2014-02-11 07:00:00,559.74,561.83,553.9,553.9,170844850,-0.0035977693829825075
2014-02-12 07:00:00,557.27,564.25,554.94,564.25,120916320,0.01868568333634224
2014-02-13 07:00:00,567.58,570.66,565.27,570.18,145697620,0.01050952591936194
2014-02-14 07:00:00,573.09,575.66,569.38,572.22,136937230,0.003577817531306149
2014-02-17 07:00:00,571.91,572.85,568.49,570.2,159214880,-0.003530110796546748
2014-02-18 07:00:00,570.75,574.56,570.62,574.56,154772030,0.0076464398456679294
2014-02-19 07:00:00,578.53,578.76,574.0,578.12,153445030,0.006196045669730088
2014-02-20 07:00:00,579.64,584.1,565.45,571.04,254367230,-0.012246592402961443
2014-02-21 07:00:00,568.29,573.47,565.33,570.57,116346370,-0.0008230596805826051
2014-02-24 07:00:00,571.93,576.58,570.1,576.58,112732880,0.010533326322800018
2014-02-25 07:00:00,575.49,586.2,575.49,586.2,141747900,0.01668458843525622
2014-02-26 07:00:00,590.33,590.33,582.96,589.81,153761340,0.006158307744796865
2014-02-27 07:00:00,588.25,595.9,584.79,584.79,223033340,-0.008511215476170286
2014-02-28 07:00:00,585.85,591.36,581.63,586.48,116336020,0.002889926298329515
2014-03-03 07:00:00,586.65,586.93,573.37,573.38,141965580,-0.022336652571272708
2014-03-04 07:00:00,568.56,572.18,563.55,569.97,122493930,-0.00594719034497182
2014-03-05 07:00:00,576.86,576.86,572.3,574.94,102976780,0.008719757180202459
2014-03-06 07:00:00,576.17,579.03,574.68,578.56,131565670,0.0062963091800882776
2014-03-07 07:00:00,580.63,582.03,579.47,579.75,149392490,0.002056830752212413
2014-03-10 07:00:00,580.84,584.01,580.02,583.69,140462540,0.006796032772746985
2014-03-11 07:00:00,585.1,588.74,582.76,588.5,158741000,0.008240675701142619
2014-03-12 07:00:00,590.94,595.83,590.02,590.02,168708960,0.002582837723024589
2014-03-13 07:00:00,593.82,595.22,590.62,595.22,130339060,0.008813260567438475
2014-03-14 07:00:00,596.2,600.66,595.1,596.83,160384630,0.0027048822284196916
2014-03-17 07:00:00,602.33,602.33,599.21,600.36,161239500,0.005914582041787408
2014-03-18 07:00:00,602.01,602.89,598.15,599.85,193120370,-0.0008494903058164915
2014-03-19 07:00:00,600.73,605.74,600.42,605.59,188807510,0.009569058931399477
2014-03-20 07:00:00,607.39,608.19,600.26,600.26,183319960,-0.008801334236034353
2014-03-21 07:00:00,600.48,607.22,600.48,601.75,224867350,0.002482257688334988
2014-03-24 07:00:00,606.55,609.2,604.18,607.55,189271920,0.009638554216867323
2014-03-25 07:00:00,609.01,609.46,601.85,601.85,245217840,-0.00938194387293212
2014-03-26 07:00:00,603.54,603.68,587.52,588.06,246459570,-0.022912685885187467
2014-03-27 07:00:00,588.94,591.7,582.81,590.14,146465260,0.0035370540421046925
2014-03-28 07:00:00,592.82,595.7,590.59,594.29,116220650,0.007032229640424159
2014-03-31 07:00:00,596.41,597.22,591.57,591.57,117084100,-0.004576890070504103
2014-04-01 07:00:00,590.93,593.03,582.3,583.85,167165310,-0.01305001943979589
2014-04-02 07:00:00,584.17,586.5,574.4,581.67,142309840,-0.0037338357454826943
2014-04-03 07:00:00,584.45,590.91,582.83,589.44,99127880,0.013358089638454862
2014-04-04 07:00:00,589.9,593.72,588.34,593.04,92353580,0.006107491856677472
2014-04-07 07:00:00,595.72,602.55,595.35,600.57,108560420,0.012697288547147023
2014-04-08 07:00:00,600.71,603.25,598.52,603.25,109210640,0.004462427360673926
2014-04-10 07:00:00,605.4,608.89,600.43,601.33,110558340,-0.003182760049730504
2014-04-11 07:00:00,597.87,602.01,594.96,600.57,104068010,-0.0012638650990304257
2014-04-14 07:00:00,602.67,602.7,596.05,596.11,96128090,-0.007426278368882988
2014-04-15 07:00:00,596.0,597.99,586.09,586.09,126833620,-0.01680897820871985
2014-04-16 07:00:00,583.64,585.51,567.61,574.29,143009880,-0.02013342660683526
2014-04-17 07:00:00,580.39,583.51,575.83,580.31,86527800,0.010482508836998639
2014-04-18 07:00:00,580.89,580.89,565.33,565.33,106747120,-0.02581378918164412
2014-04-21 07:00:00,564.21,568.44,558.14,558.14,93868870,-0.012718235366953934
2014-04-22 07:00:00,560.63,569.87,556.47,569.87,84120410,0.021016232486472886
2014-04-23 07:00:00,569.83,573.39,567.04,569.36,63157600,-0.0008949409514450446
2014-04-24 07:00:00,568.38,571.57,566.94,570.46,48621460,0.0019319938176198814
2014-04-25 07:00:00,571.71,580.74,571.71,578.92,58226790,0.014830137082354478
2014-04-28 07:00:00,579.05,580.7,573.1,573.1,53208230,-0.010053202515027837
2014-04-29 07:00:00,570.64,578.21,570.64,578.0,45941890,0.008549991275519142
2014-05-05 07:00:00,578.45,580.11,564.47,564.85,73606800,-0.022750865051903046
2014-05-06 07:00:00,561.86,562.36,545.97,555.11,98267720,-0.017243515977693247
2014-05-07 07:00:00,558.04,561.56,553.21,559.97,46793760,0.008755021527264928
2014-05-08 07:00:00,550.75,550.75,525.37,527.09,128293230,-0.05871743129096196
2014-05-09 07:00:00,522.82,542.56,522.7,542.46,115488640,0.029160105484831833
2014-05-12 07:00:00,536.82,536.82,512.25,517.05,94224400,-0.046842163477491594
2014-05-13 07:00:00,508.76,518.45,508.51,513.91,92140330,-0.006072913644715183
2014-05-14 07:00:00,510.16,529.59,509.82,529.53,106635850,0.030394427039754035
2014-05-15 07:00:00,529.39,537.27,512.4,524.05,125655190,-0.01034879987913817
2014-05-16 07:00:00,522.0,529.49,519.39,529.49,79135650,0.010380688865566423
2014-05-19 07:00:00,530.31,534.68,525.82,533.04,94450040,0.006704564769872912
2014-05-20 07:00:00,531.0,537.93,527.69,537.52,102485880,0.008404622542398377
2014-05-21 07:00:00,537.95,543.93,533.19,543.88,99864170,0.011832117874683856
2014-05-22 07:00:00,543.35,547.2,541.43,541.73,122207050,-0.003953077884827461
2014-05-23 07:00:00,542.44,545.3,540.51,541.49,84206790,-0.00044302512321636733
2014-05-26 07:00:00,541.49,544.93,538.73,544.06,70350070,0.0047461633640508705
2014-05-27 07:00:00,543.55,552.75,542.49,552.75,121729360,0.01597250303275377
2014-05-28 07:00:00,554.32,557.93,553.03,557.34,107355240,0.00830393487109915
2014-05-29 07:00:00,556.3,562.33,555.32,558.45,114247620,0.0019916029712563343
2014-05-30 07:00:00,558.78,565.05,557.2,562.02,81363300,0.006392694063926729
2014-06-02 07:00:00,560.29,563.12,554.44,556.8,78700670,-0.009287925696594423
2014-06-03 07:00:00,557.34,560.62,554.96,558.76,53295920,0.003520114942528796
2014-06-04 07:00:00,559.13,559.19,550.23,553.46,67155660,-0.009485288853890661
2014-06-05 07:00:00,552.2,553.96,548.47,551.1,53199850,-0.004264084125320755
2014-06-06 07:00:00,553.62,559.04,551.8,559.04,59778290,0.014407548539284942
2014-06-09 07:00:00,561.25,571.83,558.64,565.61,107736660,0.011752289639381797
2014-06-10 07:00:00,566.31,571.73,564.32,566.89,78132940,0.0022630434398260846
2014-06-11 07:00:00,567.77,573.05,566.51,570.36,75171290,0.006121116971546492
2014-06-12 07:00:00,571.19,574.75,568.58,573.77,90147440,0.005978680131846437
2014-06-13 07:00:00,573.58,577.27,573.03,574.48,67624300,0.0012374296320825096
2014-06-16 07:00:00,575.2,575.87,571.76,572.37,76547350,-0.0036728867845704505
2014-06-17 07:00:00,571.8,573.15,567.58,572.25,103158970,-0.0002096545940563077
2014-06-18 07:00:00,571.74,575.03,570.03,570.03,95680950,-0.0038794233289646263
2014-06-19 07:00:00,564.93,569.41,558.65,567.35,122009510,-0.004701506938231237
2014-06-20 07:00:00,568.45,571.76,560.78,560.78,116175890,-0.011580153344496469
2014-06-23 07:00:00,561.97,567.71,561.97,565.92,47939680,0.009165804771924746
2014-06-24 07:00:00,565.47,570.37,565.12,569.74,56799240,0.00675007068136857
2014-06-25 07:00:00,570.33,574.62,569.27,572.27,87749020,0.004440622038122566
2014-06-26 07:00:00,572.23,578.29,570.33,576.4,111053090,0.007216873154280323
2014-06-27 07:00:00,576.29,580.75,575.1,578.82,59803530,0.004198473282442938
2014-06-30 07:00:00,578.82,582.26,577.76,578.13,63785010,-0.0011920804395150197
2014-07-01 07:00:00,578.93,582.16,577.3,578.07,101593980,-0.00010378288620194187
2014-07-02 07:00:00,578.9,581.69,576.88,578.8,107018060,0.001262822841524125
2014-07-03 07:00:00,581.24,585.02,580.55,585.02,127121960,0.010746371803731947
2014-07-04 07:00:00,585.66,591.38,585.66,589.35,117186000,0.007401456360466296
2014-07-07 07:00:00,592.23,594.84,589.75,590.69,114945340,0.0022736913548826454
2014-07-08 07:00:00,591.63,593.4,588.54,591.47,95623320,0.001320489596912111
2014-07-09 07:00:00,591.82,593.42,590.46,591.6,99772410,0.0002197913672714602
2014-07-10 07:00:00,591.21,591.6,581.49,584.88,148042030,-0.011359026369168412
2014-07-11 07:00:00,584.29,586.57,580.54,582.77,76665490,-0.003607577622760205
2014-07-14 07:00:00,583.55,586.23,581.99,586.23,62767180,0.005937162173756505
2014-07-15 07:00:00,587.92,590.09,587.68,589.31,98238770,0.005253910581171084
2014-07-16 07:00:00,594.13,594.29,589.68,589.68,134145840,0.0006278529127283772
2014-07-17 07:00:00,588.99,591.42,586.07,590.37,94389680,0.00117012617012624
2014-07-18 07:00:00,590.9,596.26,589.33,596.26,120565300,0.009976794213798046
2014-07-21 07:00:00,598.11,604.64,596.96,601.04,109316960,0.008016637037533858
2014-07-22 07:00:00,599.3,600.93,594.85,597.98,89952820,-0.005091175296153216
2014-07-23 07:00:00,599.56,599.56,594.1,597.5,58825520,-0.0008027024315194753
2014-07-24 07:00:00,597.03,602.49,597.03,602.06,84773630,0.007631799163179798
2014-07-25 07:00:00,603.54,605.78,600.14,600.14,94267820,-0.0031890509251568666
2014-07-28 07:00:00,599.13,599.35,587.78,589.45,106264460,-0.017812510414236593
2014-07-29 07:00:00,590.57,592.24,585.75,592.24,60692450,0.0047332258885401934
2014-07-30 07:00:00,591.15,593.58,588.53,589.33,73191400,-0.004913548561393921
2014-07-31 07:00:00,589.35,596.11,587.68,596.07,61274970,0.011436716271019609
2014-08-01 07:00:00,594.66,596.8,592.38,593.9,59841150,-0.0036405120204003882
2014-08-04 07:00:00,592.04,600.52,592.04,599.04,71125720,0.008654655665937039
2014-08-05 07:00:00,600.46,607.73,599.1,607.73,83711690,0.01450654380341887
2014-08-06 07:00:00,607.95,610.88,605.63,606.7,87400600,-0.0016948315863952734
2014-08-07 07:00:00,603.94,608.42,603.13,607.62,87858760,0.0015164001977912012
2014-08-08 07:00:00,607.18,610.09,604.08,605.43,101520160,-0.0036042263256641505
2014-08-11 07:00:00,602.78,607.16,600.48,602.13,74249570,-0.005450671423616216
2014-08-12 07:00:00,600.52,604.89,598.71,601.78,78520730,-0.0005812698254530346
2014-08-13 07:00:00,601.03,604.51,599.64,602.76,93087280,0.0016285021104058828
2014-08-14 07:00:00,605.03,607.84,604.08,605.25,109406300,0.004130997411905257
2014-08-15 07:00:00,607.03,608.46,603.24,604.24,101218780,-0.0016687319289550029
2014-08-18 07:00:00,605.42,607.79,603.33,605.08,123678840,0.0013901760889714065
2014-08-19 07:00:00,607.27,609.04,603.61,604.64,125366090,-0.0007271765716930778
2014-08-20 07:00:00,604.3,608.72,602.81,606.7,98377830,0.003406985975125787
2014-08-21 07:00:00,608.91,616.96,608.58,612.94,140343470,0.010285149167628127
2014-08-22 07:00:00,614.51,622.97,614.51,620.14,151323250,0.011746663621235331
2014-08-25 07:00:00,622.71,629.58,622.16,625.88,156793900,0.009255974457380578
2014-08-26 07:00:00,627.13,631.17,625.1,629.06,129151110,0.0050808461685944994
2014-08-27 07:00:00,630.84,632.25,624.68,628.77,152313560,-0.0004610053095093214
2014-08-28 07:00:00,627.41,635.94,626.32,632.03,134519830,0.005184725734370232
2014-08-29 07:00:00,634.91,640.19,631.11,636.65,170612900,0.0073097795990697545
2014-09-03 07:00:00,640.69,644.56,638.95,640.75,188155710,0.006439959161234521
2014-09-04 07:00:00,638.6,642.88,636.56,640.22,147679700,-0.0008271556769410271
2014-09-05 07:00:00,640.63,641.96,638.55,638.65,138632500,-0.002452282028052921
2014-09-08 07:00:00,641.88,642.72,639.19,639.85,163757920,0.001878963438503245
2014-09-09 07:00:00,640.5,641.2,622.76,626.92,242576650,-0.020207861217472978
2014-09-10 07:00:00,625.59,630.03,618.54,628.8,129722930,0.0029987877241115513
2014-09-11 07:00:00,629.77,633.6,626.26,628.99,121586890,0.0003021628498729445
2014-09-12 07:00:00,631.31,632.91,627.42,632.5,142042140,0.005580374886723138
2014-09-15 07:00:00,633.86,636.65,630.34,630.34,201078790,-0.00341501976284575
2014-09-16 07:00:00,628.96,631.59,623.66,627.66,176189320,-0.004251673699908087
2014-09-17 07:00:00,630.48,632.22,625.66,625.66,183400380,-0.003186438517668755
2014-09-18 07:00:00,625.95,626.95,615.8,615.8,162783900,-0.015759358117827582
2014-09-19 07:00:00,615.86,619.8,612.4,613.29,203749040,-0.004075998700876937
2014-09-22 07:00:00,617.71,621.36,611.93,611.93,99326220,-0.002217547978933365
2014-09-23 07:00:00,611.75,615.99,610.39,610.39,131792630,-0.0025166277188566344
2014-09-24 07:00:00,609.51,611.61,603.59,603.59,112776100,-0.011140418421009435
2014-09-25 07:00:00,604.31,605.5,594.28,605.1,123016770,0.002501698172600486
2014-09-26 07:00:00,608.8,610.15,604.98,604.98,134501730,-0.0001983143282102695
2014-09-29 07:00:00,605.03,605.03,599.78,599.78,111034700,-0.008595325465304726
2014-09-30 07:00:00,597.11,601.54,594.0,598.8,142531380,-0.0016339324418953582
2014-10-01 07:00:00,603.5,611.74,603.44,609.27,168682480,0.017484969939879802
2014-10-02 07:00:00,612.43,614.8,607.57,612.66,165970840,0.005564035649219479
2014-10-03 07:00:00,613.38,615.42,610.55,611.55,170475580,-0.0018117716188424948
2014-10-06 07:00:00,612.11,616.13,611.77,614.42,163261230,0.004692993213964547
2014-10-07 07:00:00,614.16,617.01,613.47,614.08,178871570,-0.0005533674034047253
2014-10-08 07:00:00,615.04,618.37,611.98,617.26,167590180,0.005178478374153084
2014-10-09 07:00:00,622.25,626.9,622.25,624.34,154923100,0.011470045037747623
2014-10-10 07:00:00,623.85,627.49,617.72,617.72,143028680,-0.010603196976006646
2014-10-13 07:00:00,615.77,618.29,608.27,614.22,108441800,-0.005665997539338163
2014-10-14 07:00:00,614.84,616.71,605.79,605.79,112901760,-0.013724724040246272
2014-10-15 07:00:00,603.73,606.4,596.5,604.29,117820960,-0.002476105581141974
2014-10-16 07:00:00,603.11,603.59,585.76,587.17,165668630,-0.028330768339704493
2014-10-17 07:00:00,585.95,591.85,577.79,585.28,118004420,-0.0032188292998620582
2014-10-20 07:00:00,588.38,593.2,585.28,589.24,75388460,0.006765992345544092
2014-10-21 07:00:00,590.17,601.14,588.75,600.55,80475800,0.019194216278596077
2014-10-22 07:00:00,600.27,603.97,598.99,601.59,97192990,0.0017317458995922408
2014-10-23 07:00:00,598.87,602.02,593.11,593.53,143961970,-0.013397829086254864
2014-10-24 07:00:00,592.66,595.33,588.72,591.51,90743200,-0.0034033662999342074
2014-10-27 07:00:00,590.33,591.59,580.02,580.8,99712610,-0.018106202769184065
2014-10-28 07:00:00,578.73,584.43,578.44,583.13,109692910,0.004011707988980762
2014-10-29 07:00:00,585.68,591.83,585.68,591.2,94659670,0.013839109632500568
2014-10-30 07:00:00,593.09,594.3,589.14,589.14,94528450,-0.0034844384303113207
2014-10-31 07:00:00,591.12,600.84,588.16,600.84,128902840,0.019859456156431587
2014-11-03 07:00:00,603.44,606.94,600.84,603.15,109836450,0.00384461753545029
2014-11-04 07:00:00,601.55,604.47,598.39,598.39,107482690,-0.007891900853850609
2014-11-05 07:00:00,599.64,602.53,593.53,597.01,129003800,-0.002306188271862797
2014-11-06 07:00:00,599.2,601.28,596.73,597.85,85175150,0.0014070116078457318
2014-11-07 07:00:00,598.41,603.32,597.73,602.59,119568150,0.007928410136321729
2014-11-10 07:00:00,604.75,607.5,602.12,602.12,126939270,-0.0007799664780365756
2014-11-11 07:00:00,603.48,608.68,601.85,604.23,132043890,0.0035042848601607446
2014-11-12 07:00:00,605.14,606.36,603.12,604.01,121877550,-0.00036409976333517946
2014-11-13 07:00:00,605.25,607.29,602.62,603.16,139365180,-0.0014072614691810204
2014-11-14 07:00:00,601.69,602.51,596.95,600.36,141302230,-0.004642217653690439
2014-11-17 07:00:00,602.4,604.63,600.93,600.93,108861540,0.0009494303417947325
2014-11-18 07:00:00,600.86,602.53,594.25,594.25,128868510,-0.01111610337310498
2014-11-19 07:00:00,594.88,597.29,588.35,588.35,131657230,-0.009928481278922985
2014-11-20 07:00:00,592.17,594.76,589.84,593.32,147023610,0.008447352766210559
2014-11-21 07:00:00,594.71,596.02,588.03,588.03,157836660,-0.008915930695071905
2014-11-24 07:00:00,585.08,586.54,580.92,582.53,111511310,-0.009353264289236995
2014-11-25 07:00:00,583.53,588.42,583.53,585.91,102742670,0.005802276277616647
2014-11-26 07:00:00,587.58,588.16,575.09,576.04,153001780,-0.016845590619719797
2014-11-27 07:00:00,575.63,575.82,567.36,572.89,107299540,-0.005468370252065813
2014-11-28 07:00:00,570.61,572.12,565.1,566.58,138169790,-0.011014330848853948
2014-12-01 07:00:00,566.22,571.69,565.09,568.01,108033330,0.0025239154223586358
2014-12-02 07:00:00,570.44,570.79,568.55,569.43,95251130,0.002499955986690283
2014-12-03 07:00:00,570.48,575.95,570.44,574.88,111414110,0.009570974483255279
2014-12-04 07:00:00,576.63,581.27,576.63,578.38,105904080,0.006088227108266064
2014-12-05 07:00:00,578.52,582.42,578.18,578.76,95316490,0.0006570075037173329
2014-12-08 07:00:00,577.44,577.44,569.24,571.68,105840990,-0.012233049968899068
2014-12-09 07:00:00,567.55,567.55,554.51,555.31,169970680,-0.028634900643716765
2014-12-10 07:00:00,550.35,558.47,544.78,557.19,111615650,0.003385496389404219
2014-12-11 07:00:00,549.78,557.96,547.55,550.11,87052690,-0.012706617132396514
2014-12-12 07:00:00,547.69,554.82,547.69,553.93,73938730,0.00694406573230788
2014-12-15 07:00:00,550.8,554.35,547.93,547.93,77841880,-0.010831693535284237
2014-12-16 07:00:00,545.33,545.66,535.0,535.14,114699800,-0.02334239775153757
2014-12-17 07:00:00,535.27,536.64,513.06,518.22,165055720,-0.03161789438277829
2014-12-18 07:00:00,522.9,528.6,521.33,528.45,94737920,0.019740650688896633
2014-12-19 07:00:00,527.61,533.3,522.1,523.09,171218450,-0.010142870659475833
2014-12-22 07:00:00,527.28,537.54,527.28,537.54,70396910,0.027624309392265012
2014-12-23 07:00:00,535.61,543.22,532.78,537.88,76021280,0.0006325110689437974
2014-12-24 07:00:00,540.46,541.73,536.79,539.44,57168000,0.002900275154309684
2014-12-25 07:00:00,536.21,537.47,531.52,532.01,67648520,-0.013773542933412597
2014-12-26 07:00:00,531.84,537.89,527.41,533.37,85103360,0.0025563429258848025
2014-12-29 07:00:00,534.56,538.83,528.63,532.68,94978280,-0.0012936610608021981
2014-12-30 07:00:00,531.07,537.57,526.61,537.57,80298630,0.009179995494480897
2014-12-31 07:00:00,538.68,546.62,537.91,545.63,106297220,0.01499339620886575
2015-01-05 07:00:00,545.43,549.22,543.78,544.45,91834620,-0.0021626376848778994
2015-01-06 07:00:00,539.08,550.11,538.82,549.66,94081890,0.009569290109284534
2015-01-07 07:00:00,548.44,555.83,548.44,552.05,109445780,0.004348142488083573
2015-01-08 07:00:00,553.49,556.8,552.15,553.47,73883040,0.002572230776197948
2015-01-09 07:00:00,555.53,570.52,555.53,569.73,104203680,0.0293782860859666
2015-01-12 07:00:00,575.86,579.73,574.07,574.32,123328210,0.008056447791058963
2015-01-13 07:00:00,573.26,580.65,573.26,580.6,93250940,0.010934670566931315
2015-01-14 07:00:00,579.77,582.21,571.67,577.01,105588770,-0.006183258697898819
2015-01-15 07:00:00,578.31,581.24,575.36,577.74,111809300,0.001265142718497092
2015-01-16 07:00:00,576.88,578.51,574.08,574.81,103715770,-0.005071485443279067
2015-01-19 07:00:00,576.5,579.06,570.1,571.51,85869950,-0.005741027469946536
2015-01-20 07:00:00,570.78,574.96,570.14,572.22,72955320,0.0012423229689770832
2015-01-21 07:00:00,573.54,574.41,569.12,569.12,75650990,-0.005417496766977781
2015-01-22 07:00:00,569.74,576.48,567.82,574.54,77924420,0.009523474838346813
2015-01-23 07:00:00,578.22,583.57,577.57,582.38,116961120,0.013645699168030045
2015-01-26 07:00:00,584.89,586.76,580.64,580.64,92614650,-0.002987739963597691
2015-01-27 07:00:00,580.45,584.28,575.5,579.3,138720400,-0.002307798291540375
2015-01-28 07:00:00,579.56,584.35,578.59,583.76,107448470,0.007698947005006174
2015-01-29 07:00:00,584.18,585.66,580.37,583.28,93424200,-0.0008222557215293858
2015-01-30 07:00:00,584.08,584.08,574.46,576.07,97717870,-0.01236113016047169
2015-02-02 07:00:00,576.07,579.73,570.37,570.37,66840420,-0.009894630860832976
2015-02-03 07:00:00,572.56,574.83,557.47,557.47,93996200,-0.022616897803180325
2015-02-04 07:00:00,556.93,561.69,553.21,561.45,90940000,0.007139397635747224
2015-02-05 07:00:00,562.17,568.22,562.05,567.17,69467520,0.010187906314008233
2015-02-06 07:00:00,569.03,574.36,569.03,574.13,58140870,0.012271453003508626
2015-02-09 07:00:00,574.06,577.04,572.79,573.55,62712850,-0.0010102241652587551
2015-02-10 07:00:00,575.74,578.42,574.24,574.52,61234350,0.0016912213407724863
2015-02-11 07:00:00,574.88,581.76,574.88,581.76,70560970,0.012601824131448947
2015-02-12 07:00:00,582.52,584.99,581.86,584.67,79108960,0.005002062706270571
2015-02-13 07:00:00,586.26,589.02,585.6,587.24,72295080,0.004395641986077781
2015-02-24 07:00:00,590.18,596.95,589.74,596.95,61107780,0.016534977181390964
2015-02-25 07:00:00,596.9,601.55,592.66,592.66,96802090,-0.0071865315353045744
2015-02-26 07:00:00,593.95,597.07,591.78,596.72,84963550,0.006850470758951177
2015-02-27 07:00:00,598.0,598.4,590.58,592.57,76140470,-0.00695468561469359
2015-03-02 07:00:00,591.75,593.72,588.59,590.73,76507740,-0.0031051183826383832
2015-03-03 07:00:00,590.42,597.45,590.42,596.72,108805820,0.010139996275794427
2015-03-04 07:00:00,598.49,600.69,595.34,600.39,115432610,0.0061502882423916105
2015-03-05 07:00:00,601.08,602.4,596.75,596.91,121956230,-0.005796232448908256
2015-03-06 07:00:00,596.42,598.33,592.71,593.97,96217780,-0.004925365633009937
2015-03-09 07:00:00,594.08,596.32,587.27,588.44,90927440,-0.009310234523629113
2015-03-10 07:00:00,586.38,591.17,586.38,589.66,93334410,0.0020732784990822317
2015-03-11 07:00:00,589.04,590.56,586.49,586.54,79076070,-0.00529118475053425
2015-03-12 07:00:00,585.89,589.67,585.48,588.53,79994860,0.0033927779861562257
2015-03-13 07:00:00,589.04,591.75,586.1,586.1,88834970,-0.004128931405365854
2015-03-16 07:00:00,583.26,586.19,580.55,580.8,98790020,-0.009042825456406889
2015-03-17 07:00:00,580.6,583.59,580.6,581.76,88737460,0.0016528925619836432
2015-03-18 07:00:00,580.81,581.53,577.26,578.68,86795050,-0.005294279427942916
2015-03-19 07:00:00,579.39,580.32,573.52,573.74,81752950,-0.008536669661989293
2015-03-20 07:00:00,572.57,577.56,571.92,575.44,145321980,0.0029630146059191897
2015-03-23 07:00:00,576.64,579.39,570.44,570.89,92533430,-0.00790699290977348
2015-03-24 07:00:00,569.33,569.91,562.07,567.43,85257700,-0.006060712221268583
2015-03-25 07:00:00,567.62,568.4,559.87,560.93,83089270,-0.01145515746435688
2015-03-26 07:00:00,556.12,559.68,553.19,556.16,78108910,-0.008503734868878454
2015-03-27 07:00:00,558.93,561.13,549.65,551.42,83668500,-0.008522727272727293
2015-03-30 07:00:00,551.75,554.26,545.07,545.19,85631540,-0.01129810307932233
2015-03-31 07:00:00,544.87,552.31,544.87,551.13,80466510,0.010895284212843137
2015-04-01 07:00:00,550.8,551.69,537.3,538.91,109335350,-0.022172627147859947
2015-04-02 07:00:00,540.54,546.85,536.87,546.85,85076890,0.014733443432113136
2015-04-03 07:00:00,548.69,550.3,544.22,547.85,69546330,0.0018286550242296862
2015-04-06 07:00:00,548.11,549.28,542.97,542.97,54696270,-0.008907547686410555
2015-04-07 07:00:00,542.71,548.37,540.79,548.11,89727690,0.009466453026870658
2015-04-08 07:00:00,549.69,551.23,546.29,547.72,70218920,-0.0007115360055462983
2015-04-09 07:00:00,547.26,552.53,546.76,550.52,83461270,0.005112101073541098
2015-04-10 07:00:00,550.96,557.65,550.96,554.03,94475400,0.006375790162028716
2015-04-13 07:00:00,556.35,559.68,555.97,559.54,68397200,0.0099453098207678
2015-04-14 07:00:00,559.81,562.95,558.49,558.67,64342770,-0.0015548486256568017
2015-04-15 07:00:00,558.94,565.39,558.94,564.5,74772590,0.010435498594877135
2015-04-16 07:00:00,568.38,570.68,566.25,568.28,96584510,0.006696191319751854
2015-04-17 07:00:00,568.87,572.76,568.32,568.32,104793290,7.038783698187778e-05
2015-04-20 07:00:00,568.52,568.83,562.66,565.04,65083490,-0.005771396396396566
2015-04-21 07:00:00,563.78,567.52,562.24,562.24,81797060,-0.0049554013875122704
2015-04-22 07:00:00,562.58,565.04,561.53,562.51,89314350,0.0004802219692656706
2015-04-23 07:00:00,562.85,564.45,557.57,561.25,71098650,-0.0022399601784857115
2015-04-24 07:00:00,563.17,567.36,561.56,565.77,54121630,0.008053452115812876
2015-04-27 07:00:00,567.77,568.47,562.4,562.4,53676760,-0.005956484083638247
2015-05-04 07:00:00,560.62,563.36,545.08,545.08,111153790,-0.03079658605974389
2015-05-05 07:00:00,544.8,552.65,539.04,552.65,100089470,0.013887869670506925
2015-05-06 07:00:00,553.3,555.51,548.17,549.3,80300720,-0.006061702705147942
2015-05-07 07:00:00,548.51,554.22,547.53,552.98,65236660,0.006699435645366902
2015-05-08 07:00:00,551.57,556.39,550.93,554.51,70875790,0.0027668270100182912
2015-05-11 07:00:00,554.51,556.2,550.57,551.67,88473680,-0.005121638924455829
2015-05-12 07:00:00,551.98,552.56,542.7,544.41,72362280,-0.01316004132905535
2015-05-13 07:00:00,545.5,546.99,538.76,542.82,76185760,-0.002920592935471311
2015-05-14 07:00:00,542.53,545.0,540.72,543.69,64983330,0.0016027412401902197
2015-05-15 07:00:00,543.61,545.48,537.44,537.44,72939360,-0.011495521344884074
2015-05-18 07:00:00,535.82,536.71,528.9,528.95,101571460,-0.015797112235784505
2015-05-19 07:00:00,530.0,537.19,530.0,536.82,83713920,0.014878532942622202
2015-05-20 07:00:00,536.35,550.33,536.07,550.1,123636990,0.024738273536753397
2015-05-21 07:00:00,550.99,554.0,547.95,552.56,103114440,0.004471914197418547
2015-05-22 07:00:00,553.41,561.82,550.81,561.82,112920050,0.016758361082959583
2015-05-25 07:00:00,560.8,563.84,558.66,563.0,106078240,0.0021003168274535966
2015-05-26 07:00:00,563.31,570.29,562.58,567.2,133053010,0.00746003552397867
2015-05-27 07:00:00,564.64,569.63,563.28,566.48,111368810,-0.0012693935119887367
2015-05-28 07:00:00,566.13,576.92,564.73,572.97,145617460,0.011456715153226993
2015-05-29 07:00:00,572.73,577.03,568.7,569.56,129559300,-0.005951445974483938
2015-06-01 07:00:00,571.15,579.58,570.14,574.98,112680510,0.009516117704895244
2015-06-02 07:00:00,575.7,581.24,570.31,570.31,120805280,-0.008122021635535326
2015-06-03 07:00:00,570.55,573.91,567.81,567.9,120677080,-0.0042257719485893075
2015-06-04 07:00:00,568.01,573.5,567.89,568.99,102465870,0.0019193519985913898
2015-06-05 07:00:00,568.99,579.01,568.37,578.07,141129610,0.0159581011968577
2015-06-08 07:00:00,580.74,585.51,579.45,579.83,181609700,0.0030446139740860634
2015-06-09 07:00:00,578.68,582.13,573.73,574.47,146632640,-0.009244088784643778
2015-06-10 07:00:00,576.06,576.62,569.59,574.1,123193810,-0.0006440719271676443
2015-06-11 07:00:00,577.32,582.68,575.25,581.05,158674570,0.012105904894617492
2015-06-12 07:00:00,582.54,585.01,578.8,582.73,154356240,0.002891317442560881
2015-06-15 07:00:00,583.51,586.67,581.35,586.48,146447610,0.006435227292227896
2015-06-16 07:00:00,587.76,589.33,580.35,580.35,152124380,-0.010452189332969541
2015-06-17 07:00:00,578.53,584.04,575.88,578.87,118202310,-0.0025501852330490626
2015-06-18 07:00:00,578.73,583.02,578.47,580.35,90021550,0.002556705305163609
2015-06-19 07:00:00,584.08,588.48,582.47,585.15,184477640,0.008270871026104798
2015-06-22 07:00:00,589.19,594.08,588.01,594.08,145223130,0.015261044176706928
2015-06-23 07:00:00,592.44,595.11,590.76,593.07,99831620,-0.001700107729598721
2015-06-24 07:00:00,592.19,594.01,589.02,590.02,112994500,-0.005142731886623952
2015-06-25 07:00:00,589.29,590.37,585.34,587.99,106046100,-0.0034405613369037358
2015-06-26 07:00:00,586.04,592.59,581.75,581.75,138270500,-0.010612425381384072
2015-06-29 07:00:00,580.16,591.75,579.61,591.75,104599850,0.01718951439621841
2015-06-30 07:00:00,588.77,598.98,588.77,593.05,136064740,0.0021968736797632893
2015-07-01 07:00:00,594.52,594.52,587.33,591.5,114932070,-0.002613607621616998
2015-07-02 07:00:00,591.5,605.7,590.52,605.7,117495710,0.024006762468300913
2015-07-03 07:00:00,608.82,617.96,605.7,616.43,154568920,0.017715040449067132
2015-07-06 07:00:00,618.75,625.34,618.65,625.22,161305630,0.014259526629138985
2015-07-07 07:00:00,623.89,633.73,620.59,630.27,167953860,0.008077156840792021
2015-07-08 07:00:00,630.4,634.13,617.29,623.17,180512890,-0.011265013406952629
2015-07-09 07:00:00,616.2,626.38,613.34,622.1,128611000,-0.0017170274563922394
2015-07-10 07:00:00,627.56,630.79,624.7,627.28,149796670,0.008326635589133602
2015-07-13 07:00:00,631.56,637.07,627.69,634.06,129559110,0.010808570335416379
2015-07-14 07:00:00,635.55,640.43,628.43,638.69,148321440,0.007302148061697711
2015-07-15 07:00:00,640.43,641.06,630.89,630.89,135994360,-0.012212497455729832
2015-07-16 07:00:00,627.32,632.21,622.57,626.9,113628750,-0.006324398865095393
2015-07-17 07:00:00,628.45,631.67,626.21,628.63,97179130,0.0027596107832190686
2015-07-20 07:00:00,624.84,624.84,616.11,620.54,105000850,-0.01286925536484107
2015-07-21 07:00:00,619.9,624.47,613.83,616.61,95668300,-0.006333193670029269
2015-07-22 07:00:00,614.56,629.94,613.58,629.85,109080570,0.021472243395339152
2015-07-23 07:00:00,632.07,637.91,631.43,632.01,117644960,0.003429387949511753
2015-07-24 07:00:00,633.27,634.61,627.99,631.26,109015570,-0.0011866900840176164
2015-07-27 07:00:00,629.68,636.84,629.42,635.46,116704360,0.006653359946773296
2015-07-28 07:00:00,636.58,639.54,631.47,631.47,149155540,-0.006278916060806328
2015-07-29 07:00:00,632.0,634.64,624.7,624.7,111883170,-0.010721016041933873
2015-07-30 07:00:00,625.46,627.11,622.43,626.57,96753150,0.0029934368496877806
2015-07-31 07:00:00,628.31,629.97,621.06,621.06,101422300,-0.008793909698836644
2015-08-03 07:00:00,617.12,617.12,605.63,609.47,120074910,-0.018661642997455874
2015-08-04 07:00:00,607.95,609.91,600.76,600.76,78122270,-0.014291105386647462
2015-08-05 07:00:00,600.68,608.21,600.68,607.08,92678090,0.01052000798987951
2015-08-06 07:00:00,607.84,609.31,600.85,601.04,108566000,-0.009949265335705504
2015-08-07 07:00:00,601.57,604.04,597.75,603.76,75215360,0.004525489152136242
2015-08-10 07:00:00,603.82,614.53,603.82,614.53,84997900,0.01783821385981188
2015-08-11 07:00:00,615.17,619.69,611.17,613.05,102419460,-0.0024083445885473287
2015-08-12 07:00:00,609.33,611.46,602.01,604.24,108828230,-0.014370769105293113
2015-08-13 07:00:00,603.31,603.31,590.44,594.26,119331520,-0.01651661591420628
2015-08-14 07:00:00,592.8,598.55,585.97,589.03,85702280,-0.008800861575741337
2015-08-17 07:00:00,588.67,591.2,571.26,573.15,104003690,-0.026959577610648044
2015-08-18 07:00:00,571.31,580.22,571.22,580.22,86433690,0.012335339788886124
2015-08-19 07:00:00,576.44,580.99,569.21,577.82,98952270,-0.004136362069559807
2015-08-20 07:00:00,575.13,577.43,565.09,566.69,106922940,-0.01926205392682845
2015-08-21 07:00:00,559.34,559.97,542.31,556.3,181154060,-0.018334539166034558
2015-08-24 07:00:00,550.48,550.48,523.55,526.93,166417080,-0.05279525435915877
2015-08-25 07:00:00,511.13,535.48,511.13,529.98,167518810,0.005788245117947399
2015-08-26 07:00:00,530.05,545.89,530.05,545.89,120486820,0.030020000754745313
2015-08-27 07:00:00,551.89,558.93,551.44,555.81,115022570,0.01817215922621762
2015-08-28 07:00:00,561.36,570.87,559.35,570.87,151294750,0.027095590219679444
2015-08-31 07:00:00,573.1,573.1,563.99,564.75,103156060,-0.010720479268484961
2015-09-01 07:00:00,565.75,569.18,561.28,562.31,85154580,-0.004320495794599477
2015-09-03 07:00:00,559.32,561.43,551.47,554.3,88639140,-0.014244811580800598
2015-09-04 07:00:00,554.85,558.9,554.77,556.81,65396630,0.004528233808406945
2015-09-07 07:00:00,557.07,560.09,554.44,554.93,62231590,-0.0033763761426698347
2015-09-08 07:00:00,554.48,566.72,554.34,566.72,93964710,0.021245922909195913
2015-09-09 07:00:00,574.06,574.73,569.69,572.34,83370390,0.00991671372106162
2015-09-10 07:00:00,567.51,576.13,567.09,572.07,68366470,-0.00047174756263757
2015-09-11 07:00:00,572.14,573.99,566.18,566.74,83304010,-0.00931704162078073
2015-09-14 07:00:00,569.21,572.25,561.46,562.17,73159920,-0.008063662349578338
2015-09-15 07:00:00,564.38,565.05,561.1,563.27,75629990,0.0019567034882688183
2015-09-16 07:00:00,561.86,564.82,561.69,564.13,62116570,0.0015267988708789204
2015-09-17 07:00:00,563.93,565.85,562.48,562.48,69310470,-0.002924857745555065
2015-09-18 07:00:00,564.69,569.5,564.69,566.25,146392000,0.00670246053192991
2015-09-21 07:00:00,566.74,572.26,565.16,572.12,85909480,0.010366445916114797
2015-09-22 07:00:00,573.09,575.17,570.26,573.2,93447420,0.001887715863804873
2015-09-23 07:00:00,570.64,573.85,569.51,572.72,83854560,-0.0008374040474529165
2015-09-24 07:00:00,573.5,575.36,570.12,570.25,97457070,-0.004312753177818207
2015-09-25 07:00:00,570.41,572.09,567.71,570.38,64206160,0.0002279701885137264
2015-09-28 07:00:00,571.29,572.15,564.88,564.88,75292380,-0.00964269434412146
2015-09-29 07:00:00,559.83,561.76,557.65,561.19,81325500,-0.0065323608554027635
2015-09-30 07:00:00,562.5,565.65,562.5,562.64,65873320,0.002583795149592616
2015-10-01 07:00:00,563.39,565.63,563.23,563.54,59579580,0.0015996018768662523
2015-10-02 07:00:00,563.33,565.01,561.73,562.31,68185740,-0.0021826312240480483
2015-10-05 07:00:00,562.31,570.0,562.31,570.0,90475450,0.013675730468958536
2015-10-06 07:00:00,577.45,581.38,574.63,581.29,151905450,0.019807017543859606
2015-10-07 07:00:00,583.97,587.3,579.57,579.57,132503590,-0.0029589361592319285
2015-10-08 07:00:00,580.04,588.35,579.82,586.78,143545640,0.012440257432234203
2015-10-09 07:00:00,590.91,593.02,587.57,588.02,147844670,0.002113228126384703
2015-10-12 07:00:00,587.72,594.74,587.25,592.1,114261810,0.006938539505459085
2015-10-13 07:00:00,589.09,591.66,588.54,590.84,101884610,-0.002128018915723673
2015-10-14 07:00:00,592.45,593.73,589.62,589.98,102671940,-0.0014555548033309273
2015-10-15 07:00:00,591.36,594.17,588.98,592.4,104752740,0.004101833960473256
2015-10-16 07:00:00,593.7,599.74,593.02,593.02,126451760,0.0010465901417961998
2015-10-19 07:00:00,593.87,598.11,591.6,594.61,98680460,0.002681191190853749
2015-10-20 07:00:00,594.97,596.37,588.26,590.45,118292310,-0.00699618237163846
2015-10-21 07:00:00,590.43,594.5,589.84,590.24,91811440,-0.0003556609365739094
2015-10-22 07:00:00,590.22,595.81,589.74,595.08,88520580,0.008200054215234509
2015-10-23 07:00:00,598.55,602.55,598.25,601.74,96230820,0.011191772534785205
2015-10-26 07:00:00,604.41,606.79,598.61,598.61,92720180,-0.0052015820786386335
2015-10-27 07:00:00,597.8,600.51,595.62,598.44,88083740,-0.00028399124638744944
2015-10-28 07:00:00,599.09,601.09,596.24,596.24,104906030,-0.003676224851280052
2015-10-29 07:00:00,599.32,605.2,598.8,605.2,99041850,0.015027505702401855
2015-10-30 07:00:00,605.49,608.01,603.93,607.37,82752600,0.003585591539986721
2015-11-02 07:00:00,607.93,610.17,601.99,602.76,112292820,-0.0075901015855245335
2015-11-03 07:00:00,605.32,611.71,600.46,611.71,103782570,0.014848364191386354
2015-11-04 07:00:00,614.29,617.93,610.6,610.6,97491500,-0.0018145853427278258
2015-11-05 07:00:00,609.49,616.46,608.53,615.18,90953470,0.007500818866688297
2015-11-06 07:00:00,615.54,617.79,608.89,612.36,103653710,-0.004584024188042379
2015-11-09 07:00:00,612.29,613.79,610.35,610.66,112006930,-0.002776144751453491
2015-11-10 07:00:00,609.3,610.6,605.08,605.27,108522700,-0.008826515573314042
2015-11-11 07:00:00,604.13,609.02,603.34,603.53,90407380,-0.0028747501115204965
2015-11-12 07:00:00,602.02,605.58,595.86,605.58,137337740,0.0033966828492371093
2015-11-13 07:00:00,604.41,611.27,603.72,611.27,145889290,0.009395950989134372
2015-11-16 07:00:00,609.77,611.92,605.39,609.21,122539980,-0.003370032882359597
2015-11-17 07:00:00,609.21,611.18,605.05,605.05,162846800,-0.006828515618588105
2015-11-18 07:00:00,603.32,606.62,602.13,603.34,110694890,-0.0028262127096932987
2015-11-19 07:00:00,604.38,605.56,600.84,601.9,111444220,-0.002386713958961839
2015-11-20 07:00:00,602.11,606.58,601.9,604.46,130398970,0.004253198205682152
2015-11-23 07:00:00,605.89,607.69,599.99,599.99,147238690,-0.007395030274956249
2015-11-24 07:00:00,599.81,599.94,590.41,593.83,150944920,-0.010266837780629645
2015-11-25 07:00:00,593.24,596.92,588.1,595.7,141109040,0.003149049391239833
2015-11-26 07:00:00,593.12,594.67,590.39,590.4,143903290,-0.008897095853617754
2015-11-27 07:00:00,589.09,591.84,582.86,582.86,133885000,-0.012771002710027068
2015-11-30 07:00:00,581.39,581.65,571.12,573.2,112002660,-0.016573448169371674
2015-12-01 07:00:00,573.39,577.58,570.41,570.41,105037670,-0.004867411025820112
2015-12-02 07:00:00,571.01,577.03,571.01,574.42,95044360,0.007030031030311523
2015-12-03 07:00:00,574.04,576.84,573.2,574.38,72157320,-6.963545837535001e-05
2015-12-04 07:00:00,574.0,574.69,567.95,571.62,83491230,-0.004805181238901057
2015-12-07 07:00:00,570.12,571.2,563.41,563.62,70843060,-0.013995311570623836
2015-12-08 07:00:00,561.0,574.15,556.92,574.15,97111470,0.01868280046840054
2015-12-09 07:00:00,575.08,576.63,565.2,565.2,88440210,-0.015588260907428264
2015-12-10 07:00:00,564.86,567.62,561.04,561.04,94011540,-0.00736022646850687
2015-12-11 07:00:00,560.99,567.13,559.73,563.43,79068530,0.004259945814915067
2015-12-14 07:00:00,564.14,566.28,560.99,562.22,92279450,-0.0021475604777877466
2015-12-15 07:00:00,563.3,568.74,563.3,568.0,99030490,0.010280673046138444
2015-12-16 07:00:00,570.36,575.54,570.36,572.55,96949850,0.00801056338028161
2015-12-17 07:00:00,576.23,579.18,574.81,577.11,80826770,0.007964369924024162
2015-12-18 07:00:00,574.66,578.0,568.18,568.18,179001190,-0.015473653203028959
2015-12-21 07:00:00,570.45,571.28,565.35,566.9,97315670,-0.002252807208983021
2015-12-22 07:00:00,567.88,570.86,565.48,566.35,74383900,-0.0009701887458104519
2015-12-23 07:00:00,564.93,568.16,562.3,564.27,73480350,-0.003672640593272769
2015-12-24 07:00:00,566.65,567.8,565.62,566.17,64643240,0.0033671823772307707
2015-12-25 07:00:00,566.6,570.49,566.6,567.67,79503910,0.0026493809279897196
2015-12-28 07:00:00,570.57,572.92,569.4,569.9,100998130,0.003928338647453566
2015-12-29 07:00:00,569.4,576.29,566.49,576.29,94079180,0.011212493419898273
2015-12-30 07:00:00,576.5,579.45,575.71,579.45,83672230,0.00548335039650194
2015-12-31 07:00:00,579.12,580.82,575.73,579.03,102999330,-0.0007248252653379028
2016-01-04 07:00:00,577.91,579.5,573.15,574.41,95930580,-0.007978861198901566
2016-01-05 07:00:00,571.66,575.4,569.26,569.94,97997540,-0.007781897947458982
2016-01-06 07:00:00,569.5,574.57,569.5,574.57,82285160,0.008123662139874366
2016-01-07 07:00:00,570.62,570.94,561.09,565.36,140610960,-0.016029378491741686
2016-01-08 07:00:00,562.62,563.17,556.36,560.05,133652640,-0.009392245648790265
2016-01-11 07:00:00,559.05,563.04,557.51,557.87,100564840,-0.0038925095973573187
2016-01-12 07:00:00,557.36,564.26,557.36,564.26,101936980,0.01145428146342331
2016-01-13 07:00:00,565.21,566.02,560.37,560.37,116482120,-0.0068939850423563875
2016-01-14 07:00:00,555.88,556.62,550.6,553.03,128698360,-0.013098488498670569
2016-01-15 07:00:00,554.35,556.55,543.04,543.04,119036170,-0.01806411948718878
2016-01-18 07:00:00,532.54,532.54,518.16,526.37,155232200,-0.030697554507955194
2016-01-19 07:00:00,525.65,535.77,525.65,535.77,113134420,0.01785816060945722
2016-01-20 07:00:00,532.81,536.57,529.42,529.44,110084630,-0.011814771263788382
2016-01-21 07:00:00,526.37,531.21,520.74,521.88,139640150,-0.014279238440616626
2016-01-22 07:00:00,525.35,525.83,513.82,522.24,159197830,0.0006898137502875379
2016-01-25 07:00:00,522.24,542.36,522.24,542.35,141544590,0.03850719975490202
2016-01-26 07:00:00,534.06,542.98,531.27,537.73,129406630,-0.00851848437355951
2016-01-27 07:00:00,541.18,543.88,540.03,542.69,113837250,0.009223959979915541
2016-01-28 07:00:00,542.01,544.73,538.59,539.47,107972910,-0.005933405811789472
2016-01-29 07:00:00,539.96,545.71,537.51,545.25,98772890,0.010714219511742895
2016-02-01 07:00:00,545.27,548.58,540.56,540.56,91516390,-0.008601558917927687
2016-02-02 07:00:00,540.56,542.24,535.38,536.45,81857900,-0.00760322628385357
2016-02-03 07:00:00,531.11,539.07,530.23,539.07,72488010,0.004883959362475432
2016-02-04 07:00:00,542.91,545.17,541.66,542.15,58991600,0.005713543695623713
2016-02-05 07:00:00,540.64,545.54,540.64,544.75,58916530,0.004795720741492149
2016-02-15 07:00:00,540.13,544.59,537.81,543.79,63716290,-0.0017622762735199915
2016-02-16 07:00:00,545.72,548.89,545.72,548.05,101448930,0.007833906471248042
2016-02-17 07:00:00,551.38,552.38,547.05,547.05,108235660,-0.0018246510354894552
2016-02-18 07:00:00,550.51,555.05,549.16,552.49,105390240,0.00994424641257674
2016-02-19 07:00:00,552.37,555.16,551.38,554.03,176932600,0.0027873807670726336
2016-02-22 07:00:00,555.31,561.44,555.31,560.71,146133920,0.012057108820822116
2016-02-23 07:00:00,564.75,567.58,561.09,561.28,151169460,0.0010165682795026942
2016-02-24 07:00:00,559.48,569.7,557.77,568.04,150465740,0.012043899657924628
2016-02-25 07:00:00,571.15,573.63,562.82,562.82,128761360,-0.009189493697626783
2016-02-26 07:00:00,565.61,566.8,562.39,566.11,96285500,0.005845563412814059
2016-02-29 07:00:00,565.61,566.3,559.4,559.37,96285500,-0.011905813357828032
2016-03-01 07:00:00,561.54,565.65,560.59,561.56,115276230,0.003915118794357797
2016-03-02 07:00:00,564.85,570.18,562.97,570.18,140295650,0.01535009616069516
2016-03-03 07:00:00,573.06,573.88,569.39,570.39,121565340,0.00036830474586979634
2016-03-04 07:00:00,570.2,576.0,568.8,573.65,121565340,0.005715387717176057
2016-03-07 07:00:00,575.76,580.95,575.39,576.2,154505980,0.004445219210319928
2016-03-08 07:00:00,576.75,579.87,574.53,574.71,141443700,-0.0025859076709475737
2016-03-09 07:00:00,573.47,576.32,571.48,571.71,118988380,-0.0052200240121104136
2016-03-10 07:00:00,574.07,575.91,571.52,575.91,118002950,0.007346381906910837
2016-03-11 07:00:00,576.12,580.93,574.81,577.26,134136630,0.002344116268166996
2016-03-14 07:00:00,578.08,579.66,576.26,577.98,122214350,0.001247271593389554
2016-03-15 07:00:00,576.78,578.96,572.59,574.04,138716120,-0.006816844873525074
2016-03-16 07:00:00,573.88,577.96,573.37,577.07,138524560,0.005278377813392909
2016-03-17 07:00:00,581.55,583.53,579.26,579.26,138979600,0.00379503353146049
2016-03-18 07:00:00,579.95,580.81,575.44,575.82,174491080,-0.005938611331698929
2016-03-21 07:00:00,577.65,580.83,572.27,572.27,143177260,-0.006165121044771071
2016-03-22 07:00:00,572.7,573.8,567.8,570.91,122911350,-0.0023765006028623192
2016-03-23 07:00:00,570.74,575.22,570.39,574.71,130484450,0.006656040356623816
2016-03-24 07:00:00,573.93,577.21,570.66,570.66,140020360,-0.007047032416349186
2016-03-25 07:00:00,569.48,572.48,564.88,572.08,132180850,0.002488346826481802
2016-03-28 07:00:00,573.69,576.0,571.58,575.72,110859230,0.006362746469025238
2016-03-29 07:00:00,575.63,576.07,568.28,568.28,132852470,-0.012922948655596511
2016-03-30 07:00:00,566.08,571.43,565.55,569.91,122484050,0.0028683043570070232
2016-03-31 07:00:00,569.04,570.94,561.22,561.22,145625020,-0.015248021617448315
2016-04-01 07:00:00,560.64,562.73,557.96,558.43,116291560,-0.0049713124977728285
2016-04-04 07:00:00,557.56,560.92,554.3,555.82,108880000,-0.004673817667388724
2016-04-05 07:00:00,555.98,560.32,555.15,560.32,112087100,0.008096146234392476
2016-04-06 07:00:00,561.94,567.79,560.63,567.79,99562200,0.013331667618503573
2016-04-07 07:00:00,570.72,572.56,567.01,571.6,117899300,0.006710227372796362
2016-04-08 07:00:00,571.21,574.46,569.09,572.34,111597810,0.0012946116165151178
2016-04-11 07:00:00,575.11,581.88,575.01,579.27,129674560,0.01210818744103137
2016-04-12 07:00:00,580.9,582.97,577.17,579.84,138444120,0.0009839970997980174
2016-04-13 07:00:00,580.77,582.81,575.65,578.02,130634250,-0.0031387969094923696
2016-04-14 07:00:00,575.69,584.81,575.69,579.49,116830600,0.0025431645963807092
2016-04-15 07:00:00,581.54,586.36,579.86,579.86,115434600,0.0006384924675144621
2016-04-19 07:00:00,578.32,578.44,568.28,568.28,125545070,-0.019970337667712945
2016-04-20 07:00:00,569.8,571.71,565.3,568.03,108722460,-0.0004399239811360145
2016-04-21 07:00:00,571.19,577.41,570.71,575.73,100005660,0.013555622062215056
2016-04-22 07:00:00,574.57,592.48,574.57,592.48,129717340,0.029093498688621322
2016-04-25 07:00:00,597.91,601.61,591.58,591.58,130331660,-0.001519038617337265
2016-04-26 07:00:00,590.99,598.48,590.19,598.48,132638550,0.011663680313735991
2016-04-27 07:00:00,601.79,601.79,591.35,593.96,134186560,-0.007552466247827794
2016-04-28 07:00:00,594.98,597.28,589.97,591.67,94003230,-0.0038554784833997324
2016-04-29 07:00:00,591.2,599.71,591.2,598.37,110322990,0.01132387986546557
2016-05-04 07:00:00,595.95,603.08,592.43,599.07,131949650,0.001169844744890458
2016-05-05 07:00:00,600.66,605.21,600.5,601.51,120477350,0.00407297978533383
2016-05-06 07:00:00,602.4,608.94,602.17,606.52,113045550,0.00832903858622469
2016-05-09 07:00:00,610.92,612.97,603.85,603.85,105330980,-0.004402163160324379
2016-05-10 07:00:00,600.35,605.46,597.74,605.05,107970160,0.0019872484888630026
2016-05-11 07:00:00,606.6,614.06,606.06,614.06,104828050,0.014891331294934362
2016-05-12 07:00:00,615.55,617.56,612.12,612.12,86561510,-0.0031593003940981745
2016-05-13 07:00:00,612.32,615.3,608.04,610.82,105664260,-0.00212376658171598
2016-05-16 07:00:00,610.13,616.17,608.49,615.78,90053950,0.008120231819521262
2016-05-17 07:00:00,620.54,626.12,618.67,624.75,116003280,0.014566890772678587
2016-05-18 07:00:00,625.53,627.81,621.79,622.45,113469020,-0.003681472589035506
2016-05-19 07:00:00,622.45,623.68,618.13,619.2,114111200,-0.005221302915896842
2016-05-20 07:00:00,620.72,622.48,614.41,614.81,89160520,-0.007089793281653933
2016-05-23 07:00:00,616.11,616.83,610.45,611.03,76074600,-0.006148240919958914
2016-05-24 07:00:00,612.23,613.14,608.15,611.62,95492370,0.0009655827046135546
2016-05-25 07:00:00,613.96,616.38,611.89,611.89,95084720,0.0004414505738856711
2016-05-26 07:00:00,611.88,613.37,604.34,604.34,94423070,-0.012338819068786755
2016-05-27 07:00:00,604.36,609.94,603.23,608.11,89454250,0.0062382102789819704
2016-05-30 07:00:00,609.98,615.52,608.46,614.5,101592790,0.010507967308546196
2016-05-31 07:00:00,616.22,621.14,614.68,618.44,107978420,0.006411716842961823
2016-06-01 07:00:00,618.18,620.24,616.33,619.86,99652390,0.002296099864174339
2016-06-02 07:00:00,619.19,624.52,618.38,623.37,121873950,0.005662568967186088
2016-06-03 07:00:00,623.21,625.19,621.62,621.88,118639060,-0.002390233729566704
2016-06-06 07:00:00,621.09,624.55,616.98,620.05,118156660,-0.0029426899080209346
2016-06-07 07:00:00,622.4,624.69,620.05,624.65,112253160,0.007418756551891059
2016-06-08 07:00:00,626.84,632.68,626.29,627.87,126073730,0.005154886736572495
2016-06-09 07:00:00,628.4,631.26,626.27,631.26,116376380,0.005399206842180648
2016-06-10 07:00:00,629.95,633.47,628.56,629.84,128988300,-0.002249469315337538
2016-06-13 07:00:00,626.26,627.36,621.4,623.58,116109850,-0.009939032135145465
2016-06-14 07:00:00,621.63,626.4,619.13,625.43,91857820,0.0029667404342665904
2016-06-15 07:00:00,624.63,628.75,621.76,627.02,103691960,0.002542250931359291
2016-06-16 07:00:00,627.38,630.21,625.11,625.11,116946050,-0.0030461548275971806
2016-06-17 07:00:00,622.92,624.59,618.16,619.25,143669220,-0.009374350114379926
2016-06-20 07:00:00,622.04,626.46,620.41,626.46,94712000,0.011643116673395237
2016-06-21 07:00:00,629.03,631.96,628.0,628.0,108155080,0.002458257510455475
2016-06-22 07:00:00,628.77,629.95,625.81,626.41,93762050,-0.0025318471337579807
2016-06-23 07:00:00,626.47,632.6,626.47,632.27,105505080,0.009354895356076698
2016-06-24 07:00:00,631.77,631.77,597.68,620.77,262210430,-0.01818843215714805
2016-06-27 07:00:00,616.19,621.27,608.26,621.27,101865150,0.000805451294360271
2016-06-28 07:00:00,617.68,624.85,617.65,622.2,76760440,0.001496933700323666
2016-06-29 07:00:00,623.56,631.25,623.56,630.12,113362110,0.012729026036644164
2016-06-30 07:00:00,633.17,637.46,631.74,632.26,99042580,0.003396178505681524
2016-07-01 07:00:00,634.54,643.55,634.28,640.3,106711160,0.012716287603201204
2016-07-04 07:00:00,643.11,647.96,641.96,647.96,124752900,0.011963142277057859
2016-07-05 07:00:00,650.47,658.45,647.52,650.88,140423840,0.004506451015494628
2016-07-06 07:00:00,646.8,652.36,644.07,649.46,117965440,-0.0021816617502458113
2016-07-07 07:00:00,652.49,661.12,652.13,661.12,130188390,0.017953376651371755
2016-07-08 07:00:00,661.07,665.53,655.91,658.68,131939490,-0.0036907066795741628
2016-07-11 07:00:00,658.92,664.89,648.77,652.26,146647990,-0.009746766259792206
2016-07-12 07:00:00,652.81,658.9,650.04,658.9,149112960,0.010179989574709447
2016-07-13 07:00:00,662.04,676.06,662.04,675.12,138393530,0.024616785551677012
2016-07-14 07:00:00,675.66,681.75,666.69,666.69,152057570,-0.01248666903661566
2016-07-15 07:00:00,668.29,670.18,661.47,664.56,116464580,-0.0031948881789138905
2016-07-18 07:00:00,664.12,673.5,662.25,673.5,122748180,0.01345250993138336
2016-07-19 07:00:00,675.89,677.35,660.09,667.76,131066870,-0.008522642910170797
2016-07-20 07:00:00,667.86,667.86,660.26,660.26,124236080,-0.011231580208458158
2016-07-21 07:00:00,662.72,665.9,656.03,659.57,104596580,-0.0010450428619027674
2016-07-22 07:00:00,657.15,658.06,640.26,649.87,140165040,-0.014706551237927856
2016-07-25 07:00:00,651.33,654.17,646.04,649.3,86417860,-0.0008770984966224304
2016-07-26 07:00:00,648.58,651.93,642.91,648.59,97294620,-0.0010934852918526028
2016-07-27 07:00:00,647.98,656.11,647.74,656.11,111642190,0.01159438165867499
2016-07-28 07:00:00,655.81,657.2,649.86,657.14,115779900,0.0015698587127157548
2016-07-29 07:00:00,654.19,657.88,650.98,652.23,112283210,-0.007471771616398337
2016-08-01 07:00:00,655.38,655.38,646.02,648.38,89743110,-0.005902825690323965
2016-08-02 07:00:00,643.2,643.2,633.33,636.05,136282920,-0.019016626052623553
2016-08-03 07:00:00,632.98,634.75,627.66,631.61,87450230,-0.006980583287477304
2016-08-04 07:00:00,633.74,641.02,631.94,631.94,103788870,0.0005224743116798436
2016-08-05 07:00:00,629.69,630.18,622.49,627.39,118506920,-0.007200050637718891
2016-08-08 07:00:00,627.23,629.91,622.14,629.46,84087430,0.0032993831588008504
2016-08-09 07:00:00,629.66,637.34,629.66,637.34,87157080,0.012518666793759792
2016-08-10 07:00:00,637.21,648.48,637.21,648.33,107877050,0.017243543477578616
2016-08-11 07:00:00,649.27,660.24,648.31,660.24,134689840,0.018370274397297548
2016-08-12 07:00:00,665.14,668.52,652.67,655.71,117895770,-0.006861141403126103
2016-08-15 07:00:00,654.06,659.47,653.64,659.47,114385770,0.005734242271735912
2016-08-16 07:00:00,659.97,662.13,656.83,658.11,128458310,-0.0020622621195809376
2016-08-17 07:00:00,659.46,660.76,657.06,660.51,113029210,0.003646806764826538
2016-08-18 07:00:00,663.56,665.94,656.35,660.65,120173290,0.000211957426836884
2016-08-19 07:00:00,664.09,666.93,659.64,662.28,101626960,0.002467267085446201
2016-08-22 07:00:00,662.87,664.95,657.68,657.68,109773170,-0.006945702723923475
2016-08-23 07:00:00,653.58,659.16,652.88,659.16,90297080,0.002250334509183771
2016-08-24 07:00:00,660.95,665.43,659.16,660.77,98316870,0.0024425025790399957
2016-08-25 07:00:00,659.57,660.48,656.49,658.5,106728730,-0.0034353859890733363
2016-08-26 07:00:00,662.9,668.84,662.9,667.75,109776940,0.014047076689445603
2016-08-29 07:00:00,670.71,679.62,669.44,669.44,108619910,0.002530887308124452
2016-08-30 07:00:00,667.96,672.67,666.33,672.67,87433660,0.004824928298279074
2016-08-31 07:00:00,673.1,676.26,671.39,674.63,93688890,0.0029137615769991854
2016-09-01 07:00:00,674.19,674.72,664.77,669.19,93925040,-0.008063679350162278
2016-09-05 07:00:00,669.3,670.08,660.31,664.55,103194860,-0.006933755734544911
2016-09-06 07:00:00,666.38,668.4,663.9,663.9,87906500,-0.0009781054849146154
2016-09-07 07:00:00,663.05,663.68,657.07,661.28,88002530,-0.003946377466485962
2016-09-08 07:00:00,661.89,668.2,660.54,666.07,112627640,0.007243527703847175
2016-09-09 07:00:00,669.24,672.39,666.88,666.88,95460760,0.0012160883991170213
2016-09-12 07:00:00,665.77,666.04,655.55,659.76,88572250,-0.010676583493282155
2016-09-13 07:00:00,658.61,661.74,654.95,659.72,81226280,-6.0628107190430214e-05
2016-09-14 07:00:00,658.16,661.82,656.64,656.64,92963280,-0.004668647304917339
2016-09-15 07:00:00,657.46,660.32,654.84,656.18,105142830,-0.0007005360623781876
2016-09-16 07:00:00,654.68,657.53,651.31,651.31,184317130,-0.007421744033649258
2016-09-19 07:00:00,656.68,658.35,653.97,657.89,104348350,0.010102716064546824
2016-09-20 07:00:00,656.2,663.37,653.28,663.37,100490650,0.00832965997355184
2016-09-21 07:00:00,663.12,668.83,662.79,668.48,134925820,0.007703091788896055
2016-09-22 07:00:00,671.41,675.36,671.14,671.38,112592880,0.004338200095739486
2016-09-23 07:00:00,670.73,674.09,670.3,674.09,99084600,0.00403646221216003
2016-09-26 07:00:00,674.09,677.04,671.51,677.04,91965270,0.004376270230977974
2016-09-27 07:00:00,676.61,684.89,676.24,684.89,115019350,0.011594588207491485
2016-09-28 07:00:00,684.99,687.77,682.98,686.72,111646620,0.002671961920892363
2016-09-29 07:00:00,689.82,692.17,685.91,688.55,109747830,0.0026648415657035684
2016-09-30 07:00:00,688.05,689.12,684.62,685.73,102428420,-0.004095563139931646
2016-10-03 07:00:00,687.68,688.42,681.99,683.05,108519140,-0.003908243769413677
2016-10-04 07:00:00,682.82,689.17,680.24,684.2,111644670,0.0016836249176488405
2016-10-05 07:00:00,686.41,689.5,685.48,687.04,106465990,0.004150833089739736
2016-10-06 07:00:00,689.1,690.93,687.32,687.32,140831260,0.00040754541220322515
2016-10-07 07:00:00,689.51,690.19,680.26,683.95,128830960,-0.004903101903043661
2016-10-10 07:00:00,684.05,684.46,674.19,674.19,119618590,-0.014270048980188577
2016-10-11 07:00:00,677.63,682.36,669.2,682.36,126219300,0.012118245598421673
2016-10-12 07:00:00,683.88,686.18,681.12,682.45,107650470,0.00013189518729128658
2016-10-13 07:00:00,680.73,685.23,678.79,685.23,117781230,0.0040735585024542775
2016-10-14 07:00:00,685.06,690.62,684.78,687.0,134748710,0.0025830742962216213
2016-10-17 07:00:00,687.18,687.94,680.95,680.95,106159380,-0.008806404657933031
2016-10-18 07:00:00,680.44,682.99,678.13,682.02,100892180,0.0015713341655039237
2016-10-19 07:00:00,683.83,689.88,683.25,688.89,122517570,0.010073018386557608
2016-10-20 07:00:00,690.45,690.86,685.63,686.39,106042150,-0.0036290264047961207
2016-10-21 07:00:00,685.77,687.54,683.76,684.83,111996680,-0.0022727603840381194
2016-10-24 07:00:00,683.14,684.51,677.89,678.02,91994310,-0.009944073711724122
2016-10-25 07:00:00,676.29,677.47,670.6,676.18,108043320,-0.0027137842541518076
2016-10-26 07:00:00,674.51,675.94,670.8,673.61,91959690,-0.003800763110414329
2016-10-27 07:00:00,672.81,676.9,671.61,676.9,85549590,0.004884131767640021
2016-10-28 07:00:00,676.74,682.25,675.85,682.25,103029880,0.007903678534495473
2016-10-31 07:00:00,682.11,683.34,675.8,675.8,114384030,-0.009454012458776195
2016-11-01 07:00:00,675.13,676.6,672.33,676.6,103689100,0.0011837821840783302
2016-11-02 07:00:00,675.68,678.14,671.4,671.4,128035040,-0.007685486254803475
2016-11-03 07:00:00,668.66,668.66,661.86,667.63,114649680,-0.005615132558832281
2016-11-04 07:00:00,666.93,668.99,665.08,666.73,74501690,-0.001348052064766403
2016-11-07 07:00:00,667.12,674.36,666.61,674.14,86516180,0.011113944175303203
2016-11-08 07:00:00,675.82,677.91,674.33,676.46,77559310,0.0034414216631561967
2016-11-09 07:00:00,675.57,675.57,656.68,670.26,129849160,-0.009165360849126447
2016-11-10 07:00:00,675.36,678.57,675.18,678.17,104949360,0.011801390505177034
2016-11-11 07:00:00,678.38,679.56,676.73,679.2,96643530,0.0015187932229383527
2016-11-14 07:00:00,677.13,679.96,672.45,673.05,111753270,-0.009054770318021377
2016-11-15 07:00:00,673.75,675.73,671.55,674.26,105064180,0.00179778619716231
2016-11-16 07:00:00,674.85,676.9,673.95,674.6,102400010,0.0005042565182571401
2016-11-17 07:00:00,674.5,676.48,673.13,674.57,119114290,-4.4470797509577054e-05
2016-11-18 07:00:00,673.82,675.15,669.18,673.25,96180820,-0.001956802110974487
2016-11-21 07:00:00,673.2,675.04,671.65,674.29,96259380,0.0015447456368362644
2016-11-22 07:00:00,675.23,681.91,675.23,681.91,106254350,0.01130077563066334
2016-11-23 07:00:00,681.17,684.12,679.81,683.16,109567320,0.001833086477687651
2016-11-24 07:00:00,683.61,683.61,676.39,678.18,108249240,-0.007289653961004783
2016-11-25 07:00:00,678.47,678.87,671.48,675.87,108511930,-0.0034061753516764215
2016-11-28 07:00:00,672.38,673.18,660.96,665.29,94780750,-0.015653897938952777
2016-11-29 07:00:00,665.11,667.79,658.26,658.26,111429590,-0.010566820484300021
2016-11-30 07:00:00,658.44,665.78,654.99,665.07,115315370,0.010345456202716319
2016-12-01 07:00:00,670.75,670.81,666.54,666.54,107595380,0.0022102936532995
2016-12-02 07:00:00,667.02,667.39,662.09,665.14,106687860,-0.0021003990758243773
2016-12-05 07:00:00,663.06,663.87,658.11,660.21,87046940,-0.0074119734191296915
2016-12-06 07:00:00,660.21,660.77,648.37,651.49,117960660,-0.013207918692537235
2016-12-07 07:00:00,651.49,654.13,647.33,653.53,103897120,0.003131283672811458
2016-12-08 07:00:00,655.48,660.72,655.48,658.89,90796840,0.008201612779826561
2016-12-09 07:00:00,659.46,664.46,659.46,663.07,79953030,0.0063440027925754094
2016-12-12 07:00:00,663.7,664.67,658.84,659.7,94354570,-0.005082419654033554
2016-12-13 07:00:00,662.27,663.54,654.34,654.66,111295850,-0.00763983628922249
2016-12-14 07:00:00,657.39,665.14,657.39,665.14,193827050,0.016008309656921238
2016-12-15 07:00:00,668.07,668.07,664.08,665.92,107135700,0.0011726854496796335
2016-12-16 07:00:00,670.43,675.19,668.3,675.16,155852900,0.013875540605478243
2016-12-19 07:00:00,673.98,679.9,673.88,674.33,107085610,-0.0012293382309377376
2016-12-20 07:00:00,673.93,674.28,662.66,662.66,92619080,-0.01730606676256441
2016-12-21 07:00:00,662.36,667.06,657.4,666.94,81863850,0.006458817493133928
2016-12-22 07:00:00,669.01,669.95,663.7,664.15,86318960,-0.0041832848532102895
2016-12-23 07:00:00,663.75,664.37,659.18,664.37,72131790,0.00033125047052617873
2016-12-26 07:00:00,665.67,665.73,662.09,662.45,67252060,-0.00288995589806873
2016-12-27 07:00:00,662.66,665.5,661.41,663.86,95593140,0.0021284625254736067
2016-12-28 07:00:00,665.9,666.64,661.8,663.5,101515350,-0.000542283011478295
2016-12-29 07:00:00,666.43,666.43,663.95,664.72,99258510,0.0018387339864356367
2016-12-30 07:00:00,664.17,665.49,663.39,664.87,90082950,0.00022565892405812527
2017-01-03 07:00:00,665.92,672.34,665.43,672.01,79722650,0.010738941447200112
2017-01-04 07:00:00,672.58,675.93,672.21,674.7,92285170,0.004002916623264685
2017-01-05 07:00:00,674.82,675.92,673.31,675.81,92735720,0.0016451756336148815
2017-01-06 07:00:00,675.35,683.76,675.22,679.8,111701460,0.005904026279575536
2017-01-09 07:00:00,681.74,684.88,681.74,682.57,88221600,0.0040747278611357185
2017-01-10 07:00:00,682.77,683.02,680.76,681.07,78938330,-0.002197576805309298
2017-01-11 07:00:00,680.85,687.16,680.85,687.16,96461920,0.008941812148530959
2017-01-12 07:00:00,688.71,688.99,685.59,686.96,102618890,-0.00029105302986198733
2017-01-13 07:00:00,686.58,688.62,685.06,685.06,82155530,-0.0027658087807151954
2017-01-16 07:00:00,684.62,684.82,677.85,677.94,76123340,-0.010393250226257367
2017-01-17 07:00:00,678.83,684.73,678.83,684.71,94123250,0.00998613446617691
2017-01-18 07:00:00,683.74,688.07,683.28,683.28,84747660,-0.002088475412948654
2017-01-19 07:00:00,683.02,684.19,680.8,682.31,69116870,-0.0014196229949654526
2017-01-20 07:00:00,684.05,688.42,684.05,686.26,80002540,0.005789157421113744
2017-01-23 07:00:00,687.83,689.47,686.46,687.15,75819770,0.0012968845627021608
2017-01-24 07:00:00,687.08,692.75,687.08,691.36,92470490,0.006126755439132658
2017-01-25 07:00:00,693.07,697.28,691.19,697.28,89267610,0.008562832677620813
2017-02-02 07:00:00,699.8,703.2,697.71,703.18,82117060,0.008461450206516785
2017-02-03 07:00:00,704.69,708.1,700.09,700.35,119246940,-0.004024574077760912
2017-02-06 07:00:00,702.02,702.02,696.92,700.04,115790760,-0.0004426358249447482
2017-02-07 07:00:00,699.99,703.3,698.99,701.91,151064680,0.0026712759270899333
2017-02-08 07:00:00,702.67,702.77,700.47,702.04,131301380,0.00018520892991968907
2017-02-09 07:00:00,700.93,702.64,700.21,700.65,138329170,-0.001979944162725733
2017-02-10 07:00:00,701.15,704.08,701.15,703.78,129049870,0.004467280382501881
2017-02-13 07:00:00,704.61,706.47,703.58,705.9,158112440,0.0030123049816703773
2017-02-14 07:00:00,706.41,707.32,703.85,706.26,169469810,0.0005099872503186997
2017-02-15 07:00:00,706.84,711.73,706.84,711.57,152178230,0.0075184776144763266
2017-02-16 07:00:00,712.61,717.57,709.35,709.35,189608500,-0.003119861714237615
2017-02-17 07:00:00,709.52,710.21,705.84,707.83,158563960,-0.002142806794953045
2017-02-20 07:00:00,705.72,711.4,704.41,710.59,186577070,0.0038992413432603623
2017-02-21 07:00:00,711.49,718.06,711.49,716.55,198966880,0.008387396388916057
2017-02-22 07:00:00,717.77,719.09,715.36,717.24,213358850,0.0009629474565626683
2017-02-23 07:00:00,717.49,719.58,712.36,716.87,211235150,-0.0005158663766661187
2017-02-24 07:00:00,716.35,717.94,713.7,714.47,231146780,-0.0033478873435908163
2017-02-27 07:00:00,711.7,718.37,711.7,717.44,176837600,0.004156927512701802
2017-02-28 07:00:00,718.24,719.14,710.79,710.79,183667860,-0.009269067796610297
2017-03-01 07:00:00,710.7,712.49,705.79,709.52,211022340,-0.0017867443267349792
2017-03-02 07:00:00,712.68,713.53,707.51,707.51,164954330,-0.002832901116247566
2017-03-03 07:00:00,707.51,712.62,705.83,712.62,163479620,0.007222512756003496
2017-03-06 07:00:00,714.61,718.04,714.01,716.29,156471030,0.00515000982290692
2017-03-07 07:00:00,716.46,716.95,715.37,716.54,176411640,0.00034902064806163757
2017-03-08 07:00:00,715.04,718.78,713.89,716.6,162940400,8.373573003606083e-05
2017-03-09 07:00:00,715.86,718.23,714.96,715.8,185884380,-0.0011163829193414632
2017-03-10 07:00:00,715.85,716.81,712.21,712.21,185800020,-0.0050153674210672294
2017-03-13 07:00:00,711.93,712.63,707.63,710.17,128790790,-0.002864323724744211
2017-03-14 07:00:00,709.9,716.49,709.29,714.71,125968160,0.006392835518256312
2017-03-15 07:00:00,715.63,716.49,713.14,713.14,129782600,-0.0021966951630731923
2017-03-16 07:00:00,712.56,715.03,710.66,714.92,162314460,0.002496003589757878
2017-03-17 07:00:00,715.82,717.1,710.54,710.54,235368860,-0.006126559615061811
2017-03-20 07:00:00,711.44,717.54,711.44,715.07,158390700,0.00637543276944319
2017-03-21 07:00:00,717.03,718.8,714.78,716.18,201545030,0.0015522955794535775
2017-03-22 07:00:00,715.78,720.68,712.94,712.94,254610300,-0.004524002345778877
2017-03-23 07:00:00,712.61,719.56,712.61,719.56,176869560,0.009285493870451855
2017-03-24 07:00:00,722.42,724.36,719.95,722.14,200241730,0.003585524487186742
2017-03-27 07:00:00,723.23,725.57,721.41,723.52,207369580,0.0019109867892652677
2017-03-28 07:00:00,724.37,725.0,718.66,719.26,186623970,-0.005887881468376821
2017-03-29 07:00:00,719.08,721.92,718.37,720.47,172783250,0.0016822845702528788
2017-03-30 07:00:00,721.87,725.91,721.87,723.86,180388070,0.004705261842963493
2017-03-31 07:00:00,723.86,726.67,722.31,722.31,181949340,-0.002141298041057782
2017-04-03 07:00:00,723.02,724.37,721.58,722.38,177623170,9.69112984730014e-05
2017-04-04 07:00:00,723.7,724.36,722.8,724.14,187134630,0.0024363908192364114
2017-04-05 07:00:00,724.89,726.03,722.49,723.22,196707340,-0.0012704725605545697
2017-04-07 07:00:00,721.85,727.95,720.28,727.95,189771920,0.006540195237963564
2017-04-10 07:00:00,728.71,730.9,727.77,729.87,144425190,0.00263754378734804
2017-04-11 07:00:00,730.15,732.24,730.15,731.33,197010310,0.002000356227821465
2017-04-12 07:00:00,731.62,732.87,724.48,725.58,213521570,-0.007862387704593021
2017-04-13 07:00:00,725.54,727.34,723.88,724.35,168105900,-0.001695195567683827
2017-04-14 07:00:00,722.47,722.96,714.13,718.45,183224860,-0.008145233657762097
2017-04-17 07:00:00,718.93,721.78,710.83,710.83,154510130,-0.010606166051917332
2017-04-18 07:00:00,708.64,714.93,707.92,714.93,156906940,0.005767905124994588
2017-04-19 07:00:00,714.87,716.77,714.02,716.77,142094700,0.0025736785419552266
2017-04-20 07:00:00,716.76,716.76,712.66,712.66,125260980,-0.0057340569499281235
2017-04-21 07:00:00,712.77,715.08,711.08,712.41,132811530,-0.0003507984171975398
2017-04-24 07:00:00,711.6,712.77,709.39,709.39,129826020,-0.004239131960528275
2017-04-25 07:00:00,709.0,709.81,706.04,707.58,117943390,-0.002551487898053151
2017-04-26 07:00:00,706.36,710.04,706.32,710.04,134367260,0.003476638683964861
2017-04-27 07:00:00,711.74,716.53,711.38,716.53,163516320,0.009140330122246576
2017-04-28 07:00:00,715.9,718.54,713.83,717.73,175317340,0.0016747379732879875
2017-05-03 07:00:00,718.7,719.54,716.89,719.54,169302120,0.002521839689019423
2017-05-04 07:00:00,717.98,723.22,717.98,722.02,199862840,0.0034466464685771747
2017-05-05 07:00:00,720.39,721.65,719.86,720.0,179559890,-0.002797706434724767
2017-05-08 07:00:00,720.61,720.61,717.98,718.86,200765930,-0.00158333333333327
2017-05-09 07:00:00,717.55,722.11,716.95,722.11,208726890,0.004521047213643881
2017-05-10 07:00:00,721.94,727.52,721.81,724.31,207031480,0.0030466272451563636
2017-05-11 07:00:00,724.84,726.82,723.39,724.99,184492830,0.0009388245364554404
2017-05-12 07:00:00,724.63,726.4,724.41,725.37,175822670,0.0005241451606228242
2017-05-15 07:00:00,725.25,726.19,723.18,725.35,225204780,-2.7572135599784886e-05
2017-05-16 07:00:00,725.84,727.86,725.03,725.03,283939360,-0.00044116633349422507
2017-05-17 07:00:00,724.01,728.01,722.81,727.2,198308760,0.0029929796008441034
2017-05-18 07:00:00,723.8,729.0,723.8,726.99,207715300,-0.00028877887788780754
2017-05-19 07:00:00,727.61,733.82,726.79,733.82,206013150,0.0093949022682569
2017-05-22 07:00:00,738.63,746.87,738.63,744.1,239413730,0.014008885012673389
2017-05-23 07:00:00,744.32,746.18,740.28,740.93,259818180,-0.004260180083322185
2017-05-24 07:00:00,739.91,744.27,737.3,742.74,199021090,0.002442875845221515
2017-05-25 07:00:00,744.24,746.48,740.89,741.91,192545970,-0.0011174839109244772
2017-05-26 07:00:00,741.4,743.46,740.6,743.41,182563920,0.002021808575164208
2017-05-29 07:00:00,746.08,748.06,745.31,746.25,238391340,0.0038202337875465897
2017-05-30 07:00:00,747.07,747.43,738.21,738.21,243929050,-0.010773869346733633
2017-05-31 07:00:00,738.91,741.93,735.39,737.82,186925620,-0.000528304953874903
2017-06-01 07:00:00,739.45,742.23,738.71,741.8,136773790,0.005394269605052626
2017-06-02 07:00:00,741.48,742.11,736.09,738.81,158389700,-0.004030736047452188
2017-06-05 07:00:00,739.13,745.14,738.35,743.49,157936290,0.006334510902667789
2017-06-06 07:00:00,743.99,751.31,743.99,751.31,170947990,0.010517962581877205
2017-06-07 07:00:00,752.75,754.92,751.65,753.46,192345690,0.0028616682860604925
2017-06-08 07:00:00,751.7,751.96,748.91,750.13,177252320,-0.004419610861890577
2017-06-09 07:00:00,749.46,752.01,749.04,749.72,170501090,-0.000546571927532491
2017-06-12 07:00:00,751.33,753.41,749.0,751.09,168761640,0.0018273488769140478
2017-06-13 07:00:00,752.35,756.89,750.1,756.89,161472560,0.007722110532692339
2017-06-14 07:00:00,758.26,761.7,756.82,760.77,171867720,0.005126240272694815
2017-06-15 07:00:00,760.38,762.98,758.17,760.57,167145290,-0.0002628915440934243
2017-06-16 07:00:00,761.75,762.43,759.98,761.24,197513460,0.0008809182586744235
2017-06-19 07:00:00,763.75,766.83,762.33,766.83,178804100,0.007343282013556829
2017-06-20 07:00:00,767.59,768.29,764.42,767.99,174082870,0.0015127212028740455
2017-06-21 07:00:00,765.71,767.83,758.9,767.41,192993090,-0.0007552181669032709
2017-06-22 07:00:00,768.41,769.99,766.3,766.3,195187930,-0.0014464236848621415
2017-06-23 07:00:00,765.66,769.01,763.64,769.01,212981550,0.0035364739658096944
2017-06-26 07:00:00,770.5,773.14,769.73,772.52,212474720,0.004564309956957668
2017-06-27 07:00:00,773.15,773.4,767.19,767.51,217431160,-0.00648526898979962
2017-06-28 07:00:00,766.82,769.04,762.78,769.04,183664140,0.0019934593686075086
2017-06-29 07:00:00,771.26,773.08,769.89,771.75,198168950,0.00352387392073239
2017-06-30 07:00:00,773.46,776.5,773.46,776.47,174259020,0.006115970197602794
2017-07-03 07:00:00,776.84,780.01,775.53,778.88,184646110,0.0031037902301440656
2017-07-04 07:00:00,779.15,779.15,772.9,775.54,210154270,-0.004288208709942509
2017-07-05 07:00:00,775.85,778.32,773.81,778.32,202611490,0.003584599118034104
2017-07-06 07:00:00,780.5,782.77,779.99,782.65,217291680,0.005563264467057127
2017-07-07 07:00:00,782.65,783.81,775.73,775.73,237199480,-0.008841755574011345
2017-07-10 07:00:00,775.85,775.85,764.43,766.56,207350440,-0.011821123328993433
2017-07-11 07:00:00,766.44,769.36,761.57,769.36,198964720,0.00365268211229397
2017-07-12 07:00:00,772.6,775.08,769.83,774.17,163777890,0.006251949672454904
2017-07-13 07:00:00,777.12,778.3,773.85,778.3,183216330,0.005334745598511992
2017-07-14 07:00:00,779.72,780.65,776.88,777.6,189794180,-0.0008993961197480971
2017-07-17 07:00:00,777.7,778.3,766.47,768.91,225823120,-0.011175411522633794
2017-07-18 07:00:00,766.88,770.37,762.68,767.49,201070890,-0.0018467701031329442
2017-07-19 07:00:00,771.33,774.12,770.18,771.3,205221170,0.0049642340616815606
2017-07-20 07:00:00,768.56,768.56,763.55,768.41,172385410,-0.003746920783093466
2017-07-21 07:00:00,768.9,770.43,761.86,761.86,162474290,-0.008524095209588523
2017-07-24 07:00:00,759.97,761.64,753.82,759.74,146939630,-0.002782663481479597
2017-07-25 07:00:00,757.43,767.27,757.35,767.27,139582860,0.009911285439755613
2017-07-26 07:00:00,769.35,773.88,764.92,773.88,188632680,0.008614959531846766
2017-07-27 07:00:00,773.21,774.97,770.3,771.5,191436360,-0.0030754122086111835
2017-07-28 07:00:00,771.21,777.09,770.82,777.09,177186920,0.007245625405055023
2017-07-31 07:00:00,777.54,783.58,776.72,783.55,258874940,0.008313065410698872
2017-08-01 07:00:00,784.44,787.68,784.15,786.81,201082610,0.0041605513368643265
2017-08-02 07:00:00,783.45,788.97,779.81,786.23,194673150,-0.00073715382366768
2017-08-03 07:00:00,786.19,790.82,786.19,788.49,195378820,0.0028744769342303744
2017-08-04 07:00:00,789.46,790.12,786.09,788.68,189688130,0.00024096691143826732
2017-08-07 07:00:00,789.41,796.09,788.66,792.98,210236060,0.005452147892681447
2017-08-08 07:00:00,795.8,796.62,789.84,791.57,213526640,-0.0017781028525308828
2017-08-09 07:00:00,789.15,789.15,773.66,773.66,292795000,-0.0226259206387307
2017-08-10 07:00:00,769.58,776.77,769.58,773.43,178275390,-0.0002972882144611777
2017-08-11 07:00:00,771.86,774.31,769.14,772.08,156752670,-0.00174547147123838
2017-08-14 07:00:00,770.65,776.42,770.65,776.17,159668260,0.005297378509998785
2017-08-15 07:00:00,776.64,776.83,770.09,771.06,145550720,-0.00658360926085777
2017-08-16 07:00:00,771.1,773.57,766.8,773.57,156131920,0.0032552589941121646
2017-08-17 07:00:00,773.48,774.47,767.59,767.59,220817310,-0.007730392853911083
2017-08-18 07:00:00,762.82,770.79,762.46,768.97,162337400,0.0017978347815890139
2017-08-21 07:00:00,767.42,769.71,765.95,768.79,152284410,-0.00023407935290076232
2017-08-22 07:00:00,768.2,768.44,760.3,761.26,145570650,-0.009794612312855278
2017-08-23 07:00:00,762.42,765.98,759.01,765.98,152531930,0.00620024695898902
2017-08-24 07:00:00,766.48,771.65,764.64,769.77,208905050,0.004947909867098366
2017-08-25 07:00:00,769.07,771.63,768.57,771.63,218265430,0.002416306169375382
2017-08-28 07:00:00,771.81,777.26,770.51,777.26,240572610,0.007296243018026782
2017-08-29 07:00:00,773.91,777.11,773.87,774.03,255981300,-0.004155623600854308
2017-08-30 07:00:00,774.31,778.65,773.85,778.65,193496470,0.0059687609007403886
2017-08-31 07:00:00,779.19,785.78,778.19,782.76,191640520,0.005278366403390411
2017-09-01 07:00:00,784.42,789.19,784.18,788.73,137914410,0.007626858807297188
2017-09-05 07:00:00,790.26,794.46,787.8,792.31,153091050,0.004538942350360564
2017-09-06 07:00:00,792.16,793.82,788.89,793.55,144147770,0.0015650439853087672
2017-09-07 07:00:00,793.61,798.58,792.77,796.72,143540810,0.003994707327830804
2017-09-08 07:00:00,797.98,802.9,797.82,801.2,122071810,0.0056230545235465
2017-09-11 07:00:00,801.21,805.44,797.47,797.47,138929970,-0.004655516724912601
2017-09-12 07:00:00,795.53,801.01,794.88,799.94,133449030,0.0030972951960575035
2017-09-13 07:00:00,802.85,804.38,799.94,802.78,139692830,0.003550266269970237
2017-09-14 07:00:00,803.34,807.29,803.23,806.32,139352800,0.004409676374598437
2017-09-15 07:00:00,803.35,805.82,802.08,805.82,142760690,-0.0006201012005159212
2017-09-18 07:00:00,808.51,809.39,805.37,807.87,167579320,0.0025439924548906756
2017-09-19 07:00:00,807.41,810.13,805.87,805.93,160487610,-0.0024013764590837816
2017-09-20 07:00:00,806.88,807.51,803.33,805.86,137443940,-8.685617857617789e-05
2017-09-21 07:00:00,805.29,806.52,802.6,803.93,130767410,-0.0023949569404115856
2017-09-22 07:00:00,805.15,808.16,803.94,807.13,150381610,0.0039804460587364865
2017-09-25 07:00:00,806.9,807.64,802.23,805.58,126085700,-0.0019203845724975466
2017-09-26 07:00:00,806.4,806.84,801.66,805.35,155559280,-0.00028550857767073445
2017-09-27 07:00:00,803.32,805.04,801.74,803.77,142029330,-0.001961879927981691
2017-09-28 07:00:00,803.1,810.35,803.1,804.82,161949260,0.001306343854585279
2017-09-29 07:00:00,805.07,808.77,804.42,804.42,124224690,-0.0004970055416119168
2017-10-02 07:00:00,805.29,808.09,801.7,802.23,101196300,-0.002722458417244611
2017-10-03 07:00:00,803.98,804.39,795.05,798.0,148218410,-0.005272802064245963
2017-10-04 07:00:00,797.39,805.66,797.0,805.66,109372380,0.009598997493734274
2017-10-05 07:00:00,806.56,810.54,805.22,805.23,139251920,-0.0005337239033834651
2017-10-06 07:00:00,805.7,808.13,803.81,807.8,119935950,0.0031916346882256974
2017-10-09 07:00:00,809.61,810.75,806.78,808.96,129146140,0.0014359990096559638
2017-10-10 07:00:00,808.43,810.65,806.3,810.65,138184800,0.002089102056962
2017-10-11 07:00:00,811.2,815.11,811.2,813.95,162513710,0.004070807376796548
2017-10-12 07:00:00,814.43,818.44,813.72,815.87,136859420,0.002358867252288066
2017-10-13 07:00:00,814.6,820.95,814.2,820.95,141204400,0.006226482160148095
2017-10-16 07:00:00,821.54,823.85,819.43,819.43,149580780,-0.001851513490468526
2017-10-17 07:00:00,819.51,828.29,819.43,828.29,162264680,0.010812393981182167
2017-10-18 07:00:00,829.43,831.15,826.72,827.72,183072810,-0.0006881647732073226
2017-10-19 07:00:00,828.89,831.61,825.5,828.93,143640120,0.0014618470014013951
2017-10-20 07:00:00,827.93,833.57,826.84,826.84,175594060,-0.0025213226689828616
2017-10-23 07:00:00,826.25,827.24,818.81,820.04,194440930,-0.00822408204731273
2017-10-24 07:00:00,818.08,825.24,814.92,825.24,141570200,0.006341154090044432
2017-10-25 07:00:00,826.08,830.69,822.83,830.69,120610410,0.00660413940187099
2017-10-26 07:00:00,829.94,834.67,823.92,830.11,166974910,-0.0006982147371462633
2017-10-27 07:00:00,829.15,840.37,828.45,840.37,125941130,0.012359807736324058
2017-10-30 07:00:00,842.92,849.3,842.92,845.2,162129150,0.005747468377024445
2017-10-31 07:00:00,844.27,845.93,837.28,837.28,159926430,-0.009370563180312486
2017-11-01 07:00:00,838.75,842.88,838.01,842.71,154993610,0.006485285686986586
2017-11-02 07:00:00,842.19,849.53,833.09,833.09,174440020,-0.011415552206571644
2017-11-03 07:00:00,833.16,843.73,831.58,843.73,149701990,0.01277172934496873
2017-11-06 07:00:00,846.12,849.09,843.76,849.09,128405430,0.006352743176134545
2017-11-07 07:00:00,850.2,854.6,847.88,850.33,150836950,0.0014603870025557963
2017-11-08 07:00:00,853.15,863.07,852.32,859.7,147296730,0.011019251349476011
2017-11-09 07:00:00,862.38,864.2,858.16,860.4,142874820,0.0008142375247177647
2017-11-10 07:00:00,859.91,869.37,859.24,868.21,150463680,0.00907717340771752
2017-11-13 07:00:00,871.7,879.34,871.7,879.34,189223330,0.012819479158268088
2017-11-14 07:00:00,881.15,884.14,874.74,880.9,168957930,0.0017740578160891918
2017-11-15 07:00:00,877.65,884.83,876.6,882.59,162193450,0.001918492450902587
2017-11-16 07:00:00,880.17,892.8,880.17,892.8,169624640,0.011568225336792803
2017-11-17 07:00:00,893.99,898.11,886.86,890.69,168088500,-0.0023633512544801727
2017-11-20 07:00:00,890.34,903.55,889.55,903.55,145015010,0.014438244507067433
2017-11-21 07:00:00,907.51,929.89,907.51,918.3,207576000,0.01632449781417744
2017-11-22 07:00:00,921.13,932.66,918.3,932.66,181455380,0.015637591201132617
2017-11-23 07:00:00,938.31,943.15,927.0,933.7,205435150,0.0011150901721956874
2017-11-24 07:00:00,930.52,937.54,924.65,935.57,199758010,0.002002784620327658
2017-11-27 07:00:00,933.38,947.06,931.29,938.61,225989050,0.0032493560075674832
2017-11-28 07:00:00,939.1,943.45,933.59,941.21,323706840,0.002770053589882915
2017-11-29 07:00:00,943.46,952.14,940.4,952.14,206121930,0.011612711297160017
2017-11-30 07:00:00,956.17,960.11,949.93,949.93,225052010,-0.002321087235070518
2017-12-01 07:00:00,952.76,960.33,952.76,960.33,204845390,0.010948175128693727
2017-12-04 07:00:00,962.47,972.53,962.47,970.02,253286410,0.010090281465746198
2017-12-05 07:00:00,972.28,974.8,953.3,953.3,237663970,-0.017236758004989583
2017-12-06 07:00:00,950.21,950.72,932.64,947.64,225172150,-0.005937270533934669
2017-12-07 07:00:00,950.23,954.24,932.68,938.65,162853390,-0.009486724916635048
2017-12-08 07:00:00,938.41,944.75,930.29,940.16,153106250,0.001608693336174305
2017-12-11 07:00:00,930.17,936.93,917.45,917.45,170105480,-0.024155462899931868
2017-12-12 07:00:00,927.67,931.12,895.85,927.25,225246300,0.010681781023488934
2017-12-13 07:00:00,927.25,932.48,922.97,924.4,127047580,-0.0030736047452143422
2017-12-14 07:00:00,925.51,936.29,923.99,935.85,154262610,0.012386412808308211
2017-12-15 07:00:00,933.63,939.57,932.96,935.16,229584110,-0.0007372976438532186
2017-12-18 07:00:00,945.9,958.06,945.9,958.06,226365940,0.024487788185978854
2017-12-19 07:00:00,961.03,963.01,951.25,951.42,206933350,-0.006930672400475957
2017-12-20 07:00:00,945.12,958.82,945.12,953.51,174376230,0.002196716486935424
2017-12-21 07:00:00,949.45,957.56,946.06,946.06,146788730,-0.007813237407053975
2017-12-22 07:00:00,947.54,952.7,945.18,952.32,146008550,0.006616916474642354
2017-12-25 07:00:00,954.28,958.57,952.41,958.31,116082960,0.006289902553763271
2017-12-26 07:00:00,960.32,965.93,957.24,965.93,134417650,0.007951497949515218
2017-12-27 07:00:00,969.72,972.6,965.18,968.46,177748110,0.0026192374188607204
2017-12-28 07:00:00,970.63,978.65,967.73,976.72,143944680,0.008529004811762997
2017-12-29 07:00:00,978.39,990.1,976.33,984.24,180964800,0.007699238266852371
2018-01-02 07:00:00,986.05,996.18,984.34,995.77,173125210,0.011714622449809031
2018-01-03 07:00:00,999.86,1010.21,998.41,1005.67,212755670,0.009942054892194019
2018-01-04 07:00:00,1009.37,1019.75,1009.0,1019.75,235427380,0.014000616504419972
2018-01-05 07:00:00,1020.34,1020.6,1010.65,1012.65,267882440,-0.006962490806570298
2018-01-08 07:00:00,1011.36,1022.9,1004.89,1022.9,236387900,0.01012195724090259
2018-01-09 07:00:00,1027.14,1033.56,1017.86,1033.56,290482980,0.010421351060709627
2018-01-10 07:00:00,1034.64,1045.63,1033.01,1038.11,341600970,0.004402260149386494
2018-01-11 07:00:00,1037.03,1049.73,1031.13,1048.17,288550670,0.009690687884713833
2018-01-12 07:00:00,1050.17,1057.88,1046.38,1050.11,320836070,0.0018508448057088511
2018-01-15 07:00:00,1049.91,1063.47,1043.15,1063.47,256567310,0.012722476692917928
2018-01-16 07:00:00,1059.36,1065.39,1052.43,1062.96,294792490,-0.00047956218793199223
2018-01-17 07:00:00,1061.98,1064.77,1034.69,1034.69,294301610,-0.026595544517197256
2018-01-18 07:00:00,1028.76,1050.25,1020.01,1050.25,256859550,0.015038320656428406
2018-01-19 07:00:00,1054.33,1067.21,1053.37,1062.07,279706010,0.011254463223042022
2018-01-22 07:00:00,1066.86,1088.05,1066.61,1087.42,246215500,0.02386848324498403
2018-01-24 07:00:00,1066.86,1088.05,1066.61,1087.42,246215500,0.0
2018-01-25 07:00:00,1098.44,1117.08,1098.44,1104.57,445940510,0.015771275128285245
2018-01-26 07:00:00,1119.78,1123.83,1103.06,1115.64,261062660,0.010021999511122148
2018-01-29 07:00:00,1121.78,1130.1,1109.8,1109.8,263321700,-0.005234663511527127
2018-01-30 07:00:00,1099.98,1110.56,1092.44,1110.56,287489730,0.000684808073526666
2018-01-31 07:00:00,1112.23,1128.1,1104.98,1110.36,312880930,-0.00018008932430491065
2018-02-01 07:00:00,1111.74,1111.74,1090.25,1099.67,233072190,-0.009627508195540035
2018-02-02 07:00:00,1098.66,1105.04,1091.06,1105.04,172601930,0.004883283166768004
2018-02-05 07:00:00,1089.62,1090.88,1048.71,1048.71,248154720,-0.05097553029754576
2018-02-06 07:00:00,1026.08,1026.08,983.06,1011.6,364437550,-0.03538633177904282
2018-02-07 07:00:00,1040.53,1048.54,1034.13,1040.55,208749250,0.028618030842230135
2018-02-08 07:00:00,1031.46,1039.61,1023.25,1023.25,161025060,-0.01662582288212955
2018-02-09 07:00:00,991.09,1003.94,973.78,1003.94,199516810,-0.018871243586611186
2018-02-12 07:00:00,1011.64,1041.79,1011.64,1041.79,162098570,0.03770145626232635
2018-02-13 07:00:00,1053.31,1060.48,1052.86,1059.73,157958690,0.01722036110924474
2018-02-21 07:00:00,1073.33,1092.65,1070.43,1087.15,165043220,0.025874515206703697
2018-02-22 07:00:00,1080.77,1091.62,1074.27,1076.03,185011630,-0.010228579312882458
2018-02-23 07:00:00,1086.81,1102.85,1081.31,1102.85,177049320,0.024924955623913725
2018-02-26 07:00:00,1115.9,1127.57,1114.06,1114.53,221574620,0.010590742168019363
2018-02-27 07:00:00,1124.03,1124.03,1106.77,1119.61,175305260,0.0045579751105846444
2018-02-28 07:00:00,1110.3,1129.89,1109.89,1121.54,213347390,0.001723814542563984
2018-03-01 07:00:00,1118.13,1129.3,1110.92,1115.79,207156270,-0.005126879112648641
2018-03-02 07:00:00,1103.16,1121.91,1103.16,1121.21,188043270,0.00485754487851664
2018-03-05 07:00:00,1129.92,1132.69,1093.48,1093.48,252795970,-0.024732208952827794
2018-03-06 07:00:00,1106.28,1120.29,1091.67,1120.29,210241820,0.024518052456377726
2018-03-07 07:00:00,1121.99,1126.67,1103.29,1112.26,239942030,-0.007167786912317342
2018-03-08 07:00:00,1112.24,1126.35,1111.76,1124.15,186579760,0.0106899465952206
2018-03-09 07:00:00,1128.73,1135.02,1119.18,1123.41,205512360,-0.0006582751412178567
2018-03-12 07:00:00,1130.93,1134.52,1123.98,1126.29,197146780,0.002563623254199232
2018-03-13 07:00:00,1126.53,1133.31,1118.49,1133.31,208112910,0.006232852995232019
2018-03-14 07:00:00,1135.99,1142.88,1134.55,1138.09,222436340,0.004217733894521292
2018-03-15 07:00:00,1134.51,1140.74,1129.66,1138.76,207105860,0.0005887056383941935
2018-03-16 07:00:00,1144.54,1152.52,1140.56,1150.19,260196900,0.010037233482033114
2018-03-19 07:00:00,1158.16,1165.63,1155.82,1159.22,221555290,0.007850876811657193
2018-03-20 07:00:00,1154.48,1166.33,1154.48,1159.39,189756080,0.00014665033384519965
2018-03-21 07:00:00,1166.51,1172.31,1163.91,1169.36,212812970,0.00859934965800968
2018-03-22 07:00:00,1175.22,1180.44,1169.48,1172.36,215497530,0.0025655059177669415
2018-03-23 07:00:00,1154.25,1157.2,1138.53,1153.59,237107530,-0.016010440479033772
2018-03-26 07:00:00,1150.51,1176.95,1150.51,1171.22,175879690,0.015282726098527322
2018-03-27 07:00:00,1187.42,1187.42,1169.58,1171.73,201305790,0.00043544338382206504
2018-03-28 07:00:00,1168.87,1179.18,1165.71,1172.24,165131520,0.0004352538554104335
2018-03-29 07:00:00,1174.73,1176.45,1164.12,1167.03,150321430,-0.00444448235856143
2018-03-30 07:00:00,1169.29,1175.36,1158.49,1174.46,150318960,0.006366588690950525
2018-04-02 07:00:00,1180.26,1196.61,1179.73,1196.61,221037550,0.018859731280758796
2018-04-03 07:00:00,1197.0,1199.93,1185.83,1188.29,217626820,-0.006952975489089908
2018-04-04 07:00:00,1194.26,1200.71,1189.46,1191.54,194006930,0.0027350225954942964
2018-04-05 07:00:00,1197.76,1199.15,1186.75,1193.17,186567260,0.0013679775752388768
2018-04-06 07:00:00,1194.15,1202.59,1194.15,1199.96,217719530,0.005690723031923417
2018-04-09 07:00:00,1202.44,1207.45,1197.44,1204.33,222920660,0.0036417880596018026
2018-04-10 07:00:00,1207.62,1211.34,1192.22,1198.12,246566650,-0.0051563940116081675
2018-04-11 07:00:00,1201.51,1202.46,1167.11,1167.11,245785470,-0.025882215470904413
2018-04-12 07:00:00,1162.48,1173.02,1153.64,1173.02,168958120,0.005063790045497063
2018-04-13 07:00:00,1178.57,1181.52,1153.93,1157.14,156898440,-0.013537706091967694
2018-04-16 07:00:00,1156.54,1159.45,1141.81,1148.49,138666630,-0.007475327099573215
2018-04-17 07:00:00,1149.02,1156.7,1139.33,1153.28,139854490,0.004170693693458238
2018-04-18 07:00:00,1153.28,1160.32,1138.42,1138.53,152174130,-0.012789608768035476
2018-04-19 07:00:00,1137.99,1137.99,1094.63,1094.63,183841740,-0.03855849209067819
2018-04-20 07:00:00,1095.84,1119.86,1078.01,1119.86,142780270,0.023048884097822908
2018-04-23 07:00:00,1124.33,1127.24,1076.78,1076.78,194901680,-0.03846909435107959
2018-04-24 07:00:00,1064.86,1084.89,1048.68,1080.74,166004870,0.0036776314567508184
2018-04-26 07:00:00,1082.52,1082.52,1039.35,1044.86,184919930,-0.03319947443418414
2018-04-27 07:00:00,1037.36,1054.94,1031.89,1050.26,152853910,0.005168156499435472
2018-05-02 07:00:00,1053.26,1053.52,1024.75,1029.08,151711850,-0.02016643497800552
2018-05-03 07:00:00,1018.47,1027.38,1003.79,1026.46,170959320,-0.0025459633847707552
2018-05-04 07:00:00,1032.12,1037.02,1022.1,1026.8,125862200,0.0003312355084463814
2018-05-07 07:00:00,1034.64,1062.26,1028.79,1062.26,122128310,0.03453447604207249
2018-05-08 07:00:00,1061.12,1072.28,1057.24,1060.45,131146470,-0.0017039142959350828
2018-05-09 07:00:00,1058.33,1069.8,1051.79,1056.97,125896530,-0.0032816257249280723
2018-05-10 07:00:00,1058.22,1059.34,1025.75,1028.87,143626080,-0.02658542815784759
2018-05-11 07:00:00,1026.34,1044.85,1014.3,1044.85,122737900,0.015531602632013808
2018-05-14 07:00:00,1051.69,1066.98,1042.31,1066.98,112785900,0.021180073694788915
2018-05-15 07:00:00,1072.25,1084.2,1071.02,1073.5,125232780,0.006110704980411885
2018-05-16 07:00:00,1070.34,1072.46,1052.18,1054.62,121268150,-0.017587331159757857
2018-05-17 07:00:00,1055.21,1057.84,1030.64,1030.64,107387050,-0.022738047827653318
2018-05-18 07:00:00,1033.33,1040.84,1013.57,1040.54,118092350,0.009605681906388108
2018-05-21 07:00:00,1043.82,1043.82,1014.98,1014.98,104031010,-0.024564168604762848
2018-05-22 07:00:00,1006.18,1015.97,976.73,985.91,158542820,-0.028640958442530895
2018-05-23 07:00:00,974.8,995.25,965.92,988.94,126755700,0.0030733028369729354
2018-05-24 07:00:00,992.24,995.82,974.14,985.92,104772830,-0.0030537747487209277
2018-05-25 07:00:00,981.47,987.56,963.9,963.9,122933860,-0.022334469328140205
2018-05-28 07:00:00,938.86,951.34,927.47,931.75,191197120,-0.0333540823736902
2018-05-29 07:00:00,925.89,958.96,916.0,952.18,155301290,0.02192648242554318
2018-05-30 07:00:00,953.41,953.41,932.26,948.5,117512290,-0.0038648154760654307
2018-05-31 07:00:00,947.96,975.51,945.29,971.25,140721200,0.023985239852398532
2018-06-01 07:00:00,973.67,995.06,973.56,992.87,160913600,0.02225997425997428
2018-06-04 07:00:00,994.48,1013.78,992.01,1013.78,146895440,0.021060158933193573
2018-06-05 07:00:00,1013.59,1025.26,1011.59,1022.74,173096680,0.008838209473455816
2018-06-06 07:00:00,1020.97,1034.5,1012.98,1034.5,147456500,0.011498523573928887
2018-06-07 07:00:00,1038.93,1043.71,1030.79,1036.69,151829230,0.0021169647172547545
2018-06-08 07:00:00,1032.59,1039.07,1026.94,1039.01,124180340,0.0022378917516325814
2018-06-11 07:00:00,1033.55,1045.6,1029.19,1039.02,133836660,9.624546443154358e-06
2018-06-12 07:00:00,1033.55,1033.55,1005.1,1020.76,169945710,-0.017574252661161416
2018-06-13 07:00:00,1017.93,1030.53,1017.93,1030.53,94519770,0.009571299815823497
2018-06-14 07:00:00,1030.53,1033.46,1015.72,1015.72,135233070,-0.014371245863778803
2018-06-15 07:00:00,1012.71,1018.95,1006.78,1016.51,144865820,0.0007777734021185978
2018-06-18 07:00:00,1015.56,1018.98,986.88,987.34,145591940,-0.028696225319967295
2018-06-19 07:00:00,972.38,972.62,941.57,962.16,203659510,-0.025502866287196002
2018-06-20 07:00:00,957.37,980.95,955.61,980.95,119730870,0.01952897646961005
2018-06-21 07:00:00,979.57,979.57,966.28,969.4,94237830,-0.01177430042305938
2018-06-22 07:00:00,963.89,983.57,959.91,983.17,102746580,0.014204662677945068
2018-06-25 07:00:00,997.34,997.34,988.98,990.52,118181310,0.007475818017230074
2018-06-26 07:00:00,977.78,983.78,970.75,983.02,114881010,-0.00757178047894036
2018-06-27 07:00:00,981.44,984.46,968.91,968.91,126510710,-0.014353726272100298
2018-06-28 07:00:00,964.76,976.12,954.46,957.35,130318210,-0.011930932697567287
2018-06-29 07:00:00,955.64,962.93,950.48,960.78,110043130,0.003582806706011299
2018-07-02 07:00:00,955.18,960.78,932.66,947.15,142222740,-0.014186390224609213
2018-07-03 07:00:00,945.87,946.16,906.01,906.01,161389340,-0.04343556986749719
2018-07-04 07:00:00,904.34,914.99,890.83,914.99,115604640,0.009911590379797053
2018-07-05 07:00:00,914.48,921.85,892.67,899.4,127434590,-0.017038437578552834
2018-07-06 07:00:00,891.16,921.75,884.99,917.51,141624520,0.02013564598621298
2018-07-09 07:00:00,922.72,929.5,915.12,915.12,106167080,-0.0026048762411309268
2018-07-10 07:00:00,919.44,921.96,911.12,911.12,93102100,-0.004371011452049989
2018-07-11 07:00:00,898.08,900.16,885.09,893.16,138119530,-0.019712002809728735
2018-07-12 07:00:00,891.21,905.72,884.75,898.51,90464330,0.005989968202785745
2018-07-13 07:00:00,904.8,912.53,899.94,909.72,121978590,0.012476210615352201
2018-07-16 07:00:00,914.22,917.63,905.27,911.11,110882460,0.001527942663676729
2018-07-17 07:00:00,905.32,921.27,902.02,921.27,136304660,0.011151233111259762
2018-07-18 07:00:00,926.14,942.39,926.14,942.39,184648680,0.022924875443681048
2018-07-19 07:00:00,943.91,947.07,939.58,943.97,166922920,0.0016765882490263895
2018-07-20 07:00:00,938.83,941.94,930.26,933.39,178891900,-0.011207983304554192
2018-07-23 07:00:00,931.52,949.14,930.25,936.74,190030610,0.0035890678065975123
2018-07-24 07:00:00,933.22,939.07,926.3,934.08,169638570,-0.002839635331041701
2018-07-25 07:00:00,936.57,938.33,927.58,927.58,201884580,-0.006958718739294323
2018-07-26 07:00:00,928.96,930.32,920.99,930.16,175235210,0.0027814312512126627
2018-07-27 07:00:00,931.9,937.23,928.82,935.52,163302090,0.005762449471058861
2018-07-30 07:00:00,940.76,949.73,937.69,949.73,184174690,0.015189413374379956
2018-07-31 07:00:00,948.56,959.07,947.32,956.39,229774470,0.0070125193476040515
2018-08-01 07:00:00,957.35,960.05,949.89,952.77,180793930,-0.0037850667614676148
2018-08-02 07:00:00,952.75,953.55,942.39,953.55,197722680,0.0008186655751125649
2018-08-03 07:00:00,953.55,966.1,953.55,959.6,166126830,0.006344711866184349
2018-08-06 07:00:00,960.12,962.99,955.42,960.23,153665970,0.0006565235514797152
2018-08-07 07:00:00,960.23,962.02,953.71,956.79,138303880,-0.00358247503202358
2018-08-08 07:00:00,958.31,966.27,958.31,966.27,140667750,0.00990813031072646
2018-08-09 07:00:00,968.57,972.52,963.5,963.5,156257390,-0.0028666935742597266
2018-08-10 07:00:00,962.03,968.47,955.04,968.47,171440130,0.005158277114686083
2018-08-13 07:00:00,966.46,978.04,963.41,978.04,178091820,0.009881565768686595
2018-08-14 07:00:00,979.66,981.42,974.47,978.27,149752820,0.00023516420596303433
2018-08-15 07:00:00,980.45,982.0,961.37,961.37,171025160,-0.01727539431854186
2018-08-16 07:00:00,955.88,964.28,955.88,964.28,155986290,0.0030269303181917895
2018-08-17 07:00:00,971.4,975.52,968.88,968.88,136124710,0.004770398639399431
2018-08-20 07:00:00,970.81,973.57,966.46,969.62,159945460,0.0007637684749401963
2018-08-21 07:00:00,968.46,979.21,968.45,979.21,166417760,0.009890472556259189
2018-08-22 07:00:00,979.21,986.36,979.21,982.15,165152300,0.003002420318419796
2018-08-23 07:00:00,984.12,989.45,982.48,987.36,136864890,0.005304688693173132
2018-08-24 07:00:00,985.49,989.21,982.88,987.05,154534730,-0.0003139685626317723
2018-08-27 07:00:00,990.19,994.54,990.03,991.92,172686090,0.0049338939263461334
2018-08-28 07:00:00,993.95,995.29,989.81,995.19,160331540,0.0032966368255504808
2018-08-29 07:00:00,995.05,995.05,987.47,988.17,147774090,-0.007053929400416048
2018-08-30 07:00:00,987.62,998.07,983.43,998.07,156100950,0.010018519080725152
2018-08-31 07:00:00,998.55,1003.06,989.54,989.54,163243740,-0.008546494734838372
2018-09-04 07:00:00,990.79,992.18,975.94,975.94,172128470,-0.013743759726741578
2018-09-05 07:00:00,975.05,978.78,964.8,968.44,161390790,-0.007684898661802997
2018-09-06 07:00:00,968.37,970.84,957.99,958.19,142238280,-0.010584032051546788
2018-09-07 07:00:00,955.5,969.34,955.5,968.9,152617370,0.011177323912793913
2018-09-10 07:00:00,969.74,974.59,968.19,970.34,150338320,0.0014862214882858105
2018-09-11 07:00:00,968.41,985.06,967.92,985.06,158843940,0.01516994043325015
2018-09-12 07:00:00,990.0,994.83,987.01,987.01,170858030,0.0019795748482327458
2018-09-13 07:00:00,987.48,992.96,984.92,987.95,148842470,0.0009523713032288939
2018-09-14 07:00:00,990.0,995.55,989.56,991.34,149728940,0.0034313477402703185
2018-09-17 07:00:00,990.65,993.83,987.02,987.61,146741120,-0.0037625839772429392
2018-09-18 07:00:00,983.43,993.49,981.89,993.49,171104330,0.005953767175302049
2018-09-19 07:00:00,998.65,1001.83,994.5,995.54,206247050,0.002063432948494759
2018-09-20 07:00:00,996.48,1004.74,996.48,1004.74,179431950,0.00924121582256876
2018-09-21 07:00:00,1006.25,1009.1,1000.39,1002.97,273413180,-0.0017616497800425623
2018-09-24 07:00:00,1007.52,1011.29,1007.45,1011.29,169398920,0.008295362772565484
2018-09-25 07:00:00,1011.94,1014.53,1008.67,1010.74,198241540,-0.0005438598226027436
2018-09-26 07:00:00,1008.93,1014.86,1007.44,1009.61,219897580,-0.0011179927577814608
2018-09-27 07:00:00,1012.57,1017.78,1010.49,1015.37,180962780,0.005705173284733744
2018-09-28 07:00:00,1019.34,1020.84,1015.4,1017.13,224567020,0.001733358283187325
2018-10-01 07:00:00,1019.49,1023.87,1012.88,1012.88,225044930,-0.004178423603669157
2018-10-02 07:00:00,1014.26,1021.51,1012.88,1018.79,203932870,0.005834847168470159
2018-10-03 07:00:00,1021.08,1024.59,1016.47,1020.4,160155660,0.0015803060493331245
2018-10-04 07:00:00,1024.68,1024.68,1020.4,1023.62,183870790,0.003155625245002014
2018-10-05 07:00:00,1020.21,1020.77,1008.39,1008.39,206650560,-0.014878568218674948
2018-10-08 07:00:00,1003.31,1006.13,996.12,996.12,185949540,-0.012167911224823746
2018-10-09 07:00:00,998.7,1001.87,996.19,996.19,178954450,7.027265791270665e-05
2018-10-10 07:00:00,998.66,999.62,991.22,993.96,171846560,-0.0022385287947078725
2018-10-11 07:00:00,972.21,972.21,938.83,945.89,344023630,-0.04836210712704736
2018-10-12 07:00:00,939.2,970.08,933.35,970.08,203631780,0.02557379822178052
2018-10-15 07:00:00,968.8,970.08,951.64,951.64,123102110,-0.01900874154708898
2018-10-16 07:00:00,950.36,963.69,950.36,963.37,117735940,0.012326089697784814
2018-10-17 07:00:00,973.14,975.27,969.06,971.6,137768810,0.00854292743182783
2018-10-18 07:00:00,968.93,970.75,962.68,963.47,126109950,-0.008367641004528581
2018-10-19 07:00:00,949.94,959.63,945.83,958.36,132371320,-0.0053037458353659694
2018-10-22 07:00:00,960.63,963.79,953.51,953.51,133005070,-0.005060728744939347
2018-10-23 07:00:00,950.12,950.42,925.29,939.68,181840880,-0.014504305146249119
2018-10-24 07:00:00,935.25,939.06,922.73,922.73,132105240,-0.0180380555082581
2018-10-25 07:00:00,902.59,912.07,885.34,910.17,163619880,-0.013611782428229358
2018-10-26 07:00:00,918.11,918.16,900.82,900.82,133621650,-0.010272806179065341
2018-10-29 07:00:00,895.05,897.84,884.92,888.82,113424680,-0.01332119624342265
2018-10-30 07:00:00,881.32,894.8,880.85,888.69,119547410,-0.00014626133525352802
2018-10-31 07:00:00,894.23,914.76,894.23,914.76,159222360,0.029335313776457372
2018-11-01 07:00:00,915.52,918.84,905.73,907.96,121693330,-0.007433643797280065
2018-11-02 07:00:00,911.35,927.62,910.4,924.86,209087970,0.018613154764526962
2018-11-05 07:00:00,920.87,925.53,915.77,925.53,121121310,0.000724433968384286
2018-11-06 07:00:00,931.0,931.27,921.93,922.05,120442560,-0.003760007779326502
2018-11-07 07:00:00,922.03,924.6,915.41,922.16,126800490,0.00011929938723498346
2018-11-08 07:00:00,928.69,932.86,925.54,926.28,136692720,0.004467771319510705
2018-11-09 07:00:00,921.11,925.31,914.29,914.29,131109630,-0.012944250118754552
2018-11-12 07:00:00,909.36,918.99,903.95,918.12,109808760,0.0041890428638615695
2018-11-13 07:00:00,904.35,910.2,903.48,905.38,132807600,-0.013876181762732531
2018-11-14 07:00:00,904.16,910.58,898.83,900.93,125187850,-0.004915063288343013
2018-11-15 07:00:00,901.13,903.83,892.5,897.15,134989500,-0.0041956644800372755
2018-11-16 07:00:00,901.44,903.21,894.14,898.19,142498160,0.0011592264392801255
2018-11-19 07:00:00,902.65,916.06,900.61,916.06,123860310,0.019895567752925114
2018-11-20 07:00:00,909.76,919.02,909.76,919.02,126164590,0.0032312293954543936
2018-11-21 07:00:00,909.83,922.56,907.47,922.56,119083100,0.0038519292289611595
2018-11-22 07:00:00,924.93,926.15,922.02,924.42,114412140,0.002016129032258007
2018-11-23 07:00:00,923.91,925.84,916.87,917.97,111905790,-0.006977347958719959
2018-11-26 07:00:00,915.67,921.96,914.43,921.03,90451440,0.003333442269355169
2018-11-27 07:00:00,925.12,930.37,921.26,923.12,109001530,0.0022691986145946252
2018-11-28 07:00:00,922.29,930.2,922.03,930.2,96777710,0.00766964208336951
2018-11-29 07:00:00,934.88,937.75,926.79,926.79,117424890,-0.003665878305740833
2018-11-30 07:00:00,924.49,928.92,921.08,926.54,128769250,-0.00026974827091363895
2018-12-03 07:00:00,937.7,951.59,937.1,951.59,158946860,0.02703606967858918
2018-12-04 07:00:00,952.97,960.44,950.89,958.84,177097760,0.007618827436185693
2018-12-05 07:00:00,950.34,960.87,946.97,957.14,153998080,-0.0017729756789454099
2018-12-06 07:00:00,954.61,959.59,948.44,954.82,145040180,-0.002423887832500915
2018-12-07 07:00:00,956.49,962.39,955.96,958.59,151647570,0.00394838817787635
2018-12-10 07:00:00,955.06,958.25,951.5,955.89,129252710,-0.0028166369354990506
2018-12-11 07:00:00,955.93,957.97,949.34,954.58,126821330,-0.0013704505748568518
2018-12-12 07:00:00,956.32,961.28,956.0,961.28,143971260,0.007018793605564788
2018-12-13 07:00:00,963.65,966.83,960.1,960.25,145835490,-0.0010714880159786722
2018-12-14 07:00:00,958.78,960.09,951.04,952.04,131393080,-0.008549856808122924
2018-12-17 07:00:00,948.09,948.09,933.65,933.65,143135290,-0.019316415276669052
2018-12-18 07:00:00,921.48,928.2,917.03,927.25,155653890,-0.006854817115621414
2018-12-19 07:00:00,926.35,927.03,914.55,919.24,119410210,-0.008638447020760331
2018-12-20 07:00:00,915.5,921.79,914.18,918.24,107806880,-0.0010878551847177675
2018-12-21 07:00:00,911.57,915.02,907.88,912.26,131219760,-0.006512458616483752
2018-12-24 07:00:00,910.86,916.41,908.56,908.56,109246400,-0.004055861267621141
2018-12-25 07:00:00,893.71,897.94,882.17,897.94,168379500,-0.011688826274544262
2018-12-26 07:00:00,896.63,899.49,890.86,891.75,104065930,-0.006893556362340569
2018-12-27 07:00:00,904.8,906.63,900.81,900.81,112522140,0.010159798149705468
2018-12-28 07:00:00,903.79,903.79,892.54,892.54,123558630,-0.009180626325196228
2019-01-02 07:00:00,900.1,900.1,891.1,891.75,91857070,-0.0008851143926321692
2019-01-03 07:00:00,889.78,892.21,872.12,878.22,135125060,-0.015172413793103412
2019-01-04 07:00:00,872.69,881.48,861.85,880.9,117664070,0.003051627154927017
2019-01-07 07:00:00,890.47,896.63,885.3,889.64,87417130,0.00992167101827679
2019-01-08 07:00:00,891.37,891.87,883.67,887.44,92128530,-0.002472910390719729
2019-01-09 07:00:00,890.26,897.25,888.61,896.99,121796320,0.01076129090417366
2019-01-10 07:00:00,897.85,899.47,895.17,898.3,102404440,0.0014604399157180925
2019-01-11 07:00:00,899.1,904.37,899.1,902.71,107782500,0.004909273071357134
2019-01-14 07:00:00,903.83,903.83,897.18,901.8,102797710,-0.0010080756832205884
2019-01-15 07:00:00,901.21,909.68,898.92,909.68,106149230,0.008738079396761966
2019-01-16 07:00:00,911.32,912.48,906.39,908.7,107555090,-0.001077301908363304
2019-01-17 07:00:00,908.48,909.06,901.89,901.89,117379940,-0.00749422251568177
2019-01-18 07:00:00,902.7,906.35,900.64,902.3,98216800,0.0004546008936787693
2019-01-21 07:00:00,905.25,911.74,903.09,911.05,119012350,0.009697439875872682
2019-01-22 07:00:00,912.73,913.37,906.55,906.55,122327990,-0.004939355688491354
2019-01-23 07:00:00,905.73,910.12,905.12,908.18,104593270,0.0017980254812199892
2019-01-24 07:00:00,908.56,910.59,906.59,908.79,93576170,0.0006716730163625062
2019-01-25 07:00:00,908.86,911.59,907.96,908.88,94869510,9.903277985023884e-05
2019-01-28 07:00:00,912.53,913.43,908.9,912.18,105335970,0.0036308423554263225
2019-01-29 07:00:00,913.67,915.93,907.09,915.93,97050250,0.004111030717621533
2019-01-30 07:00:00,914.08,917.8,913.48,915.84,101720060,-9.826078412100703e-05
2019-01-31 07:00:00,919.12,920.36,910.38,910.65,110220270,-0.005666928721174025
2019-02-01 07:00:00,911.98,912.81,907.52,908.67,101242400,-0.002174271125020555
2019-02-11 07:00:00,916.98,926.1,915.86,926.1,105483580,0.01918188121100073
2019-02-12 07:00:00,930.37,938.64,926.98,937.54,172197210,0.012352877659000061
2019-02-13 07:00:00,937.61,945.25,937.34,945.25,176159810,0.008223649124304178
2019-02-14 07:00:00,946.54,953.66,945.99,952.34,156655320,0.007500661200740666
2019-02-15 07:00:00,951.9,955.4,948.26,950.89,145322500,-0.0015225654703152625
2019-02-18 07:00:00,954.85,961.3,953.32,961.3,169171360,0.010947638528115755
2019-02-19 07:00:00,962.84,971.92,962.81,964.35,195093270,0.0031727868511390867
2019-02-20 07:00:00,963.29,972.75,963.29,970.58,145267490,0.006460310053403973
2019-02-21 07:00:00,972.82,987.57,970.31,987.57,162918220,0.017504997012095957
2019-02-22 07:00:00,983.99,993.16,982.86,988.91,199234030,0.0013568658424212288
2019-02-25 07:00:00,996.06,999.9,992.72,994.43,192681550,0.005581903307682268
2019-02-26 07:00:00,991.63,996.44,979.24,987.06,209790990,-0.007411280834246803
2019-02-27 07:00:00,989.61,994.46,988.09,990.27,204616980,0.003252081940307683
2019-02-28 07:00:00,989.84,990.25,965.47,965.47,197428310,-0.02504367495733484
2019-03-01 07:00:00,971.05,980.82,970.54,979.63,147716480,0.014666431893274767
2019-03-04 07:00:00,983.5,994.46,983.33,993.99,209754090,0.014658595592213386
2019-03-05 07:00:00,990.08,1000.25,987.92,992.45,243416220,-0.0015493113612812248
2019-03-06 07:00:00,993.01,994.49,985.51,994.49,189551540,0.0020555191697313457
2019-03-07 07:00:00,995.65,1004.55,994.03,994.03,187770040,-0.0004625486430230863
2019-03-08 07:00:00,987.89,991.98,984.48,985.25,176347260,-0.008832731406496763
2019-03-11 07:00:00,982.94,987.11,981.34,984.6,142651930,-0.0006597310327327577
2019-03-12 07:00:00,991.14,1001.32,990.46,1001.32,179893460,0.0169815153361772
2019-03-13 07:00:00,1003.75,1009.77,1003.01,1005.41,197620220,0.004084608317021399
2019-03-14 07:00:00,1006.37,1011.39,1002.09,1008.44,182827760,0.003013695905153213
2019-03-15 07:00:00,1008.22,1008.22,1001.1,1004.12,207003710,-0.004283844353655253
2019-03-18 07:00:00,1007.92,1013.29,1007.92,1011.86,188364570,0.007708242042783642
2019-03-19 07:00:00,1013.75,1014.51,1004.22,1006.59,198984160,-0.005208230387602986
2019-03-20 07:00:00,1002.86,1003.25,992.02,1002.3,180045630,-0.0042619139868268485
2019-03-21 07:00:00,1005.12,1006.37,981.78,981.78,182708030,-0.020472912301706114
2019-03-22 07:00:00,984.9,990.07,981.3,988.71,151811080,0.007058607834749209
2019-03-25 07:00:00,976.53,976.53,964.76,970.07,177632670,-0.018852848661387034
2019-03-26 07:00:00,975.44,978.99,966.9,969.79,139645020,-0.00028863896419850654
2019-03-27 07:00:00,976.67,979.32,972.25,975.91,112974060,0.0063106445725362725
2019-03-28 07:00:00,973.44,983.18,972.6,982.98,122202110,0.00724452049881652
2019-03-29 07:00:00,985.35,988.24,980.76,980.76,131921800,-0.002258438625404424
2019-04-01 07:00:00,984.89,988.53,982.8,988.53,137258330,0.007922427505200114
2019-04-02 07:00:00,994.87,996.41,985.48,985.81,139423310,-0.002751560397762365
2019-04-03 07:00:00,984.74,985.26,980.3,984.46,128758900,-0.0013694322435356954
2019-04-04 07:00:00,987.47,989.08,982.94,986.91,131989370,0.002488673993864543
2019-04-05 07:00:00,988.09,990.38,986.39,989.26,129755950,0.002381169508871128
2019-04-08 07:00:00,991.65,997.56,989.33,997.56,146953600,0.008390109779026655
2019-04-09 07:00:00,999.89,1000.02,987.82,988.48,152345600,-0.009102209390913774
2019-04-10 07:00:00,984.79,987.27,976.83,981.91,136497840,-0.006646568468760217
2019-04-11 07:00:00,984.46,985.95,981.06,985.95,117588860,0.004114430039413142
2019-04-12 07:00:00,984.66,984.69,980.26,982.9,111898230,-0.0030934631573610316
2019-04-16 07:00:00,970.87,978.53,963.06,977.17,130941660,-0.005829687658968408
2019-04-17 07:00:00,978.21,980.71,972.1,972.1,148469420,-0.005188452367551166
2019-04-18 07:00:00,969.5,973.73,962.05,962.3,137181210,-0.010081267359325241
2019-04-19 07:00:00,968.27,971.73,965.46,966.21,96080150,0.004063181959887752
2019-04-22 07:00:00,963.78,966.69,959.33,965.86,115805120,-0.0003622400927334457
2019-04-23 07:00:00,964.84,970.98,964.35,968.0,112653940,0.0022156420185119874
2019-04-24 07:00:00,969.66,978.71,969.66,976.92,121107830,0.009214876033057706
2019-04-25 07:00:00,976.46,976.46,971.92,974.13,112382890,-0.0028559145068173253
2019-04-26 07:00:00,972.86,979.64,970.73,979.64,107350700,0.005656329237370805
2019-05-02 07:00:00,978.81,979.93,975.51,978.5,123917210,-0.001163692785104753
2019-05-03 07:00:00,976.77,977.13,971.75,974.14,127740220,-0.004455799693408258
2019-05-06 07:00:00,964.37,964.89,955.41,957.97,133510960,-0.016599256780339577
2019-05-07 07:00:00,961.31,965.61,955.42,957.56,121330080,-0.00042798835036594873
2019-05-08 07:00:00,950.1,953.88,947.86,951.22,118717980,-0.006620995029032017
2019-05-09 07:00:00,950.66,953.66,944.91,947.01,114863670,-0.004425895166207616
2019-05-10 07:00:00,950.37,953.92,948.21,952.55,114647770,0.005849991024381884
2019-05-13 07:00:00,952.11,958.54,951.76,958.54,124693720,0.006288383811873466
2019-05-14 07:00:00,958.54,965.34,952.28,965.34,135189670,0.0070941223110148055
2019-05-15 07:00:00,967.95,977.65,967.95,975.64,154156590,0.010669815816189088
2019-05-16 07:00:00,976.96,981.22,975.69,975.69,129973620,5.1248411299331664e-05
2019-05-17 07:00:00,977.85,980.04,974.91,976.48,120457430,0.0008096834035400402
2019-05-20 07:00:00,975.95,987.13,974.47,987.13,134337940,0.01090652138292647
2019-05-21 07:00:00,989.67,992.84,986.07,986.29,124573780,-0.0008509517490098428
2019-05-22 07:00:00,986.66,992.26,982.68,983.78,127215170,-0.002544890448042625
2019-05-23 07:00:00,982.0,984.57,977.17,982.71,107963620,-0.0010876415458740407
2019-05-24 07:00:00,976.59,983.14,970.03,970.03,128053180,-0.012903094503973755
2019-05-27 07:00:00,970.73,975.4,970.41,975.14,95899120,0.005267878313041985
2019-05-28 07:00:00,977.02,978.8,969.51,972.0,120728740,-0.0032200504542937436
2019-05-29 07:00:00,973.31,974.96,969.55,971.54,120297710,-0.0004732510288065761
2019-05-30 07:00:00,971.01,974.56,967.21,969.34,105520020,-0.0022644461370606717
2019-05-31 07:00:00,968.53,969.94,959.88,959.88,114110930,-0.009759217611983395
2019-06-03 07:00:00,953.58,955.78,940.28,946.47,141641430,-0.01397049631203895
2019-06-04 07:00:00,945.62,951.42,943.21,951.16,102807600,0.004955254788846952
2019-06-05 07:00:00,955.8,958.39,951.39,951.41,95438950,0.00026283695697881804
2019-06-06 07:00:00,950.57,951.35,939.35,948.21,100777880,-0.0033634290158816027
2019-06-07 07:00:00,951.64,958.28,950.94,958.28,97844860,0.010620010335263164
2019-06-10 07:00:00,963.78,966.9,958.6,962.9,118770610,0.004821137872020653
2019-06-11 07:00:00,962.43,964.81,959.98,962.07,95697370,-0.0008619794371169665
2019-06-12 07:00:00,960.6,960.6,953.83,954.17,100019840,-0.00821146070452261
2019-06-13 07:00:00,951.26,954.17,946.29,950.08,98544550,-0.004286447907605462
2019-06-14 07:00:00,948.65,954.7,948.65,953.61,115323520,0.0037154765914448884
2019-06-17 07:00:00,953.97,955.18,944.47,946.95,104932990,-0.006983987164564054
2019-06-18 07:00:00,945.73,947.3,938.95,944.01,108309080,-0.0031047045778552773
2019-06-19 07:00:00,948.92,950.04,946.83,949.69,113819830,0.0060168854143494155
2019-06-20 07:00:00,949.48,962.33,948.97,959.18,129261230,0.009992734471248488
2019-06-21 07:00:00,962.69,964.52,959.12,959.2,172955940,2.085114368544083e-05
2019-06-24 07:00:00,960.29,967.11,959.8,962.85,113476250,0.00380525437864887
2019-06-25 07:00:00,961.19,963.23,960.06,960.13,120760130,-0.0028249467726021438
2019-06-26 07:00:00,958.6,962.7,958.38,959.13,119422620,-0.0010415256267380935
2019-06-27 07:00:00,959.48,959.48,943.11,943.11,122886150,-0.016702636764567846
2019-06-28 07:00:00,944.53,949.94,939.12,949.94,122136760,0.007241997221957286
2019-07-01 07:00:00,958.92,965.61,957.66,965.61,123426860,0.016495778680758688
2019-07-02 07:00:00,964.77,966.76,959.8,961.98,107519450,-0.003759281697579775
2019-07-03 07:00:00,960.44,961.67,956.91,960.39,113731280,-0.0016528410154057482
2019-07-04 07:00:00,961.78,973.04,961.65,973.04,135119630,0.013171732317079465
2019-07-05 07:00:00,972.74,975.34,970.16,975.34,117184620,0.002363726054427362
2019-07-08 07:00:00,972.83,972.83,963.84,966.35,119061500,-0.009217298583058198
2019-07-09 07:00:00,965.24,969.05,963.05,969.05,126456270,0.0027940187302737396
2019-07-10 07:00:00,971.19,974.96,971.19,973.65,124519570,0.004746917083741753
2019-07-11 07:00:00,976.95,980.02,975.03,978.63,133659820,0.005114774302880987
2019-07-12 07:00:00,980.11,982.1,974.32,975.4,133003920,-0.003300532376894205
2019-07-15 07:00:00,975.57,975.66,970.93,972.53,117696750,-0.0029423826122616514
2019-07-16 07:00:00,975.05,982.11,975.05,982.11,142076680,0.009850595868508005
2019-07-17 07:00:00,981.49,985.59,979.05,982.57,142317410,0.00046837930578047526
2019-07-18 07:00:00,979.16,979.49,975.01,976.05,127216580,-0.006635659545884853
2019-07-19 07:00:00,978.12,986.12,978.12,982.34,160649510,0.006444341990676783
2019-07-22 07:00:00,981.17,985.13,980.08,982.04,135292770,-0.00030539324470146845
2019-07-23 07:00:00,982.04,990.45,980.68,989.46,134713850,0.007555700378803376
2019-07-24 07:00:00,993.01,994.85,986.34,988.41,132814770,-0.0010611848887273068
2019-07-25 07:00:00,986.85,997.49,986.85,994.95,141192240,0.006616687407047683
2019-07-26 07:00:00,994.8,998.52,992.97,993.35,118055590,-0.0016081210111060784
2019-07-29 07:00:00,994.23,997.94,988.29,997.94,113384890,0.004620727840136896
2019-07-30 07:00:00,1001.46,1002.77,986.02,986.02,133259450,-0.011944605888129622
2019-07-31 07:00:00,986.0,993.4,982.64,991.66,130600410,0.005719965112269465
2019-08-01 07:00:00,993.25,997.39,990.88,997.39,135015390,0.005778190105479641
2019-08-02 07:00:00,987.55,991.39,985.69,991.1,144127640,-0.006306459860235147
2019-08-05 07:00:00,988.6,988.99,973.15,973.15,148292430,-0.01811118958732727
2019-08-06 07:00:00,960.29,966.15,958.39,964.61,170231190,-0.008775625545907606
2019-08-07 07:00:00,967.18,971.96,961.64,965.93,133866380,0.0013684286913882016
2019-08-08 07:00:00,965.62,975.83,964.21,975.24,157756080,0.009638379592724178
2019-08-09 07:00:00,976.41,978.69,974.33,974.34,133550890,-0.0009228497600590746
2019-08-12 07:00:00,975.38,977.63,973.22,975.31,125710330,0.0009955457027319703
2019-08-13 07:00:00,972.7,973.09,964.03,966.83,142686780,-0.008694671437799117
2019-08-14 07:00:00,975.88,975.99,968.91,968.91,125458400,0.0021513606321690304
2019-08-15 07:00:00,958.05,979.38,955.76,979.38,131135680,0.010805957209647943
2019-08-16 07:00:00,974.88,985.61,974.88,980.0,156459560,0.0006330535645000523
2019-08-19 07:00:00,984.04,985.48,979.17,981.03,107980080,0.0010510204081632946
2019-08-20 07:00:00,983.94,985.35,981.75,984.67,121108870,0.0037103860228535623
2019-08-21 07:00:00,984.36,995.44,983.3,994.38,146223360,0.009861171763128729
2019-08-22 07:00:00,996.41,998.67,993.23,997.26,128389760,0.002896277077173659
2019-08-23 07:00:00,998.21,998.21,990.83,992.45,119796120,-0.004823215610773479
2019-08-26 07:00:00,983.8,984.61,977.0,982.88,151649840,-0.009642803163887437
2019-08-27 07:00:00,986.33,988.49,976.79,976.79,150855300,-0.006196076835422448
2019-08-28 07:00:00,977.1,981.35,977.1,977.26,117235850,0.0004811679071243802
2019-08-29 07:00:00,978.17,978.78,973.34,978.59,119663520,0.001360947956531522
2019-08-30 07:00:00,980.25,984.87,980.25,984.06,126205940,0.005589674940475575
2019-09-03 07:00:00,984.79,985.21,978.62,979.36,126148070,-0.004776131536694872
2019-09-04 07:00:00,977.97,979.91,973.37,977.63,121831910,-0.0017664597288025163
2019-09-05 07:00:00,979.83,981.67,976.79,976.79,113824610,-0.0008592207685934605
2019-09-06 07:00:00,977.83,978.73,973.87,974.08,108569600,-0.0027743936772488542
2019-09-09 07:00:00,974.53,975.03,972.47,974.12,104287810,4.106438896189779e-05
2019-09-10 07:00:00,974.62,977.44,968.36,970.26,128339460,-0.0039625508150946676
2019-09-11 07:00:00,969.59,973.13,967.14,969.31,95091710,-0.0009791189990312477
2019-09-12 07:00:00,972.39,976.07,972.31,976.07,123174240,0.006974033075074049
2019-09-13 07:00:00,977.71,987.22,975.95,987.22,145895070,0.011423361029434309
2019-09-16 07:00:00,987.07,992.6,986.72,989.86,138035800,0.0026741759688821976
2019-09-17 07:00:00,990.06,996.74,986.96,996.74,142632820,0.0069504778453519656
2019-09-18 07:00:00,995.75,998.4,993.94,995.15,140571130,-0.0015952003531513048
2019-09-19 07:00:00,995.49,997.2,990.55,997.1,140440060,0.0019595035924233617
2019-09-20 07:00:00,997.6,998.56,990.36,990.36,167884480,-0.006759602848259938
2019-09-23 07:00:00,991.75,993.98,985.75,985.75,141445790,-0.004654872975483726
2019-09-24 07:00:00,986.33,991.36,984.94,988.13,119577920,0.0024144052751711165
2019-09-25 07:00:00,985.96,989.18,983.06,987.3,121420880,-0.0008399704492324522
2019-09-26 07:00:00,988.7,991.66,986.35,990.75,133043610,0.003494378608325688
2019-09-27 07:00:00,992.26,998.34,991.5,997.84,152087820,0.00715619480191787
2019-09-30 07:00:00,999.92,1004.17,996.51,996.56,157737220,-0.0012827707848954706
2019-10-01 07:00:00,997.87,999.72,996.2,999.59,141547280,0.003040459179577848
2019-10-02 07:00:00,999.18,1000.93,989.63,991.19,155632190,-0.00840344541261917
2019-10-03 07:00:00,985.65,992.45,983.35,992.45,156298020,0.0012711992655292104
2019-10-04 07:00:00,993.69,994.81,987.59,987.59,153634840,-0.004896972139654454
2019-10-07 07:00:00,989.45,990.34,983.09,983.09,150412170,-0.004556546745106749
2019-10-08 07:00:00,983.62,988.51,981.89,988.22,153446780,0.0052182404459408804
2019-10-09 07:00:00,987.82,992.0,986.74,987.83,143783620,-0.00039464896480534417
2019-10-10 07:00:00,988.81,990.89,986.93,987.38,137745810,-0.0004555439701163788
2019-10-11 07:00:00,988.57,991.84,987.62,991.84,140671790,0.0045170045980271745
2019-10-14 07:00:00,994.61,997.25,992.5,993.57,171969840,0.0017442329407968415
2019-10-15 07:00:00,993.55,994.75,990.74,993.05,131330520,-0.0005233652384835086
2019-10-16 07:00:00,995.75,997.41,993.42,994.46,157875510,0.0014198680831780663
2019-10-17 07:00:00,995.04,995.81,989.82,989.82,157134910,-0.004665848802365091
2019-10-18 07:00:00,992.0,993.03,988.41,989.2,153487520,-0.0006263765129013166
2019-10-21 07:00:00,988.18,988.82,983.56,983.56,162867090,-0.005701577031945071
2019-10-22 07:00:00,983.52,987.59,983.52,987.19,200609660,0.003690674691935625
2019-10-23 07:00:00,987.04,989.61,985.52,987.79,154015230,0.0006077857352686511
2019-10-24 07:00:00,988.85,993.6,987.65,993.6,141378830,0.005881816985391586
2019-10-25 07:00:00,993.91,996.67,992.91,996.57,136700300,0.002989130434782661
2019-10-28 07:00:00,998.27,999.94,996.48,996.48,149945220,-9.030976248536327e-05
2019-10-29 07:00:00,997.77,999.88,995.87,995.87,177823330,-0.0006121547848426667
2019-10-30 07:00:00,996.83,1003.4,994.86,1000.89,160171570,0.00504081858073846
2019-10-31 07:00:00,1002.67,1004.4,998.58,998.82,189105090,-0.002068159338188935
2019-11-01 07:00:00,999.92,1015.88,999.92,1015.59,200048280,0.016789811978134228
2019-11-04 07:00:00,1019.0,1023.92,1015.86,1022.43,208479560,0.006735001329276402
2019-11-05 07:00:00,1022.77,1026.53,1021.63,1024.34,172233290,0.0018680985495338476
2019-11-06 07:00:00,1023.43,1028.97,1023.42,1024.91,183325470,0.0005564558642638939
2019-11-07 07:00:00,1023.49,1028.45,1022.61,1024.03,166863590,-0.000858611975685819
2019-11-08 07:00:00,1026.98,1027.39,1021.11,1022.49,157942420,-0.0015038621915373085
2019-11-11 07:00:00,1023.32,1024.77,1016.35,1016.75,170775110,-0.005613746833709854
2019-11-12 07:00:00,1016.97,1021.84,1015.97,1018.33,180969830,0.001553970985984865
2019-11-13 07:00:00,1019.07,1020.09,1010.8,1012.77,182266340,-0.005459919672404889
2019-11-14 07:00:00,1013.85,1016.71,1010.6,1012.3,192687960,-0.0004640737778568438
2019-11-15 07:00:00,1012.93,1015.16,1005.1,1010.03,180804630,-0.002242418255457901
2019-11-18 07:00:00,1010.83,1012.09,1002.63,1002.91,165225780,-0.007049295565478286
2019-11-19 07:00:00,1002.89,1008.35,1001.35,1008.35,158028030,0.005424215532799703
2019-11-20 07:00:00,1009.21,1009.21,1000.56,1000.56,182924030,-0.0077254921406259
2019-11-21 07:00:00,999.37,999.63,987.89,987.89,171731790,-0.01266290877108811
2019-11-22 07:00:00,992.73,993.7,971.03,977.78,196749440,-0.010233932927755096
2019-11-25 07:00:00,977.85,979.6,971.24,976.35,148285630,-0.001462496676143843
2019-11-26 07:00:00,980.57,981.96,976.79,976.79,148016090,0.00045065806319444235
2019-11-27 07:00:00,978.98,982.76,978.17,978.17,157478720,0.0014127908762373576
2019-11-28 07:00:00,977.66,979.17,967.68,970.39,154471660,-0.007953627692527832
2019-11-29 07:00:00,971.1,972.89,968.03,970.75,138896550,0.00037098486175657364
2019-12-02 07:00:00,971.42,972.91,958.3,959.31,180421680,-0.011784702549575088
2019-12-03 07:00:00,957.4,960.82,950.96,953.43,176408390,-0.006129405510210462
2019-12-04 07:00:00,952.51,965.9,950.44,965.9,162142410,0.013079093378643547
2019-12-05 07:00:00,965.9,967.92,962.16,963.27,159548260,-0.002722849156227336
2019-12-06 07:00:00,962.38,965.41,960.99,963.56,139312750,0.00030105785501466364
2019-12-09 07:00:00,963.91,967.57,962.59,966.06,183348640,0.0025945452281124215
2019-12-10 07:00:00,965.92,966.58,955.14,960.3,170738810,-0.005962362586174774
2019-12-11 07:00:00,960.59,961.78,954.56,961.78,158554160,0.0015411850463395993
2019-12-12 07:00:00,963.39,968.39,962.72,968.17,154590800,0.006643931044521656
2019-12-13 07:00:00,969.43,971.84,965.93,966.18,172536910,-0.0020554241507173554
2019-12-16 07:00:00,966.0,966.0,960.39,961.47,202440060,-0.004874868037011648
2019-12-17 07:00:00,962.49,962.79,954.03,954.03,239321700,-0.007738150956348111
2019-12-18 07:00:00,951.52,954.18,949.86,951.13,183063780,-0.003039736695910955
2019-12-19 07:00:00,950.61,955.85,946.74,952.26,178790140,0.001188060517489653
2019-12-20 07:00:00,953.55,957.52,952.71,956.41,183446480,0.004358053472790946
2019-12-23 07:00:00,959.55,960.71,958.07,959.43,190141650,0.003157641597222982
2019-12-24 07:00:00,958.73,959.09,953.29,958.88,173207590,-0.0005732570380329038
2019-12-25 07:00:00,958.18,962.83,957.5,960.92,195453740,0.002127482062406205
2019-12-26 07:00:00,960.67,962.11,957.43,958.59,160431180,-0.002424759605378135
2019-12-27 07:00:00,957.7,963.51,954.19,963.51,126605420,0.0051325384157980825
2019-12-30 07:00:00,962.89,967.52,962.47,965.03,147816130,0.0015775653599858774
2019-12-31 07:00:00,965.71,965.71,958.22,960.99,144441990,-0.004186398350310316
2020-01-02 07:00:00,960.26,966.67,959.67,966.67,131523160,0.0059105713899207935
2020-01-03 07:00:00,968.72,970.88,965.14,965.14,149202550,-0.0015827531629201141
2020-01-06 07:00:00,962.79,963.2,955.59,955.79,140978550,-0.009687713699566891
2020-01-07 07:00:00,955.39,959.46,953.19,958.88,130272030,0.00323292773517192
2020-01-08 07:00:00,954.13,955.84,945.28,948.98,179374340,-0.010324545302853316
2020-01-09 07:00:00,953.86,960.73,952.16,960.15,132773820,0.011770532571813819
2020-01-10 07:00:00,961.17,969.71,961.17,968.54,163058830,0.00873821798677299
2020-01-13 07:00:00,966.89,968.63,964.79,965.84,117952020,-0.0027877010758460274
2020-01-14 07:00:00,966.26,968.85,965.76,967.0,127784380,0.0012010270852313987
2020-01-15 07:00:00,967.69,967.69,964.84,967.56,112470420,0.0005791106514994038
2020-01-16 07:00:00,967.2,974.7,967.17,974.31,146756870,0.006976311546570857
2020-01-17 07:00:00,976.28,980.02,973.79,978.96,117216890,0.004772608307417547
2020-01-20 07:00:00,978.23,979.85,975.93,978.63,102398830,-0.0003370924246138829
2020-01-21 07:00:00,978.82,986.37,978.82,986.37,128887950,0.00790901566475588
2020-01-22 07:00:00,986.52,991.46,983.92,991.46,128966880,0.005160335371108271
2020-01-30 07:00:00,975.15,977.72,954.0,959.58,181385230,-0.03215460028644623
2020-01-31 07:00:00,955.56,960.96,936.62,936.62,210630210,-0.02392713478813646
2020-02-03 07:00:00,916.6,930.37,891.85,928.14,246408370,-0.009053831863509276
2020-02-04 07:00:00,929.42,934.91,919.33,929.09,178000400,0.0010235524813066998
2020-02-05 07:00:00,934.75,936.33,921.89,925.91,163682070,-0.00342270393610955
2020-02-06 07:00:00,926.66,938.54,925.21,938.54,206129040,0.013640634618915515
2020-02-07 07:00:00,938.61,943.48,935.94,940.75,165020480,0.002354721162656892
2020-02-10 07:00:00,934.38,935.87,926.61,930.73,129573270,-0.010651076268934356
2020-02-11 07:00:00,931.55,936.04,931.55,934.67,159265510,0.004233236276900865
2020-02-12 07:00:00,940.72,943.11,937.34,937.68,187439280,0.003220387944408154
2020-02-13 07:00:00,937.19,939.1,934.47,938.24,153479610,0.0005972186673492974
2020-02-14 07:00:00,939.28,940.65,936.47,937.45,172195600,-0.0008420020463846267
2020-02-17 07:00:00,938.52,938.52,931.66,934.77,149349950,-0.002858819137020685
2020-02-18 07:00:00,934.47,934.98,926.01,927.93,164327840,-0.007317308000898692
2020-02-19 07:00:00,926.41,931.66,925.86,928.76,161801070,0.0008944640220707178
2020-02-20 07:00:00,933.69,938.13,930.41,938.13,183636850,0.010088720444463517
2020-02-21 07:00:00,937.13,940.53,932.32,933.09,179503790,-0.005372389754085161
2020-02-24 07:00:00,917.49,917.49,903.34,903.34,255965410,-0.03188331243502773
2020-02-25 07:00:00,893.95,909.67,893.95,909.67,186008510,0.00700732835920026
2020-02-26 07:00:00,901.51,903.27,894.25,895.97,131173700,-0.01506040652104601
2020-02-27 07:00:00,892.15,899.34,889.14,898.44,135468580,0.002756788731765658
2020-02-28 07:00:00,885.47,887.07,872.46,882.19,184315860,-0.01808690619295672
2020-03-02 07:00:00,878.43,886.45,877.31,884.43,173927240,0.0025391355603667787
2020-03-03 07:00:00,895.39,896.39,890.06,890.61,176373200,0.0069875513042299
2020-03-04 07:00:00,887.85,889.85,882.83,889.37,195439390,-0.0013923041510874867
2020-03-05 07:00:00,892.71,898.43,891.2,893.31,209158850,0.004430102207180209
2020-03-06 07:00:00,888.96,891.44,882.71,891.44,175600680,-0.0020933382588349536
2020-03-09 07:00:00,875.8,875.8,834.67,835.49,273180820,-0.06276361841514855
2020-03-10 07:00:00,813.83,843.28,806.63,837.5,242825240,0.002405773857257376
2020-03-11 07:00:00,843.52,844.94,794.54,811.35,278303370,-0.031223880597014864
2020-03-12 07:00:00,778.06,778.06,762.12,769.25,311344630,-0.05188882726320332
2020-03-13 07:00:00,750.56,764.69,723.42,761.78,289011560,-0.009710757231069289
2020-03-16 07:00:00,758.28,758.59,737.58,747.86,222784370,-0.018272992202473137
2020-03-17 07:00:00,724.07,750.03,721.84,745.78,202420360,-0.002781269221512117
2020-03-18 07:00:00,747.4,752.65,742.12,747.66,205460100,0.002520850653007667
2020-03-19 07:00:00,732.35,733.43,714.02,725.94,308921920,-0.029050637990530315
2020-03-20 07:00:00,728.55,729.35,709.73,709.73,197474500,-0.022329669118659967
2020-03-23 07:00:00,694.77,694.77,664.23,666.59,223310850,-0.060783678300198596
2020-03-24 07:00:00,655.49,666.28,652.27,659.21,212661260,-0.011071273196417541
2020-03-25 07:00:00,669.76,690.25,667.58,690.25,209923920,0.04708666434065001
2020-03-26 07:00:00,689.0,700.76,680.1,694.21,171216480,0.005737051792828796
2020-03-27 07:00:00,692.54,703.22,682.52,696.06,212339560,0.0026648996701283956
2020-03-30 07:00:00,663.91,665.56,657.36,662.26,194282800,-0.04855903226733327
2020-03-31 07:00:00,669.74,678.64,649.1,662.53,227893260,0.00040769486304470526
2020-04-01 07:00:00,658.8,684.96,657.41,680.23,203313080,0.02671577136129688
2020-04-03 07:00:00,687.92,701.8,687.92,701.8,197918250,0.031709862840509695
2020-04-06 07:00:00,716.22,736.75,715.39,736.75,304964360,0.04980051296665722
2020-04-07 07:00:00,744.97,749.13,730.28,746.69,276556810,0.013491686460807673
2020-04-08 07:00:00,740.03,748.36,730.12,748.02,203416250,0.0017811943376768724
2020-04-09 07:00:00,751.08,765.87,748.02,760.33,271131720,0.016456779230501928
2020-04-10 07:00:00,759.08,764.36,751.59,757.94,295263430,-0.0031433719569133878
2020-04-13 07:00:00,757.94,774.62,757.94,765.79,200195470,0.010357020344618162
2020-04-14 07:00:00,769.01,769.53,753.85,767.41,229143390,0.0021154624635997266
2020-04-15 07:00:00,768.05,777.22,768.01,777.22,255468260,0.012783257971618944
2020-04-16 07:00:00,773.11,781.06,770.91,780.7,217009350,0.004477496719075713
2020-04-17 07:00:00,786.96,790.95,783.74,789.6,268469130,0.011400025618035103
2020-04-20 07:00:00,796.17,797.49,786.73,794.97,304592700,0.006800911854103253
2020-04-21 07:00:00,784.4,789.37,761.96,766.84,368523950,-0.03538498308112259
2020-04-22 07:00:00,752.8,774.94,749.97,768.92,223471930,0.0027124302331644756
2020-04-23 07:00:00,784.14,785.6,771.88,773.91,189393000,0.006489621807210133
2020-04-24 07:00:00,777.28,778.3,767.31,776.66,226072090,0.003553384760501821
2020-04-27 07:00:00,780.65,785.74,770.77,770.77,256843490,-0.007583756083743176
2020-04-28 07:00:00,773.31,776.13,763.66,767.21,197231630,-0.004618757865511025
2020-04-29 07:00:00,768.59,772.62,768.19,769.11,210867100,0.0024765057806859225
2020-05-04 07:00:00,766.14,769.73,761.64,762.47,253967720,-0.008633355436803547
2020-05-05 07:00:00,763.22,767.03,760.04,764.16,168997250,0.0022164806484188393
2020-05-06 07:00:00,767.3,782.59,765.37,782.59,209914330,0.02411798576214408
2020-05-07 07:00:00,785.08,796.54,782.59,796.54,214433830,0.01782542582961688
2020-05-08 07:00:00,800.32,825.72,800.2,813.73,340156270,0.02158083712054637
2020-05-11 07:00:00,818.26,828.33,812.48,828.33,268927930,0.0179420692367247
2020-05-12 07:00:00,827.29,835.95,819.66,835.32,290069940,0.00843866574915797
2020-05-13 07:00:00,829.83,839.59,815.13,834.21,338667310,-0.0013288320643586315
2020-05-14 07:00:00,830.97,836.19,826.17,832.4,273950180,-0.002169717457235043
2020-05-15 07:00:00,835.42,838.47,824.59,827.03,258289700,-0.0064512253724171575
2020-05-18 07:00:00,827.49,837.61,823.08,837.01,224260950,0.012067276882337996
2020-05-19 07:00:00,852.14,854.25,844.15,845.92,293801450,0.010645034109508789
2020-05-20 07:00:00,843.26,852.91,842.21,852.91,235672860,0.008263192736901903
2020-05-21 07:00:00,854.93,862.73,854.04,862.73,301190730,0.01151352428743957
2020-05-22 07:00:00,859.29,860.65,852.08,852.74,265002610,-0.01157952082343261
2020-05-25 07:00:00,852.9,860.45,849.12,859.04,259643410,0.007387949433590446
2020-05-26 07:00:00,861.47,869.65,860.22,869.13,306464080,0.01174566958465273
2020-05-27 07:00:00,873.42,875.35,857.48,857.48,354487370,-0.013404208806507611
2020-05-28 07:00:00,858.97,866.17,856.48,861.39,261439230,0.004559873116574131
2020-05-29 07:00:00,861.59,866.95,859.26,864.47,281746500,0.0035756161552840116
2020-06-01 07:00:00,868.97,878.67,868.97,878.67,418333970,0.016426249609587273
2020-06-02 07:00:00,879.23,882.73,874.53,874.8,442308030,-0.004404383898391928
2020-06-03 07:00:00,876.73,881.17,874.01,881.17,320477690,0.007281664380429875
2020-06-04 07:00:00,883.22,888.32,883.22,883.9,394395400,0.0030981535912479874
2020-06-05 07:00:00,883.4,886.59,878.5,886.22,451411820,0.0026247313044462928
2020-06-08 07:00:00,888.7,905.65,888.7,899.92,509361980,0.015458915393468775
2020-06-09 07:00:00,902.26,904.89,898.87,899.43,450504980,-0.0005444928438083085
2020-06-10 07:00:00,898.78,902.69,890.3,900.0,514286390,0.0006337346986424741
2020-06-11 07:00:00,900.48,903.7,867.37,867.37,665612130,-0.036255555555555596
2020-06-12 07:00:00,841.85,863.52,841.44,863.52,582432110,-0.004438705512065266
2020-06-15 07:00:00,867.52,868.16,832.47,832.47,470372440,-0.0359574763757643
2020-06-16 07:00:00,848.86,858.7,844.67,856.13,359812660,0.028421444616622882
2020-06-17 07:00:00,861.05,861.05,852.27,854.44,311400140,-0.001973999275810878
2020-06-18 07:00:00,850.92,858.03,847.49,855.27,234958560,0.0009713964702027233
2020-06-19 07:00:00,857.77,868.56,857.77,868.56,372261840,0.015538952611455992
2020-06-22 07:00:00,871.56,872.94,867.37,871.28,330561410,0.003131620152896808
2020-06-23 07:00:00,871.12,873.2,864.02,868.2,400635460,-0.0035350289229638676
2020-06-24 07:00:00,868.56,873.13,857.58,859.71,340026770,-0.009778852798894233
2020-06-25 07:00:00,851.09,856.23,849.65,854.59,285078310,-0.005955496620953626
2020-06-26 07:00:00,859.07,862.59,850.66,851.98,258644960,-0.0030540961162662805
2020-06-29 07:00:00,846.26,846.53,826.0,829.36,335622750,-0.0265499190121834
2020-06-30 07:00:00,836.72,840.31,821.92,825.11,308543890,-0.005124433297964748
2020-07-01 07:00:00,827.67,844.26,826.38,843.49,251635370,0.02227581776975196
2020-07-02 07:00:00,845.66,845.66,838.48,842.38,190900470,-0.0013159610665212096
2020-07-03 07:00:00,845.26,848.16,843.25,847.61,172688260,0.006208599444431195
2020-07-06 07:00:00,851.47,861.85,850.04,861.16,194421760,0.015986125694600117
2020-07-07 07:00:00,865.46,870.63,863.42,863.42,284435650,0.0026243671327046414
2020-07-08 07:00:00,861.75,865.58,859.98,864.5,184014420,0.0012508396840471558
2020-07-09 07:00:00,867.66,878.36,867.45,876.46,259149310,0.013834586466165533
2020-07-10 07:00:00,873.7,878.53,867.59,871.21,254910040,-0.005990005248385555
2020-07-13 07:00:00,874.85,876.83,866.99,868.72,203912630,-0.0028580939153590723
2020-07-14 07:00:00,865.01,868.11,860.28,868.11,204647390,-0.0007021825214108546
2020-07-15 07:00:00,872.8,876.69,869.91,869.91,223490580,0.002073469951964668
2020-07-16 07:00:00,871.81,876.83,869.25,876.83,220943960,0.007954845903599406
2020-07-17 07:00:00,873.48,875.07,871.89,872.02,238997770,-0.0054856699702336975
2020-07-20 07:00:00,870.66,871.64,861.4,861.4,256105460,-0.012178619756427644
2020-07-21 07:00:00,863.94,864.7,856.94,861.69,216046880,0.00033666124912934414
2020-07-22 07:00:00,862.8,864.0,854.97,855.08,207218280,-0.0076709721593613
2020-07-23 07:00:00,854.92,857.22,851.97,856.75,221114760,0.0019530336342796772
2020-07-24 07:00:00,854.23,854.57,816.65,829.16,436845540,-0.032203093084330336
2020-07-27 07:00:00,794.14,808.74,780.64,785.17,374271440,-0.05305369289401318
2020-07-28 07:00:00,786.72,814.4,786.67,813.36,310645950,0.03590305284205986
2020-07-29 07:00:00,800.39,800.39,779.82,790.84,311001410,-0.0276876167994492
2020-07-30 07:00:00,796.22,802.97,794.88,801.13,163227530,0.013011481462748442
2020-07-31 07:00:00,787.78,803.55,786.98,798.39,219670740,-0.003420169011271623
2020-08-03 07:00:00,796.86,814.84,796.47,814.65,244789940,0.02036598654792776
2020-08-04 07:00:00,822.86,827.57,820.2,827.57,251465920,0.015859571595163713
2020-08-05 07:00:00,827.54,839.52,820.74,837.8,264841620,0.01236149207921966
2020-08-06 07:00:00,838.01,844.16,833.56,840.04,233729360,0.0026736691334448004
2020-08-07 07:00:00,840.65,844.33,836.84,841.46,230026640,0.0016903956954432697
2020-08-10 07:00:00,845.11,849.52,843.2,843.2,277423110,0.0020678344781688285
2020-08-11 07:00:00,847.61,847.61,840.35,843.08,226765520,-0.00014231499051231555
2020-08-12 07:00:00,844.19,848.54,842.88,846.92,238422860,0.004554727902452704
2020-08-13 07:00:00,849.96,855.19,849.86,855.05,236129250,0.009599489916402915
2020-08-14 07:00:00,854.29,860.32,848.38,850.74,285091480,-0.005040640898193005
2020-08-17 07:00:00,848.08,852.05,841.62,850.15,215893300,-0.000693513882032204
2020-08-18 07:00:00,850.27,851.06,845.0,846.43,183415680,-0.004375698406163697
2020-08-19 07:00:00,847.19,853.15,846.22,851.21,214883630,0.005647247852746284
2020-08-20 07:00:00,851.21,856.99,847.44,848.21,232011660,-0.003524394685212817
2020-08-21 07:00:00,848.21,856.45,848.21,854.78,262789870,0.007745723346812561
2020-08-24 07:00:00,860.35,868.68,860.35,868.68,345727410,0.016261494185638492
2020-08-25 07:00:00,870.92,877.57,870.92,874.12,342448420,0.0062623750978496595
2020-08-26 07:00:00,873.62,876.97,871.78,873.47,320824630,-0.0007436049970255265
2020-08-27 07:00:00,872.38,875.71,871.93,874.71,279106260,0.0014196251731599663
2020-08-28 07:00:00,878.79,885.86,877.7,878.98,328738170,0.004881617907649405
2020-08-31 07:00:00,882.13,888.44,879.26,881.65,333312960,0.00303761177728723
2020-09-01 07:00:00,882.4,892.51,880.79,891.73,285412810,0.011433108376339929
2020-09-03 07:00:00,898.25,904.32,896.26,903.97,323223440,0.013726127863815218
2020-09-04 07:00:00,896.02,903.11,893.86,901.54,316184660,-0.0026881423056075437
2020-09-07 07:00:00,903.85,905.8,888.25,888.25,382825000,-0.014741442420746709
2020-09-08 07:00:00,891.61,894.58,884.88,890.14,266880030,0.0021277793414016255
2020-09-09 07:00:00,883.68,892.4,881.57,889.32,282232270,-0.0009212034062057173
2020-09-10 07:00:00,895.29,896.78,888.82,888.82,283019010,-0.000562227319749975
2020-09-11 07:00:00,886.21,890.98,884.67,888.97,269585440,0.0001687630791387118
2020-09-14 07:00:00,891.89,895.31,891.89,894.57,318768720,0.006299425177452633
2020-09-15 07:00:00,896.61,898.74,894.66,896.26,343362100,0.001889175805135368
2020-09-16 07:00:00,897.43,897.58,894.63,897.47,262872740,0.0013500546716354034
2020-09-17 07:00:00,897.47,899.41,890.93,894.04,371114920,-0.0038218547695187954
2020-09-18 07:00:00,896.08,902.11,895.82,900.95,303725090,0.007728960672900742
2020-09-21 07:00:00,904.5,909.78,904.5,907.94,349431690,0.007758477162994604
2020-09-22 07:00:00,905.9,909.69,902.47,906.19,367748340,-0.0019274401392161966
2020-09-23 07:00:00,908.97,913.52,908.97,912.5,324674020,0.006963219633851603
2020-09-24 07:00:00,910.53,914.51,907.32,908.58,357987680,-0.0042958904109589025
2020-09-25 07:00:00,910.78,911.3,905.56,908.27,326126870,-0.00034119174976343647
2020-09-28 07:00:00,911.2,913.6,910.04,912.5,378529100,0.004657205456527258
2020-09-29 07:00:00,916.63,917.49,903.98,903.98,438172690,-0.00933698630136981
2020-09-30 07:00:00,904.34,907.0,900.74,905.21,310162690,0.001360649571893191
2020-10-01 07:00:00,910.13,914.09,909.13,914.09,330218020,0.009809878370764746
2020-10-02 07:00:00,915.62,916.67,897.72,909.91,501297560,-0.004572853876533056
2020-10-05 07:00:00,913.77,915.55,909.91,914.68,420759580,0.005242276708685489
2020-10-06 07:00:00,918.11,918.93,912.77,915.67,472545310,0.001082345738400381
2020-10-07 07:00:00,913.62,923.57,912.69,919.72,496266530,0.004422990815468486
2020-10-08 07:00:00,922.08,922.08,913.89,918.84,446311540,-0.000956812943069596
2020-10-09 07:00:00,919.48,924.0,917.7,924.0,343796560,0.005615776413739004
2020-10-12 07:00:00,930.78,933.13,923.28,925.83,414162820,0.0019805194805195825
2020-10-13 07:00:00,926.76,930.96,923.78,929.86,322972210,0.004352850955358978
2020-10-14 07:00:00,931.89,940.18,929.86,940.18,386750560,0.011098444927193363
2020-10-15 07:00:00,945.28,945.93,938.7,942.76,439631740,0.002744155374502899
2020-10-16 07:00:00,944.03,946.23,935.98,943.3,395580380,0.0005727862870719136
2020-10-19 07:00:00,945.01,946.29,941.92,943.69,353154450,0.00041344217110150794
2020-10-20 07:00:00,941.0,944.54,937.32,944.42,385659020,0.000773559113691924
2020-10-21 07:00:00,947.16,948.2,939.0,939.03,372347380,-0.0057072065394633276
2020-10-22 07:00:00,938.06,949.9,933.78,949.9,316297780,0.011575775001863686
2020-10-23 07:00:00,953.45,961.26,953.14,961.26,392430900,0.011959153595115346
2020-10-26 07:00:00,967.52,970.15,950.8,950.8,404773940,-0.010881551297255765
2020-10-27 07:00:00,952.61,954.72,946.28,946.47,414913610,-0.0045540597391668936
2020-10-28 07:00:00,942.82,946.91,921.05,921.05,433068340,-0.02685769226705559
2020-10-29 07:00:00,916.49,925.84,914.33,919.08,355910070,-0.002138863253894896
2020-10-30 07:00:00,925.41,926.32,911.2,925.47,297619160,0.00695260477869164
2020-11-02 07:00:00,926.09,933.68,924.14,933.68,273082480,0.008871168163203436
2020-11-03 07:00:00,936.73,937.57,932.18,935.41,302847830,0.0018528832148059227
2020-11-04 07:00:00,937.62,943.56,933.86,939.76,327410490,0.004650367218652862
2020-11-05 07:00:00,940.32,945.51,937.75,937.75,270446750,-0.002138843960160064
2020-11-06 07:00:00,939.73,941.2,934.63,938.29,249258850,0.0005758464409491015
2020-11-09 07:00:00,942.15,951.99,942.15,951.99,369592050,0.014601029532447463
2020-11-10 07:00:00,962.68,963.47,951.9,951.9,422041040,-9.453880818077742e-05
2020-11-11 07:00:00,954.46,956.65,947.61,952.22,353735780,0.00033616976573180857
2020-11-12 07:00:00,953.97,959.28,953.62,959.28,320081130,0.00741425300875842
2020-11-13 07:00:00,959.56,966.29,959.13,966.29,419678370,0.00730756400633803
2020-11-16 07:00:00,970.11,972.98,950.5,950.79,484179810,-0.016040733113247607
2020-11-17 07:00:00,955.52,968.9,953.22,968.9,371415910,0.019047318545630576
2020-11-18 07:00:00,969.48,974.3,966.32,973.53,446206150,0.004778614924140667
2020-11-19 07:00:00,975.32,983.26,974.33,983.26,473474550,0.009994555894528245
2020-11-20 07:00:00,984.71,990.0,980.72,990.0,471526920,0.006854748489717899
2020-11-23 07:00:00,991.87,995.9,985.38,994.19,450110750,0.004232323232323365
2020-11-24 07:00:00,996.55,997.99,984.92,995.76,511566140,0.0015791750067892796
2020-11-25 07:00:00,1000.39,1002.31,996.8,999.94,445346780,0.004197798666345287
2020-11-26 07:00:00,999.24,1005.97,994.91,1005.97,411338400,0.00603036182170924
2020-11-27 07:00:00,1006.68,1010.22,1004.0,1010.22,381723340,0.004224778074892965
2020-11-30 07:00:00,1011.82,1012.5,1002.61,1003.08,450045450,-0.007067767416998216
2020-12-01 07:00:00,988.71,1008.87,988.71,1008.87,536207660,0.005772221557602597
2020-12-02 07:00:00,1008.77,1015.86,1007.91,1014.32,484658120,0.005402083519184808
2020-12-03 07:00:00,1016.73,1020.35,1014.06,1019.8,496771120,0.005402634277151153
2020-12-04 07:00:00,1020.49,1025.17,1018.67,1021.49,527019060,0.0016571876838595845
2020-12-07 07:00:00,1024.34,1030.41,1022.14,1029.98,473554480,0.008311388266160291
2020-12-08 07:00:00,1030.88,1032.58,1025.63,1029.26,501250780,-0.000699042699858321
2020-12-09 07:00:00,1031.19,1039.55,1030.24,1039.13,554755640,0.009589413753570586
2020-12-10 07:00:00,1041.65,1044.1,1030.91,1030.91,566339280,-0.007910463560863445
2020-12-11 07:00:00,1033.19,1045.96,1030.06,1045.96,413852370,0.014598752558419248
2020-12-14 07:00:00,1048.97,1064.09,1048.97,1064.09,506310660,0.017333358828253376
2020-12-15 07:00:00,1062.02,1067.45,1052.01,1055.27,621133560,-0.008288772566230285
2020-12-16 07:00:00,1058.34,1066.99,1057.21,1066.99,556546890,0.011106162403934583
2020-12-17 07:00:00,1065.85,1066.99,1051.42,1051.77,634682600,-0.014264426095839777
2020-12-18 07:00:00,1055.75,1068.56,1055.75,1067.46,560068250,0.01491771014575427
2020-12-21 07:00:00,1071.62,1081.6,1070.86,1081.08,660479750,0.01275926030015162
2020-12-22 07:00:00,1081.85,1084.23,1077.06,1083.45,695860800,0.0021922521922523863
2020-12-23 07:00:00,1087.89,1094.09,1077.92,1078.9,742856110,-0.004199547741012499
2020-12-24 07:00:00,1083.83,1084.76,1046.89,1067.52,686557640,-0.010547780146445529
2020-12-25 07:00:00,1068.83,1084.42,1061.83,1084.42,592212900,0.015831085131894573
2020-12-28 07:00:00,1094.37,1096.11,1083.9,1091.33,663869090,0.006372069862230267
2020-12-29 07:00:00,1090.49,1102.79,1087.93,1099.49,618010510,0.007477115079765229
2020-12-30 07:00:00,1099.78,1108.83,1094.91,1097.54,619802880,-0.0017735495547935853
2020-12-31 07:00:00,1098.25,1105.33,1096.27,1103.87,500978800,0.005767443555587892
2021-01-04 07:00:00,1113.77,1126.43,1113.59,1120.47,709701600,0.015038002663357197
2021-01-05 07:00:00,1116.96,1133.16,1116.49,1132.55,710226500,0.01078119003632394
2021-01-06 07:00:00,1139.12,1152.85,1133.7,1143.21,725414800,0.00941238797404087
2021-01-07 07:00:00,1147.26,1156.49,1143.44,1156.49,719527100,0.011616413432352646
2021-01-08 07:00:00,1164.1,1176.33,1160.48,1167.69,763095900,0.009684476303297052
2021-01-11 07:00:00,1176.47,1186.45,1175.0,1184.89,776321700,0.014729936883933314
2021-01-12 07:00:00,1190.38,1192.28,1179.24,1192.28,683329700,0.006236865869405417
2021-01-13 07:00:00,1197.32,1200.82,1183.18,1186.05,747161400,-0.005225282651726171
2021-01-14 07:00:00,1189.48,1190.5,1178.84,1187.4,737417900,0.0011382319463766333
2021-01-15 07:00:00,1188.84,1197.74,1188.84,1194.2,746215900,0.005726798046151282
2021-01-18 07:00:00,1198.79,1200.85,1190.33,1191.94,711741000,-0.0018924803215542019
2021-01-19 07:00:00,1189.91,1191.94,1117.17,1131.0,923105700,-0.0511267345671762
2021-01-20 07:00:00,1136.5,1142.48,1098.05,1134.68,802789200,0.0032537577365163717
2021-01-21 07:00:00,1146.86,1164.21,1132.66,1164.21,666008100,0.026024958578630075
2021-01-22 07:00:00,1166.77,1175.72,1161.43,1166.78,716238000,0.002207505518763808
2021-01-25 07:00:00,1164.2,1172.18,1162.8,1166.05,665737500,-0.0006256535079449677
2021-01-26 07:00:00,1164.97,1166.05,1121.03,1136.12,743159100,-0.02566785300801855
2021-01-27 07:00:00,1122.41,1132.99,1088.86,1097.17,745071300,-0.034283350350314934
2021-01-28 07:00:00,1041.71,1052.16,1022.77,1023.94,698605600,-0.0667444425203022
2021-01-29 07:00:00,998.33,1076.11,998.33,1056.61,743995900,0.031906166376935996
2021-02-01 07:00:00,1062.13,1074.52,1035.51,1035.51,588446500,-0.019969525179583725
2021-02-02 07:00:00,1036.95,1075.53,1029.36,1075.53,554905500,0.038647622910449986
2021-02-03 07:00:00,1084.87,1113.24,1082.95,1111.29,635966100,0.033248723884968356
2021-02-04 07:00:00,1112.97,1117.88,1098.85,1112.19,471356200,0.0008098696109926085
2021-02-05 07:00:00,1114.79,1126.91,1112.19,1126.91,458710000,0.013235148670640795
2021-02-08 07:00:00,1127.06,1127.06,1075.1,1083.18,635387600,-0.03880522845657597
2021-02-09 07:00:00,1090.88,1114.93,1078.98,1114.93,490182000,0.029311841060580823
2021-02-17 07:00:00,1127.46,1151.54,1127.46,1155.78,459215000,0.036639071511215926
2021-02-18 07:00:00,1157.1,1174.38,1148.66,1174.38,585040700,0.01609302808492985
2021-02-19 07:00:00,1160.65,1178.18,1157.6,1173.5,547575400,-0.0007493315621861507
2021-02-22 07:00:00,1173.57,1182.67,1169.12,1175.04,571176900,0.0013123135918193807
2021-02-23 07:00:00,1174.57,1184.32,1168.32,1177.64,571704900,0.0022126906318082895
2021-02-24 07:00:00,1184.32,1185.58,1154.36,1162.01,572631700,-0.013272307326517518
2021-02-25 07:00:00,1169.97,1169.97,1155.74,1165.43,493051100,0.002943176048398888
2021-02-26 07:00:00,1148.88,1169.28,1148.88,1168.47,528150000,0.002608479273744413
2021-03-01 07:00:00,1176.93,1186.82,1174.45,1186.17,593011800,0.015148014069680915
2021-03-02 07:00:00,1196.16,1196.16,1181.99,1186.61,533302200,0.0003709417705723972
2021-03-03 07:00:00,1184.73,1189.18,1180.25,1186.95,584537200,0.00028653053657068384
2021-03-04 07:00:00,1191.78,1191.9,1159.48,1168.52,629649100,-0.01552719154134552
2021-03-05 07:00:00,1164.19,1169.56,1155.6,1168.69,568265900,0.0001454831752987218
2021-03-08 07:00:00,1180.33,1181.25,1164.02,1168.27,627495500,-0.0003593767380571933
2021-03-09 07:00:00,1160.96,1166.42,1150.94,1161.97,613096200,-0.00539258904191664
2021-03-10 07:00:00,1163.86,1170.59,1154.89,1170.08,569498400,0.006979526149556214
2021-03-11 07:00:00,1180.31,1183.73,1176.49,1181.73,586252400,0.009956584165185411
2021-03-12 07:00:00,1185.21,1186.52,1178.14,1181.56,595631800,-0.00014385688778317807
2021-03-15 07:00:00,1183.89,1186.06,1178.8,1184.56,634609700,0.002539016215850287
2021-03-16 07:00:00,1184.91,1184.91,1171.76,1179.9,629617900,-0.003933950158708566
2021-03-17 07:00:00,1178.64,1186.09,1176.26,1186.09,648766800,0.005246207305703798
2021-03-18 07:00:00,1196.6,1200.94,1191.94,1200.94,570101600,0.012520129163891447
2021-03-19 07:00:00,1195.47,1199.67,1191.96,1194.05,600925800,-0.005737172548170633
2021-03-22 07:00:00,1200.05,1200.21,1189.31,1194.43,626610700,0.00031824462962193323
2021-03-23 07:00:00,1190.28,1191.47,1177.1,1183.45,643583000,-0.009192669306698598
2021-03-24 07:00:00,1169.42,1174.2,1154.22,1161.81,649741100,-0.01828552114580262
2021-03-25 07:00:00,1164.41,1170.76,1154.44,1163.1,613916000,0.0011103364577684793
2021-03-26 07:00:00,1162.71,1165.76,1137.9,1162.21,630516500,-0.00076519645774209
2021-03-29 07:00:00,1169.65,1175.77,1165.78,1175.68,592790900,0.0115899880400272
2021-03-30 07:00:00,1179.64,1187.29,1172.85,1186.36,707543000,0.009084104518236158
2021-03-31 07:00:00,1187.44,1196.45,1186.4,1191.44,670504300,0.004282005462085792
2021-04-01 07:00:00,1194.59,1217.26,1192.83,1216.1,637059200,0.020697643188074766
2021-04-02 07:00:00,1225.76,1228.29,1221.07,1224.45,608762900,0.006866211660225385
2021-04-05 07:00:00,1245.28,1245.28,1228.18,1236.05,635303500,0.009473641226673157
2021-04-06 07:00:00,1233.37,1244.63,1231.14,1239.96,656481800,0.003163302455402306
2021-04-07 07:00:00,1237.39,1242.38,1232.52,1242.38,676166500,0.0019516758605115925
2021-04-08 07:00:00,1246.4,1246.4,1232.26,1234.89,633566500,-0.006028751267728061
2021-04-09 07:00:00,1231.51,1234.98,1227.6,1231.66,655839000,-0.0026156175853719876
2021-04-12 07:00:00,1236.79,1252.45,1232.35,1252.45,857647000,0.01687965834727123
2021-04-13 07:00:00,1262.44,1268.02,1247.66,1248.33,977605500,-0.003289552477144908
2021-04-14 07:00:00,1240.9,1255.87,1233.01,1255.87,813503500,0.006040069532895931
2021-04-15 07:00:00,1262.25,1265.87,1247.25,1247.25,771443700,-0.006863767746661642
2021-04-16 07:00:00,1245.06,1254.61,1227.14,1238.71,948989400,-0.006847063539787479
2021-04-19 07:00:00,1243.58,1260.58,1233.77,1260.58,773047000,0.017655464152222855
2021-04-20 07:00:00,1267.74,1286.32,1261.28,1268.28,798483500,0.0061082993542656006
2021-04-22 07:00:00,1264.31,1271.98,1227.82,1227.82,732254600,-0.03190147286088252
2021-04-23 07:00:00,1227.18,1248.53,1216.15,1248.53,684222800,0.016867293251453752
2021-04-26 07:00:00,1251.25,1251.25,1214.14,1215.77,685386500,-0.026238856895709373
2021-04-27 07:00:00,1213.84,1220.96,1204.14,1219.75,544650900,0.0032736455086077587
2021-04-28 07:00:00,1220.26,1230.91,1217.49,1229.55,589498400,0.008034433285509346
2021-04-29 07:00:00,1234.91,1239.39,1231.25,1239.39,614232800,0.008002927900451429
2021-05-04 07:00:00,1222.08,1242.8,1212.56,1242.2,712632600,0.0022672443702143052
2021-05-05 07:00:00,1244.69,1265.93,1242.2,1256.43,685433600,0.011455482208984069
2021-05-06 07:00:00,1255.42,1261.49,1246.64,1250.57,672398700,-0.004664008341093484
2021-05-07 07:00:00,1245.48,1250.5,1231.92,1241.81,745215600,-0.00700480580855134
2021-05-10 07:00:00,1239.96,1259.58,1236.85,1259.58,732066300,0.014309757531345335
2021-05-11 07:00:00,1265.11,1272.55,1256.04,1256.04,709535700,-0.0028104606297336687
2021-05-12 07:00:00,1251.97,1269.09,1249.18,1269.09,664157900,0.010389796503295967
2021-05-13 07:00:00,1262.98,1273.49,1261.99,1261.99,680368500,-0.0055945598814898245
2021-05-14 07:00:00,1266.43,1271.45,1259.97,1266.36,679016500,0.003462784966600241
2021-05-17 07:00:00,1272.55,1277.83,1258.5,1258.7,705839600,-0.006048832875327648
2021-05-18 07:00:00,1259.57,1262.22,1249.02,1252.68,661244600,-0.004782712322237259
2021-05-19 07:00:00,1254.78,1262.71,1250.58,1262.49,650916500,0.007831209886004276
2021-05-20 07:00:00,1264.62,1278.22,1255.78,1278.22,706187900,0.012459504629739548
2021-05-21 07:00:00,1272.84,1289.03,1268.46,1283.93,654126800,0.0044671496299542035
2021-05-24 07:00:00,1287.5,1299.83,1287.36,1297.98,670713100,0.01094296418029006
2021-05-25 07:00:00,1299.19,1308.58,1297.23,1308.58,639370500,0.008166535693924226
2021-05-26 07:00:00,1308.04,1317.3,1304.68,1316.7,676236800,0.0062051995292609075
2021-05-27 07:00:00,1318.42,1319.67,1299.99,1303.57,685085600,-0.009971899445583743
2021-05-28 07:00:00,1307.79,1323.09,1300.06,1320.46,722285600,0.012956726527919571
2021-05-31 07:00:00,1326.65,1328.05,1307.56,1328.05,700319900,0.005747996910167696
2021-06-01 07:00:00,1329.47,1346.34,1328.84,1337.78,600477200,0.007326531380595691
2021-06-02 07:00:00,1330.99,1344.98,1330.82,1340.78,755624100,0.0022425211918253307
2021-06-03 07:00:00,1345.21,1366.0,1345.21,1364.28,856882400,0.017527111084592484
2021-06-04 07:00:00,1367.06,1374.05,1360.42,1374.05,887731100,0.007161286539419942
2021-06-07 07:00:00,1374.59,1375.74,1347.21,1358.78,840122900,-0.011113132709872242
2021-06-08 07:00:00,1355.36,1364.48,1318.11,1319.88,874573200,-0.028628622735100473
2021-06-09 07:00:00,1323.52,1339.14,1312.08,1332.9,769829300,0.009864533139376297
2021-06-10 07:00:00,1332.9,1336.71,1317.49,1323.58,674214800,-0.006992272488558937
2021-06-11 07:00:00,1326.79,1352.47,1322.08,1351.74,705032900,0.021275631242539284
2021-06-14 07:00:00,1352.73,1368.53,1352.73,1361.72,715610800,0.0073830766271620885
2021-06-15 07:00:00,1361.58,1372.72,1356.59,1367.36,706567000,0.004141820638604132
2021-06-16 07:00:00,1363.85,1370.14,1350.73,1356.52,740320300,-0.007927685466885048
2021-06-17 07:00:00,1341.06,1365.55,1337.49,1359.92,712336800,0.002506413469760993
2021-06-18 07:00:00,1366.19,1377.77,1363.52,1377.77,750587000,0.013125772104241262
2021-06-21 07:00:00,1373.59,1381.74,1367.85,1372.63,731280000,-0.003730666221502754
2021-06-22 07:00:00,1380.84,1385.98,1375.0,1379.97,694747200,0.0053473987891856645
2021-06-23 07:00:00,1383.15,1388.33,1372.06,1376.87,644736300,-0.002246425646934447
2021-06-24 07:00:00,1376.87,1384.71,1372.99,1379.72,538103500,0.0020699121921461394
2021-06-25 07:00:00,1382.11,1390.12,1372.8,1390.12,518602200,0.007537761284898359
2021-06-28 07:00:00,1397.96,1406.02,1390.56,1405.81,654617700,0.011286795384571224
2021-06-29 07:00:00,1408.34,1416.34,1406.87,1410.04,609604200,0.003008941464351489
2021-06-30 07:00:00,1410.83,1419.61,1408.18,1408.55,532318900,-0.0010567076111316354
2021-07-01 07:00:00,1412.15,1417.27,1402.18,1417.08,699282500,0.006055873060949235
2021-07-02 07:00:00,1422.89,1424.28,1415.82,1420.27,653610300,0.0022511079120444144
2021-07-05 07:00:00,1420.27,1421.52,1394.12,1411.13,743573700,-0.0064353960866594395
2021-07-06 07:00:00,1412.93,1418.99,1354.79,1354.79,773512600,-0.03992544981681356
2021-07-07 07:00:00,1361.76,1388.55,1334.58,1388.55,733801300,0.024918991135157498
2021-07-08 07:00:00,1381.11,1385.75,1363.92,1374.68,528832600,-0.009988837276295293
2021-07-09 07:00:00,1365.28,1373.51,1335.9,1347.14,713991100,-0.020033753309861124
2021-07-12 07:00:00,1338.11,1340.65,1270.06,1296.3,912737200,-0.037739210475526086
2021-07-13 07:00:00,1305.36,1307.73,1278.3,1297.54,500178900,0.0009565686955179675
2021-07-14 07:00:00,1297.54,1305.37,1264.68,1279.91,547973900,-0.013587249718698402
2021-07-15 07:00:00,1270.77,1299.18,1270.77,1293.92,419138600,0.010946082146400915
2021-07-16 07:00:00,1298.38,1304.37,1296.06,1299.31,415120500,0.004165636206256762
2021-07-19 07:00:00,1270.18,1276.55,1237.79,1243.51,675617000,-0.042945871270135605
2021-07-20 07:00:00,1243.51,1273.29,1225.52,1273.29,538794200,0.02394833978013855
2021-07-21 07:00:00,1277.27,1284.33,1266.71,1270.79,395114300,-0.0019634176032168327
2021-07-22 07:00:00,1270.79,1294.16,1266.54,1293.67,493258000,0.018004548351812755
2021-07-23 07:00:00,1288.83,1295.63,1268.83,1268.83,550861800,-0.0192011873197957
2021-07-26 07:00:00,1268.83,1277.33,1254.57,1272.71,461081000,0.0030579352631954215
2021-07-27 07:00:00,1283.67,1288.35,1276.53,1276.93,519931600,0.003315759285304587
2021-07-28 07:00:00,1273.48,1281.17,1271.78,1277.07,361912000,0.0001096379597940178
2021-07-29 07:00:00,1286.33,1293.6,1282.88,1293.6,445516100,0.012943691418638048
2021-07-30 07:00:00,1298.01,1311.97,1296.95,1310.05,618748500,0.012716450216450292
2021-08-02 07:00:00,1308.69,1322.35,1304.49,1314.22,586763000,0.003183084615091092
2021-08-03 07:00:00,1316.15,1332.44,1315.57,1332.44,617967000,0.013863736665094217
2021-08-04 07:00:00,1337.72,1340.76,1328.4,1334.74,626287700,0.0017261565248716249
2021-08-05 07:00:00,1331.14,1346.62,1326.8,1345.55,590429600,0.008098955601840041
2021-08-06 07:00:00,1348.24,1351.85,1341.45,1341.45,682081800,-0.0030470811192448988
2021-08-09 07:00:00,1337.78,1361.12,1334.69,1359.86,636278900,0.013723955421372391
2021-08-10 07:00:00,1367.99,1370.35,1358.12,1362.43,677981600,0.0018899004309267387
2021-08-11 07:00:00,1365.05,1374.03,1357.79,1357.79,770571200,-0.003405679557848873
2021-08-12 07:00:00,1356.27,1365.01,1353.05,1353.05,716513500,-0.0034909669389228126
2021-08-13 07:00:00,1352.56,1357.41,1336.74,1357.05,718718300,0.0029562839510735017
2021-08-16 07:00:00,1364.1,1372.33,1361.75,1370.96,798944800,0.01025017501197456
2021-08-17 07:00:00,1377.7,1379.7,1359.11,1363.09,732378200,-0.005740503005193576
2021-08-18 07:00:00,1361.24,1370.5,1355.83,1360.94,641678400,-0.001577298637654101
2021-08-19 07:00:00,1360.61,1374.85,1352.94,1374.85,653254900,0.010220876746954266
2021-08-20 07:00:00,1367.86,1369.39,1317.52,1329.43,1132838900,-0.0330363312361347
2021-08-23 07:00:00,1322.62,1327.04,1298.86,1298.86,768105500,-0.022994817327727013
2021-08-24 07:00:00,1304.0,1307.56,1289.16,1298.74,648543100,-9.238871009953353e-05
2021-08-25 07:00:00,1300.74,1310.16,1291.7,1309.55,481772400,0.00832345196113149
2021-08-26 07:00:00,1313.36,1316.26,1295.77,1301.12,497853400,-0.006437325798938631
2021-08-27 07:00:00,1293.98,1313.2,1285.16,1313.2,658578200,0.009284308903098948
2021-08-30 07:00:00,1323.39,1329.62,1318.76,1328.14,641161300,0.011376789521778896
2021-08-31 07:00:00,1332.62,1336.14,1325.69,1331.47,712344100,0.0025072658002920356
2021-09-01 07:00:00,1328.54,1338.02,1328.26,1334.65,679730000,0.00238833770193847
2021-09-06 07:00:00,1340.71,1348.36,1339.8,1346.39,889375400,0.008796313640280218
2021-09-07 07:00:00,1349.13,1353.66,1340.32,1341.9,849578800,-0.003334843544589572
2021-09-08 07:00:00,1343.92,1344.49,1328.35,1333.61,596039700,-0.00617780758625841
2021-09-09 07:00:00,1333.61,1345.59,1332.67,1343.98,593520900,0.007775886503550655
2021-09-10 07:00:00,1348.74,1350.43,1345.07,1345.31,559050700,0.000989598059494945
2021-09-13 07:00:00,1348.07,1350.69,1340.5,1341.43,744228400,-0.0028840936289775687
2021-09-14 07:00:00,1343.38,1349.13,1336.84,1339.7,692214900,-0.0012896684881059661
2021-09-15 07:00:00,1338.11,1347.7,1334.97,1345.83,645625800,0.004575651265208647
2021-09-16 07:00:00,1351.85,1353.12,1341.23,1345.87,570520600,2.972143584245579e-05
2021-09-17 07:00:00,1347.66,1356.45,1347.13,1352.64,813151300,0.005030203511483533
2021-09-20 07:00:00,1361.12,1365.92,1349.18,1350.48,852479800,-0.0015968772178850399
2021-09-21 07:00:00,1335.96,1350.48,1324.82,1339.84,816979400,-0.00787868017297566
2021-09-22 07:00:00,1343.89,1350.71,1336.63,1350.68,727734800,0.008090518270838398
2021-09-23 07:00:00,1357.65,1361.09,1350.43,1352.76,961252500,0.0015399650546390475
2021-09-24 07:00:00,1354.84,1356.97,1348.07,1351.17,627564000,-0.0011753747893195055
2021-09-27 07:00:00,1353.39,1354.38,1324.99,1324.99,720860100,-0.01937580023239127
2021-09-28 07:00:00,1319.53,1341.81,1316.41,1339.31,584057900,0.010807628736820618
2021-09-29 07:00:00,1338.8,1340.9,1328.17,1339.21,559164300,-7.466531273558896e-05
2021-09-30 07:00:00,1341.83,1348.89,1341.15,1342.06,438294600,0.002128120309734749
2021-10-01 07:00:00,1339.68,1344.06,1332.97,1334.89,601963900,-0.005342533120724746
2021-10-04 07:00:00,1337.74,1347.49,1334.4,1339.54,700605800,0.0034834330918651624
2021-10-05 07:00:00,1345.43,1354.63,1343.48,1354.63,576701100,0.011265061140391497
2021-10-06 07:00:00,1359.63,1362.82,1354.63,1362.82,594012900,0.006045931361331025
2021-10-07 07:00:00,1365.54,1367.64,1360.57,1365.99,658670400,0.002326059200774999
2021-10-08 07:00:00,1365.99,1373.18,1365.93,1372.73,603842600,0.004934150323208764
2021-10-11 07:00:00,1377.53,1394.64,1377.3,1394.09,721458300,0.015560233986289917
2021-10-12 07:00:00,1398.03,1400.78,1389.43,1394.8,707870000,0.0005092928003214148
2021-10-13 07:00:00,1398.21,1400.67,1389.61,1391.91,608348500,-0.002071981646113996
2021-10-14 07:00:00,1392.88,1398.67,1388.89,1391.85,690243000,-4.3106235317114105e-05
2021-10-15 07:00:00,1395.81,1399.03,1388.0,1392.7,743666800,0.0006106979918814037
2021-10-18 07:00:00,1395.57,1402.63,1390.88,1395.53,764032400,0.002032024125798726
2021-10-19 07:00:00,1395.53,1399.66,1388.95,1395.33,605953600,-0.00014331472630468856
2021-10-20 07:00:00,1398.45,1401.76,1376.15,1393.8,804215000,-0.0010965148029498106
2021-10-21 07:00:00,1397.59,1398.45,1384.77,1384.77,681412600,-0.006478691347395538
2021-10-22 07:00:00,1388.66,1393.7,1384.77,1389.24,746799700,0.0032279728763622284
2021-10-25 07:00:00,1395.45,1395.72,1385.4,1385.4,868073700,-0.00276410123520765
2021-10-26 07:00:00,1384.12,1393.03,1377.56,1391.63,703571700,0.004496896203262546
2021-10-27 07:00:00,1397.51,1423.02,1395.83,1423.02,800311500,0.02255628292002898
2021-10-28 07:00:00,1427.89,1440.64,1420.42,1438.01,826726500,0.010533934870908368
2021-10-29 07:00:00,1439.27,1447.62,1432.19,1444.27,946189100,0.004353238155506478
2021-11-01 07:00:00,1449.32,1451.81,1435.57,1438.97,1092936400,-0.003669673952931163
2021-11-02 07:00:00,1439.61,1452.46,1438.83,1452.46,972155400,0.009374761113852381
2021-11-03 07:00:00,1460.44,1463.63,1444.3,1444.3,1455441700,-0.005618054886193158
2021-11-04 07:00:00,1442.89,1451.98,1435.84,1448.34,890357900,0.002797202797202747
2021-11-05 07:00:00,1450.71,1459.49,1444.51,1456.51,844497200,0.005640940663103944
2021-11-08 07:00:00,1461.61,1470.49,1456.51,1467.57,1006323900,0.007593494037116066
2021-11-09 07:00:00,1469.94,1474.2,1457.57,1461.5,1003649300,-0.004136088908876512
2021-11-10 07:00:00,1465.1,1470.19,1457.98,1465.02,955160600,0.002408484433800817
2021-11-11 07:00:00,1469.22,1472.89,1449.18,1462.35,1206136500,-0.0018225007167138596
2021-11-12 07:00:00,1462.35,1474.57,1453.22,1473.37,909366000,0.007535815639210908
2021-11-15 07:00:00,1481.75,1481.96,1466.01,1476.57,1146225600,0.0021718916497552865
2021-11-16 07:00:00,1472.82,1476.97,1459.08,1466.45,1157402400,-0.006853721801201362
2021-11-17 07:00:00,1467.08,1477.04,1464.78,1475.85,828629100,0.006410037846499961
2021-11-18 07:00:00,1479.39,1482.87,1469.83,1469.83,1052200900,-0.004079005318968765
2021-11-19 07:00:00,1474.11,1481.53,1436.81,1452.35,1488280938,-0.011892531789390648
2021-11-22 07:00:00,1453.35,1466.46,1442.85,1447.25,1209419000,-0.0035115502461526837
2021-11-23 07:00:00,1442.66,1463.63,1438.41,1463.63,839875300,0.01131801692865797
2021-11-24 07:00:00,1470.66,1491.05,1467.29,1488.87,1073235900,0.017244795474265828
2021-11-25 07:00:00,1496.41,1505.36,1490.32,1500.81,953098400,0.008019504725059967
2021-11-26 07:00:00,1506.69,1511.68,1488.83,1493.03,971244600,-0.0051838673782823586
2021-11-29 07:00:00,1467.48,1488.93,1467.35,1484.84,983072000,-0.005485489240001917
2021-11-30 07:00:00,1500.24,1503.09,1471.57,1478.44,956469900,-0.004310228711510877
2021-12-01 07:00:00,1477.85,1487.68,1471.3,1485.19,837551800,0.004565623224479953
2021-12-02 07:00:00,1489.12,1493.84,1482.05,1482.05,745629400,-0.0021142076098008555
2021-12-03 07:00:00,1489.54,1491.2,1443.32,1443.32,925225200,-0.026132721568098205
2021-12-06 07:00:00,1446.28,1452.55,1400.87,1413.58,951815100,-0.020605271180334284
2021-12-07 07:00:00,1426.88,1446.77,1421.6,1446.77,691695900,0.023479392747492334
2021-12-08 07:00:00,1446.77,1460.28,1446.77,1452.87,732009400,0.004216288698272619
2021-12-09 07:00:00,1447.59,1467.98,1446.88,1467.98,631261500,0.010400104620509776
2021-12-10 07:00:00,1469.83,1475.85,1469.68,1463.54,780120100,-0.0030245643673619815
2021-12-13 07:00:00,1471.96,1481.7,1470.08,1476.21,815155200,0.008657091709143527
2021-12-14 07:00:00,1476.82,1485.14,1469.21,1476.02,914795700,-0.000128707975152631
2021-12-15 07:00:00,1476.43,1481.67,1468.21,1475.5,861484300,-0.000352298749339397
2021-12-16 07:00:00,1481.85,1482.32,1468.95,1476.61,889612700,0.000752287360216819
2021-12-17 07:00:00,1481.76,1487.73,1479.79,1479.79,1065320100,0.002153581514414915
2021-12-20 07:00:00,1483.85,1483.85,1468.88,1477.33,906869900,-0.0016623980429655294
2021-12-21 07:00:00,1474.87,1486.09,1472.43,1478.74,866421100,0.0009544245361565729
2021-12-22 07:00:00,1484.9,1489.24,1471.84,1477.67,1031093800,-0.0007235890014470892
2021-12-23 07:00:00,1479.46,1481.21,1447.14,1456.96,1213160700,-0.01401530788335692
2021-12-24 07:00:00,1463.1,1478.8,1456.32,1477.03,855008900,0.01377525807160107
2021-12-27 07:00:00,1483.64,1490.12,1469.91,1488.88,715824500,0.00802285667860514
2021-12-28 07:00:00,1494.9,1499.77,1483.97,1494.39,933584700,0.003700768362796092
2021-12-29 07:00:00,1497.86,1498.91,1485.82,1485.82,793769800,-0.005734781415828616
2021-12-30 07:00:00,1490.96,1493.38,1484.82,1485.97,724365200,0.00010095435517087914
2021-12-31 07:00:00,1490.17,1499.07,1489.71,1498.28,846534300,0.008284151093225223
2022-01-04 07:00:00,1508.55,1526.69,1507.19,1525.58,839676500,0.01822089329097354
2022-01-05 07:00:00,1529.06,1535.82,1522.5,1522.5,987023800,-0.0020189042855831563
2022-01-06 07:00:00,1519.72,1536.24,1518.18,1528.57,1087239800,0.003986863711001654
2022-01-07 07:00:00,1534.1,1534.52,1524.96,1528.48,951525400,-5.8878559699548916e-05
2022-01-10 07:00:00,1528.74,1536.45,1503.71,1503.71,1210539300,-0.016205642206636672
2022-01-11 07:00:00,1505.04,1512.05,1488.4,1492.31,1157618000,-0.007581249044031124
2022-01-12 07:00:00,1489.11,1510.51,1464.49,1510.51,1104610300,0.012195857429086576
2022-01-13 07:00:00,1518.44,1522.6,1495.13,1496.05,977115800,-0.009572925700591206
2022-01-14 07:00:00,1486.91,1503.25,1476.68,1496.02,734088500,-2.0052805721704203e-05
2022-01-17 07:00:00,1498.83,1503.86,1452.84,1452.84,926487900,-0.02886325049130367
2022-01-18 07:00:00,1439.29,1452.14,1424.65,1438.94,691087800,-0.009567467856061107
2022-01-19 07:00:00,1438.95,1449.11,1434.46,1442.79,557995700,0.002675580635745689
2022-01-20 07:00:00,1438.98,1469.08,1432.58,1465.3,762449400,0.015601716119463038
2022-01-21 07:00:00,1471.9,1477.23,1463.06,1472.89,784569900,0.005179826656657394
2022-01-24 07:00:00,1465.94,1467.99,1432.18,1439.71,796675500,-0.02252714051965865
2022-01-25 07:00:00,1431.51,1479.58,1424.36,1479.58,706092300,0.0276930770780226
2022-01-26 07:00:00,1484.73,1490.45,1478.41,1481.58,767576600,0.0013517349518106236
2022-01-27 07:00:00,1477.15,1486.39,1464.06,1470.76,419526600,-0.007303014349545722
2022-01-28 07:00:00,1469.54,1484.48,1465.22,1478.96,663924300,0.005575348799260249
2022-02-07 07:00:00,1499.27,1505.69,1493.89,1497.66,551698200,0.01264402012224819
2022-02-08 07:00:00,1496.53,1503.33,1491.78,1500.99,697228100,0.0022234686110331747
2022-02-09 07:00:00,1500.78,1511.72,1499.53,1505.38,754188100,0.0029247363406819105
2022-02-10 07:00:00,1510.66,1512.88,1495.7,1506.79,628938000,0.0009366405824442481
2022-02-11 07:00:00,1503.37,1508.54,1499.06,1501.71,577407200,-0.0033714054380503677
2022-02-14 07:00:00,1485.75,1495.99,1471.96,1471.96,751563900,-0.01981074907938285
2022-02-15 07:00:00,1473.92,1495.56,1470.06,1492.75,572156100,0.014124025109377936
2022-02-16 07:00:00,1499.03,1499.5,1486.68,1492.1,617187300,-0.0004354379500921546
2022-02-17 07:00:00,1492.56,1507.99,1492.49,1507.99,588111300,0.010649420280142152
2022-02-18 07:00:00,1494.3,1507.29,1492.38,1504.84,672537800,-0.0020888732683904676
2022-02-21 07:00:00,1504.96,1516.63,1500.97,1510.84,737693400,0.003987134844900542
2022-02-22 07:00:00,1497.46,1506.38,1484.81,1503.47,875383700,-0.004878081067485551
2022-02-23 07:00:00,1509.42,1520.78,1507.37,1512.3,660165300,0.005873080274298781
2022-02-24 07:00:00,1511.84,1513.25,1473.76,1494.85,976540200,-0.011538715863254723
2022-02-25 07:00:00,1504.37,1512.05,1498.89,1498.89,736050400,0.0027026123022377835
2022-02-28 07:00:00,1499.31,1502.36,1487.57,1490.13,693212400,-0.005844324800352241
2022-03-01 07:00:00,1493.41,1501.73,1491.48,1498.78,796368600,0.005804862662988963
2022-03-02 07:00:00,1499.37,1500.41,1479.55,1485.52,914957200,-0.008847195719184908
2022-03-03 07:00:00,1492.42,1505.0,1487.69,1505.0,902783400,0.013113253271581637
2022-03-04 07:00:00,1506.79,1509.19,1501.39,1505.33,873323700,0.00021926910299008284
2022-03-07 07:00:00,1500.65,1505.32,1493.87,1499.05,941752700,-0.004171842718872276
2022-03-08 07:00:00,1487.37,1499.05,1473.71,1473.71,910692600,-0.016904039224842293
2022-03-09 07:00:00,1478.16,1482.86,1462.8,1473.74,888352600,2.035678661327367e-05
2022-03-10 07:00:00,1476.76,1488.59,1476.76,1479.08,629092200,0.0036234342557031063
2022-03-11 07:00:00,1478.23,1480.29,1458.88,1466.54,855643700,-0.008478243232279525
2022-03-14 07:00:00,1459.28,1466.54,1439.19,1446.25,815892100,-0.013835285774680517
2022-03-15 07:00:00,1445.05,1453.07,1437.27,1452.74,641644500,0.0044874675885910875
2022-03-16 07:00:00,1459.97,1462.98,1453.91,1459.33,544662700,0.004536255627297425
2022-03-17 07:00:00,1466.56,1467.74,1459.14,1461.34,683175800,0.001377344397771596
2022-03-18 07:00:00,1466.14,1474.86,1465.57,1469.1,745610800,0.005310194752761177
2022-03-21 07:00:00,1474.78,1494.95,1469.1,1494.95,727377200,0.017595806956640203
2022-03-22 07:00:00,1500.08,1507.71,1498.48,1503.78,905037000,0.0059065520585972475
2022-03-23 07:00:00,1505.76,1513.9,1501.67,1502.34,788727300,-0.0009575868810597354
2022-03-24 07:00:00,1504.3,1505.39,1495.18,1498.26,753772900,-0.0027157634090817506
2022-03-25 07:00:00,1500.17,1503.29,1494.55,1498.5,724086800,0.00016018581554599898
2022-03-28 07:00:00,1490.44,1496.79,1473.8,1483.18,988930700,-0.010223556890223473
2022-03-29 07:00:00,1485.22,1498.45,1485.22,1497.76,687922600,0.009830229641715649
2022-03-30 07:00:00,1492.15,1503.89,1483.9,1490.51,880911900,-0.004840561905779306
2022-03-31 07:00:00,1492.5,1498.41,1488.27,1492.15,633286300,0.0011002945300602196
2022-04-01 07:00:00,1489.47,1516.87,1484.13,1516.44,881661100,0.01627852427704979
2022-04-04 07:00:00,1530.02,1530.95,1522.82,1524.7,734587100,0.005446967898499189
2022-04-05 07:00:00,1521.37,1527.57,1519.28,1520.03,663110500,-0.0030628976192038637
2022-04-06 07:00:00,1513.17,1523.75,1507.62,1522.9,912695000,0.0018881206291980757
2022-04-07 07:00:00,1524.12,1524.92,1502.35,1502.35,763664700,-0.013493991726311716
2022-04-08 07:00:00,1501.61,1507.73,1482.0,1482.0,741103600,-0.013545445468765571
2022-04-12 07:00:00,1487.86,1490.58,1455.25,1455.25,656188800,-0.018049932523616752
2022-04-13 07:00:00,1459.48,1477.2,1448.52,1477.2,636344500,0.015083319017350938
2022-04-14 07:00:00,1481.5,1484.34,1471.75,1472.12,498914000,-0.0034389385323586596
2022-04-15 07:00:00,1470.53,1478.95,1456.39,1458.56,639722900,-0.009211205608238404
2022-04-18 07:00:00,1456.47,1456.47,1425.07,1432.6,790646000,-0.01779837648091276
2022-04-19 07:00:00,1435.78,1442.04,1406.45,1406.45,666337000,-0.018253525059332643
2022-04-20 07:00:00,1401.63,1410.64,1384.72,1384.72,652803300,-0.015450247075971424
2022-04-21 07:00:00,1369.8,1392.33,1356.58,1370.21,741348500,-0.01047865272401638
2022-04-22 07:00:00,1378.28,1392.89,1352.43,1379.23,799750600,0.006582932543186759
2022-04-25 07:00:00,1377.75,1382.13,1298.38,1310.92,696873600,-0.04952763498473778
2022-04-26 07:00:00,1285.4,1341.34,1261.4,1341.34,673169600,0.023205077350257675
2022-04-27 07:00:00,1340.07,1355.92,1314.81,1353.77,485406800,0.00926685255043469
2022-04-28 07:00:00,1353.71,1358.07,1344.17,1350.99,458334600,-0.0020535246016679665
2022-04-29 07:00:00,1350.77,1369.31,1343.24,1366.8,532838100,0.011702529256323091
2022-05-04 07:00:00,1366.11,1366.39,1348.68,1348.68,498884800,-0.013257243195785695
2022-05-05 07:00:00,1361.62,1362.18,1331.41,1360.68,510234300,0.008897588753447705
2022-05-06 07:00:00,1336.05,1350.09,1328.13,1329.26,510678900,-0.02309139547873129
2022-05-09 07:00:00,1312.5,1314.52,1265.54,1269.62,627609200,-0.04486706889547576
2022-05-10 07:00:00,1262.03,1293.56,1232.57,1293.56,600766800,0.018856035664214454
2022-05-11 07:00:00,1293.56,1305.17,1277.91,1301.53,380880400,0.006161291320077922
2022-05-12 07:00:00,1290.04,1291.65,1238.05,1238.84,516642600,-0.048166388788579595
2022-05-13 07:00:00,1234.82,1237.8,1180.6,1182.77,736096200,-0.04526008201220488
2022-05-16 07:00:00,1208.29,1215.96,1170.59,1171.95,551353400,-0.00914801694327716
2022-05-17 07:00:00,1163.43,1228.37,1156.54,1228.37,542868100,0.048141985579589486
2022-05-18 07:00:00,1240.06,1249.84,1222.92,1240.76,514538800,0.010086537443929844
2022-05-19 07:00:00,1210.43,1246.66,1210.43,1241.64,459858400,0.0007092427222026298
2022-05-20 07:00:00,1240.72,1252.96,1232.33,1240.71,465793600,-0.0007490093746980175
2022-05-23 07:00:00,1246.56,1246.58,1207.99,1218.81,488979100,-0.017651183596489206
2022-05-24 07:00:00,1218.79,1233.38,1203.28,1233.38,479498700,0.011954283276310651
2022-05-25 07:00:00,1238.52,1268.43,1234.17,1268.43,616951500,0.028417843649159114
2022-05-26 07:00:00,1271.01,1278.11,1261.55,1268.57,514352700,0.00011037266542102131
2022-05-27 07:00:00,1270.56,1286.99,1269.29,1285.45,578174500,0.013306321290902368
2022-05-30 07:00:00,1287.21,1296.22,1281.27,1293.92,499452600,0.006589132210510051
2022-05-31 07:00:00,1293.26,1297.64,1280.44,1292.68,543596100,-0.0009583281810312538
2022-06-01 07:00:00,1289.56,1302.25,1286.01,1299.52,505619500,0.005291332735092968
2022-06-02 07:00:00,1300.66,1302.66,1283.32,1288.62,527933000,-0.008387712386111912
2022-06-03 07:00:00,1288.15,1292.78,1276.37,1287.98,393832200,-0.0004966553367167226
2022-06-06 07:00:00,1289.44,1302.14,1281.95,1290.01,541562900,0.0015761114303016743
2022-06-07 07:00:00,1285.07,1291.35,1260.92,1291.35,625987600,0.0010387516375840455
2022-06-08 07:00:00,1297.56,1316.78,1294.27,1307.91,543305900,0.012823789057962776
2022-06-09 07:00:00,1310.11,1312.44,1300.85,1307.8,436340700,-8.41036462754241e-05
2022-06-10 07:00:00,1298.78,1309.59,1284.08,1284.08,561068400,-0.018137329866952157
2022-06-13 07:00:00,1251.08,1261.54,1226.01,1227.04,709415500,-0.04442090835461965
2022-06-14 07:00:00,1213.44,1239.36,1211.13,1230.31,519177100,0.0026649497978876724
2022-06-15 07:00:00,1231.35,1235.56,1195.19,1213.93,626914600,-0.01331371768090961
2022-06-16 07:00:00,1226.96,1246.32,1223.0,1236.63,522295400,0.018699595528572477
2022-06-17 07:00:00,1209.74,1220.41,1191.92,1217.3,684022500,-0.015631191221303187
2022-06-20 07:00:00,1218.37,1221.6,1180.4,1180.4,620002900,-0.030312987759796184
2022-06-21 07:00:00,1172.74,1189.97,1162.94,1172.47,607711900,-0.006718061674008902
2022-06-22 07:00:00,1180.11,1185.86,1162.98,1169.27,529135300,-0.0027292809197677625
2022-06-23 07:00:00,1162.06,1188.88,1162.06,1188.88,380442900,0.016771147810172193
2022-06-24 07:00:00,1190.69,1196.85,1185.48,1185.48,410876800,-0.0028598344660522024
2022-06-27 07:00:00,1185.48,1203.51,1185.48,1202.82,429735700,0.01462698653709893
2022-06-28 07:00:00,1202.41,1221.74,1198.99,1218.1,534186600,0.012703480154969027
2022-06-29 07:00:00,1208.22,1219.58,1207.38,1218.09,519299900,-8.209506608625183e-06
2022-06-30 07:00:00,1218.85,1220.51,1197.6,1197.6,471576000,-0.01682141713666474
2022-07-01 07:00:00,1193.09,1202.41,1170.95,1198.9,498479000,0.0010855043420174848
2022-07-04 07:00:00,1206.47,1208.96,1192.63,1195.53,403314600,-0.0028109100008342214
2022-07-05 07:00:00,1198.59,1200.99,1181.29,1181.29,559493000,-0.011911035273058812
2022-07-06 07:00:00,1167.25,1175.26,1147.63,1149.61,511773800,-0.026818139491572857
2022-07-07 07:00:00,1148.33,1166.48,1142.8,1166.48,362816600,0.014674541801132701
2022-07-08 07:00:00,1174.53,1177.18,1164.23,1171.31,437189300,0.0041406625060009805
2022-07-11 07:00:00,1165.6,1165.6,1144.55,1155.29,488732000,-0.013676994134772191
2022-07-12 07:00:00,1154.4,1174.82,1153.55,1174.82,475429100,0.016904846402201912
2022-07-13 07:00:00,1173.46,1182.21,1170.92,1173.92,522379700,-0.0007660748029484354
2022-07-14 07:00:00,1170.7,1182.17,1170.04,1182.17,490512400,0.00702773613193397
2022-07-15 07:00:00,1183.43,1189.66,1178.12,1179.25,543854200,-0.002470033920671355
2022-07-18 07:00:00,1184.74,1184.93,1174.7,1176.49,480514500,-0.0023404706381174867
2022-07-19 07:00:00,1176.48,1180.46,1168.99,1178.33,479006800,0.0015639741944257768
2022-07-20 07:00:00,1188.51,1198.63,1185.82,1194.14,601098600,0.013417293966885513
2022-07-21 07:00:00,1194.89,1201.91,1194.89,1198.47,500949000,0.0036260404977639382
2022-07-22 07:00:00,1199.65,1202.69,1194.76,1194.76,448428100,-0.003095613573973477
2022-07-25 07:00:00,1191.43,1198.16,1184.32,1188.5,410066000,-0.00523954601761023
2022-07-26 07:00:00,1189.42,1194.15,1184.44,1185.07,388328300,-0.0028859907446361355
2022-07-27 07:00:00,1184.74,1191.04,1178.58,1191.04,387799200,0.005037677099243076
2022-07-28 07:00:00,1191.19,1214.03,1191.19,1208.12,620546700,0.014340408382589986
2022-07-29 07:00:00,1214.48,1217.84,1206.33,1206.33,537058300,-0.0014816408965996342
2022-08-01 07:00:00,1206.46,1231.35,1206.46,1231.35,681871300,0.02074059336997336
2022-08-02 07:00:00,1230.34,1241.91,1224.11,1241.62,734388200,0.008340439355179363
2022-08-03 07:00:00,1233.86,1250.2,1232.41,1249.76,702358600,0.006555951096148593
2022-08-04 07:00:00,1252.49,1257.38,1247.38,1254.15,655935800,0.0035126744334912363
2022-08-05 07:00:00,1250.25,1253.75,1245.05,1252.74,604391400,-0.0011242674321254587
2022-08-08 07:00:00,1252.36,1258.84,1252.04,1256.75,634015600,0.0032009834442900953
2022-08-09 07:00:00,1256.75,1263.14,1252.84,1258.85,655262300,0.0016709767256812835
2022-08-10 07:00:00,1255.69,1260.36,1253.89,1256.5,584384800,-0.0018667831751201236
2022-08-11 07:00:00,1261.91,1268.03,1245.85,1252.07,765336500,-0.0035256665340230864
2022-08-12 07:00:00,1250.76,1262.33,1248.65,1262.33,508817800,0.008194430023880539
2022-08-15 07:00:00,1268.56,1274.24,1268.02,1274.2,585580500,0.009403246377730268
2022-08-16 07:00:00,1274.18,1275.93,1271.11,1274.69,572322300,0.00038455501491130306
2022-08-17 07:00:00,1276.76,1280.61,1271.97,1275.28,644581600,0.00046285763597420093
2022-08-18 07:00:00,1273.45,1283.15,1268.64,1273.66,558424300,-0.0012703092654161585
2022-08-19 07:00:00,1272.04,1280.0,1263.45,1269.18,568209800,-0.003517422231992806
2022-08-22 07:00:00,1268.52,1270.57,1255.83,1260.43,566785900,-0.006894215162545847
2022-08-23 07:00:00,1253.45,1270.81,1253.45,1270.81,520796300,0.008235284783764119
2022-08-24 07:00:00,1275.57,1280.36,1272.33,1277.16,519810800,0.0049968130562398905
2022-08-25 07:00:00,1279.45,1289.18,1279.45,1288.88,562124700,0.009176610604779478
2022-08-26 07:00:00,1291.29,1295.12,1280.05,1282.57,614354500,-0.004895723418782305
2022-08-29 07:00:00,1271.56,1271.56,1249.17,1270.8,793997300,-0.009176887031506986
2022-08-30 07:00:00,1271.01,1287.65,1271.01,1279.39,473770000,0.006759521561221282
2022-08-31 07:00:00,1276.65,1285.29,1274.99,1280.51,462420100,0.0008754171910050346
2022-09-05 07:00:00,1280.34,1285.7,1275.35,1277.35,466166300,-0.002467766749185918
2022-09-06 07:00:00,1279.58,1286.92,1277.4,1277.4,537987600,3.914353935896564e-05
2022-09-07 07:00:00,1274.68,1275.07,1243.17,1243.17,796593600,-0.026796618130577765
2022-09-08 07:00:00,1251.22,1251.36,1234.6,1234.6,557779800,-0.006893666996468872
2022-09-09 07:00:00,1241.26,1248.78,1228.54,1248.78,542039800,0.011485501376964358
2022-09-12 07:00:00,1255.16,1257.8,1248.97,1249.62,390724400,0.0006726565127563866
2022-09-13 07:00:00,1251.1,1252.35,1243.87,1248.4,410707400,-0.0009762967942252843
2022-09-14 07:00:00,1229.76,1242.17,1228.51,1240.77,574337900,-0.006111823133611138
2022-09-15 07:00:00,1246.92,1250.93,1243.45,1245.66,385727500,0.003941101090451982
2022-09-16 07:00:00,1243.15,1246.17,1230.37,1234.03,594453000,-0.009336416036478723
2022-09-19 07:00:00,1231.8,1233.46,1202.07,1205.43,641804000,-0.02317609782582264
2022-09-20 07:00:00,1212.08,1218.93,1199.71,1218.93,412723400,0.01119932306313931
2022-09-21 07:00:00,1213.2,1217.28,1204.68,1210.55,325527500,-0.006874882068699684
2022-09-22 07:00:00,1200.34,1214.7,1196.64,1214.7,435982100,0.003428193796208401
2022-09-23 07:00:00,1214.81,1216.59,1201.45,1203.28,443208000,-0.009401498312340606
2022-09-26 07:00:00,1186.41,1190.27,1159.12,1174.35,701894100,-0.02404261684728415
2022-09-27 07:00:00,1177.66,1180.75,1166.44,1166.54,415135800,-0.006650487503725433
2022-09-28 07:00:00,1158.6,1162.6,1142.79,1143.62,496730000,-0.01964784748058368
2022-09-29 07:00:00,1149.78,1159.49,1126.07,1126.07,415993300,-0.015346006540634116
2022-09-30 07:00:00,1116.11,1135.47,1099.44,1132.11,612447100,0.005363787331160497
2022-10-03 07:00:00,1124.46,1126.46,1079.86,1086.44,501911900,-0.04034060294494335
2022-10-04 07:00:00,1095.73,1100.42,1069.74,1078.14,513862500,-0.007639630352343385
2022-10-05 07:00:00,1092.08,1110.21,1092.08,1104.26,396842100,0.02422690930676885
2022-10-06 07:00:00,1105.31,1106.97,1072.57,1074.52,499954800,-0.026932063101081316
2022-10-07 07:00:00,1060.58,1062.23,1022.38,1035.91,788668100,-0.035932323269925126
2022-10-10 07:00:00,1022.22,1051.02,1012.94,1042.48,541876100,0.00634224980934639
2022-10-11 07:00:00,1036.48,1036.48,998.64,1006.2,580908400,-0.034801626889724435
2022-10-12 07:00:00,1006.74,1039.44,1002.89,1034.81,532825500,0.028433710991850436
2022-10-13 07:00:00,1034.48,1050.99,1025.04,1050.99,402643700,0.01563572056706075
2022-10-14 07:00:00,1063.07,1068.12,1055.29,1061.85,506303900,0.01033311449205021
2022-10-17 07:00:00,1053.64,1054.05,1033.59,1051.58,435723100,-0.009671799218345378
2022-10-18 07:00:00,1065.6,1071.74,1057.71,1063.66,466433900,0.01148747598851263
2022-10-19 07:00:00,1065.24,1065.99,1052.29,1060.07,345418600,-0.0033751386721322385
2022-10-20 07:00:00,1056.14,1065.28,1048.21,1058.45,352502000,-0.001528200967860549
2022-10-21 07:00:00,1059.09,1059.09,1013.69,1019.82,642204900,-0.036496764136236926
2022-10-24 07:00:00,1019.84,1023.51,977.41,986.15,547149700,-0.03301563020925269
2022-10-25 07:00:00,980.47,1011.39,962.45,997.7,670274300,0.01171221416620205
2022-10-26 07:00:00,1000.74,1004.55,984.71,993.36,352376800,-0.004350005011526492
2022-10-27 07:00:00,994.82,1028.01,990.48,1028.01,572328800,0.034881613916404985
2022-10-28 07:00:00,1036.27,1044.57,1026.53,1027.36,515678600,-0.0006322895691677211
2022-10-31 07:00:00,1028.24,1030.32,1005.0,1027.94,581502900,0.0005645538078182799
2022-11-01 07:00:00,1029.05,1043.53,1027.39,1033.75,575844000,0.00565208086075053
2022-11-02 07:00:00,1033.04,1034.73,1018.64,1023.19,488346900,-0.010215235792019328
2022-11-03 07:00:00,1011.41,1023.95,1010.65,1019.81,404442900,-0.003303394286496286
2022-11-04 07:00:00,1008.23,1009.96,974.61,997.15,694725300,-0.022219825261568293
2022-11-07 07:00:00,991.01,996.18,969.61,975.19,534028100,-0.02202276487990762
2022-11-08 07:00:00,960.93,981.86,956.97,981.65,542477500,0.006624350126641865
2022-11-09 07:00:00,983.36,994.79,977.93,985.59,466326400,0.004013650486425879
2022-11-10 07:00:00,975.97,976.31,935.78,947.24,637622500,-0.03891070323359613
2022-11-11 07:00:00,954.95,966.7,949.49,954.53,646268900,0.007696043241417039
2022-11-14 07:00:00,939.94,945.29,923.53,941.04,599309300,-0.014132609766062898
2022-11-15 07:00:00,925.86,929.06,900.17,911.9,589099000,-0.03096574003230468
2022-11-16 07:00:00,883.65,945.42,873.78,942.9,934066100,0.03399495558723542
2022-11-17 07:00:00,952.91,972.88,950.9,969.26,589567300,0.027956305016438643
2022-11-18 07:00:00,968.05,971.77,939.73,969.33,833798300,7.222004415741168e-05
2022-11-21 07:00:00,972.17,973.19,956.77,960.65,522726700,-0.008954638771110024
2022-11-22 07:00:00,953.78,985.28,948.52,952.12,978732600,-0.008879404569822502
2022-11-23 07:00:00,947.44,958.61,942.02,946.0,488928200,-0.006427761206570626
2022-11-24 07:00:00,942.86,950.03,934.31,947.71,482211800,0.0018076109936575602
2022-11-25 07:00:00,955.58,971.46,955.53,971.46,554366400,0.025060408774836285
2022-11-28 07:00:00,979.68,1006.22,979.48,1005.69,872397100,0.03523562472978825
2022-11-29 07:00:00,1008.85,1032.16,998.56,1032.16,1101690200,0.026320237846652494
2022-11-30 07:00:00,1037.44,1048.42,1021.54,1048.42,956511200,0.0157533715702991
2022-12-01 07:00:00,1057.72,1066.28,1035.62,1036.28,1263330500,-0.011579328894908647
2022-12-02 07:00:00,1032.75,1080.01,1030.81,1080.01,1014241900,0.042199019570000385
2022-12-05 07:00:00,1090.97,1099.45,1082.59,1093.67,1112166800,0.01264803103674983
2022-12-06 07:00:00,1090.64,1090.64,1048.69,1048.69,1356936200,-0.041127579617252
2022-12-07 07:00:00,1046.72,1059.79,1034.92,1041.02,827948300,-0.007313886849307338
2022-12-08 07:00:00,1051.58,1078.09,1045.98,1050.53,873712400,0.00913527117634616
2022-12-09 07:00:00,1056.69,1061.21,1041.39,1051.81,725636400,0.0012184326006872137
2022-12-12 07:00:00,1059.43,1065.16,1032.07,1032.07,808782100,-0.01876764814938059
2022-12-13 07:00:00,1035.28,1047.45,1026.3,1047.45,735828900,0.014902089974517363
2022-12-14 07:00:00,1062.18,1062.18,1046.43,1050.43,667860400,0.002845004534822726
2022-12-15 07:00:00,1049.16,1062.61,1049.06,1055.32,665769400,0.004655236426986953
2022-12-16 07:00:00,1048.62,1064.79,1047.16,1052.48,790237300,-0.002691126861994353
2022-12-19 07:00:00,1052.13,1065.59,1038.4,1038.4,852324700,-0.013377926421404562
2022-12-20 07:00:00,1036.01,1038.74,1010.08,1023.13,954038800,-0.014705315870570224
2022-12-21 07:00:00,1033.34,1033.84,1005.43,1018.88,703570400,-0.004153919834234188
2022-12-22 07:00:00,1026.49,1033.18,1016.54,1022.61,531712600,0.0036608825376884813
2022-12-23 07:00:00,1023.92,1027.34,1013.2,1020.34,423823400,-0.002219810093779584
2022-12-26 07:00:00,1020.34,1021.89,985.21,985.21,566850100,-0.034429699903953614
2022-12-27 07:00:00,986.07,1007.88,984.39,1004.57,507205800,0.019650632859999462
2022-12-28 07:00:00,1008.81,1020.52,998.97,1015.66,392271900,0.011039549259882264
2022-12-29 07:00:00,1015.39,1021.96,1009.29,1009.29,371300500,-0.006271783864679081
2022-12-30 07:00:00,1017.25,1017.99,1007.09,1007.09,344378600,-0.0021797501213723924
2023-01-03 07:00:00,1011.54,1043.9,1011.38,1043.9,518145400,0.03655085444200634
2023-01-04 07:00:00,1047.91,1052.6,1041.56,1046.35,566957000,0.002346968100392477
2023-01-05 07:00:00,1048.17,1058.14,1046.64,1055.82,496500700,0.009050508911931932
2023-01-06 07:00:00,1055.46,1065.58,1047.26,1051.44,614634000,-0.004148434392225786
2023-01-09 07:00:00,1058.28,1062.12,1050.95,1054.21,386345500,0.0026344822338888463
2023-01-10 07:00:00,1054.84,1057.44,1045.75,1053.35,423409900,-0.0008157767427743323
2023-01-11 07:00:00,1058.25,1065.69,1054.53,1055.76,508219700,0.0022879384819860515
2023-01-12 07:00:00,1058.51,1060.97,1050.27,1056.39,384586100,0.0005967265287565304
2023-01-13 07:00:00,1060.96,1066.39,1055.23,1060.17,475699700,0.0035782239513815206
2023-01-16 07:00:00,1062.27,1067.74,1057.87,1066.68,408111100,0.0061405246328418706
2023-01-17 07:00:00,1067.6,1088.29,1067.6,1088.29,592759400,0.020259121760977994
2023-01-18 07:00:00,1092.5,1100.39,1089.56,1098.28,553782600,0.009179538542116505
2023-01-19 07:00:00,1098.28,1111.72,1094.46,1108.08,578271400,0.008923043304075451
2023-01-27 07:00:00,1114.58,1124.3,1111.41,1117.1,571615000,0.008140206483286283
2023-01-30 07:00:00,1117.31,1118.46,1102.57,1102.57,751461500,-0.013006892847551632
2023-01-31 07:00:00,1100.87,1111.18,1088.25,1111.18,653586100,0.007809027998222362
2023-02-01 07:00:00,1114.26,1116.96,1075.97,1075.97,974095400,-0.03168703540380502
2023-02-02 07:00:00,1079.64,1083.36,1070.81,1077.59,592697500,0.0015056181863806195
2023-02-03 07:00:00,1078.8,1081.89,1070.46,1077.15,506090100,-0.00040831856271850153
2023-02-06 07:00:00,1077.14,1089.29,1067.24,1089.29,415388100,0.011270482291231287
2023-02-07 07:00:00,1089.43,1092.12,1065.18,1065.84,594951800,-0.0215277841529804
2023-02-08 07:00:00,1067.58,1079.51,1063.5,1072.22,480268400,0.005985889064024752
2023-02-09 07:00:00,1070.07,1075.2,1064.03,1064.03,383279200,-0.007638357799705342
2023-02-10 07:00:00,1066.11,1066.28,1054.08,1055.3,405865100,-0.008204655883762735
2023-02-13 07:00:00,1050.7,1054.05,1031.7,1043.7,603924900,-0.010992134937932274
2023-02-14 07:00:00,1045.14,1046.64,1032.76,1038.64,338496800,-0.004848136437673567
2023-02-15 07:00:00,1037.11,1051.89,1034.39,1048.2,494079200,0.009204344142339949
2023-02-16 07:00:00,1051.16,1058.29,1047.45,1058.29,410294000,0.009626025567639696
2023-02-17 07:00:00,1058.99,1062.25,1053.26,1059.31,429221700,0.0009638189910137207
2023-02-20 07:00:00,1059.74,1088.01,1059.56,1086.69,632141800,0.025847013622074755
2023-02-21 07:00:00,1089.61,1095.1,1081.8,1082.23,654784700,-0.00410420635139741
2023-02-22 07:00:00,1079.72,1079.72,1054.28,1054.28,766700800,-0.02582630309638434
2023-02-23 07:00:00,1053.89,1054.48,1030.58,1053.66,635726600,-0.0005880790681791481
2023-02-24 07:00:00,1051.59,1052.49,1034.66,1039.56,397316800,-0.01338192585843645
2023-02-27 07:00:00,1029.55,1031.59,1017.55,1021.25,513919000,-0.017613220978106026
2023-02-28 07:00:00,1027.74,1034.36,1018.72,1024.68,361724100,0.0033586291309670724
2023-03-01 07:00:00,1023.29,1040.55,1013.37,1040.55,468712200,0.015487762033024932
2023-03-02 07:00:00,1039.0,1043.8,1033.07,1037.61,323479600,-0.0028254288597376886
2023-03-03 07:00:00,1038.1,1041.82,1022.78,1024.77,384762000,-0.012374591609564223
2023-03-06 07:00:00,1032.68,1042.43,1026.73,1027.18,390065700,0.0023517472213276935
2023-03-07 07:00:00,1034.62,1043.92,1033.32,1037.84,424641600,0.010377927919157148
2023-03-08 07:00:00,1028.62,1049.18,1027.8,1049.18,480649600,0.010926539736375585
2023-03-09 07:00:00,1050.65,1060.56,1049.45,1055.95,557648200,0.006452658266455691
2023-03-10 07:00:00,1051.68,1053.86,1046.31,1053.0,456782100,-0.002793692883185761
2023-03-13 07:00:00,1046.95,1055.58,1045.46,1052.8,524575300,-0.00018993352326690527
2023-03-14 07:00:00,1049.44,1051.56,1034.72,1040.13,559130000,-0.01203457446808498
2023-03-15 07:00:00,1043.82,1062.55,1043.82,1062.19,549186800,0.021208887350619543
2023-03-16 07:00:00,1056.15,1058.73,1043.65,1047.4,464145200,-0.013924062550014549
2023-03-17 07:00:00,1053.47,1055.42,1043.54,1045.14,491829800,-0.002157723887721952
2023-03-20 07:00:00,1041.91,1042.6,1022.71,1023.1,476089300,-0.021088083893067044
2023-03-21 07:00:00,1027.56,1036.15,1017.05,1032.43,381502100,0.009119343172710348
2023-03-22 07:00:00,1032.6,1042.84,1032.6,1040.54,382708900,0.007855254109237375
2023-03-23 07:00:00,1035.44,1045.1,1030.93,1045.1,369605000,0.004382339938877822
2023-03-24 07:00:00,1047.1,1052.29,1044.02,1046.79,506946000,0.0016170701368289908
2023-03-27 07:00:00,1047.78,1053.78,1041.99,1052.25,510473100,0.005215945891726248
2023-03-28 07:00:00,1055.82,1059.83,1051.75,1054.29,583110300,0.0019387027797577172
2023-03-29 07:00:00,1055.75,1056.33,1048.26,1056.33,415123800,0.0019349514839370752
2023-03-30 07:00:00,1061.32,1066.23,1056.33,1059.44,555220700,0.002944155708916929
2023-03-31 07:00:00,1059.79,1067.55,1059.79,1064.64,574243800,0.0049082534168995995
2023-04-03 07:00:00,1071.6,1079.28,1071.6,1079.28,778917800,0.013751127141568897
2023-04-04 07:00:00,1081.43,1082.21,1075.1,1078.45,746158000,-0.0007690312059891458
2023-04-05 07:00:00,1079.06,1080.86,1074.1,1080.86,706897700,0.0022346886735591376
2023-04-06 07:00:00,1083.07,1084.52,1070.91,1070.91,955351800,-0.00920563255185669
2023-04-07 07:00:00,1071.22,1072.94,1063.7,1069.71,600601100,-0.0011205423424938132
2023-04-10 07:00:00,1073.86,1075.54,1063.45,1065.35,789212200,-0.00407587103046636
2023-04-11 07:00:00,1063.78,1070.56,1056.9,1069.46,642643100,0.003857887079363742
2023-04-12 07:00:00,1071.61,1072.7,1066.43,1069.45,660883000,-9.350513343164835e-06
2023-04-13 07:00:00,1070.48,1070.96,1062.26,1064.3,595747700,-0.004815559399691471
2023-04-14 07:00:00,1067.21,1068.79,1052.89,1052.89,724480200,-0.010720661467631176
2023-04-17 07:00:00,1052.78,1054.72,1049.11,1053.81,406570600,0.0008737854856630811
2023-04-18 07:00:00,1055.65,1057.15,1050.89,1055.02,494431200,0.0011482145737846672
2023-04-19 07:00:00,1058.03,1058.14,1047.47,1048.98,496274700,-0.005725009952417981
2023-04-20 07:00:00,1049.87,1051.86,1045.85,1049.25,332580000,0.0002573928959559435
2023-04-21 07:00:00,1050.1,1050.4,1041.26,1042.91,512429100,-0.006042411246128143
2023-04-24 07:00:00,1045.28,1047.18,1038.36,1041.36,451137200,-0.0014862260405981154
2023-04-25 07:00:00,1045.87,1045.87,1032.49,1034.85,485690900,-0.0062514404240607835
2023-04-26 07:00:00,1034.18,1040.8,1029.19,1040.8,431573300,0.005749625549596571
2023-04-27 07:00:00,1041.39,1044.25,1037.62,1039.63,466451200,-0.0011241352805532179
2023-04-28 07:00:00,1043.17,1049.12,1039.63,1049.12,571699400,0.009128247549608837
2023-05-04 07:00:00,1046.05,1048.13,1038.18,1040.61,571590000,-0.008111560164709486
2023-05-05 07:00:00,1040.12,1043.22,1036.69,1040.31,439888400,-0.0002882924438549761
2023-05-08 07:00:00,1043.48,1053.44,1043.44,1053.44,591247600,0.012621237900241278
2023-05-09 07:00:00,1055.42,1058.71,1052.68,1053.77,502515300,0.00031325941676785263
2023-05-10 07:00:00,1055.62,1058.67,1053.34,1058.26,650680600,0.0042608918454691835
2023-05-11 07:00:00,1061.07,1063.69,1056.72,1057.12,681482900,-0.0010772399977322378
2023-05-12 07:00:00,1057.58,1066.9,1053.97,1066.9,688543800,0.009251551384894974
2023-05-15 07:00:00,1074.82,1076.32,1067.15,1065.71,791524900,-0.0011153810104039819
2023-05-16 07:00:00,1068.51,1069.27,1063.65,1065.91,592131700,0.0001876683150201508
2023-05-17 07:00:00,1066.13,1069.95,1060.44,1060.44,762187700,-0.005131765346042427
2023-05-18 07:00:00,1063.66,1073.41,1060.44,1068.31,590882500,0.007421447700954209
2023-05-19 07:00:00,1070.13,1070.15,1058.56,1067.07,661637200,-0.0011607117784163679
2023-05-22 07:00:00,1068.25,1070.64,1065.88,1070.64,634063400,0.0033456099412412232
2023-05-23 07:00:00,1073.12,1073.96,1062.15,1065.85,668600300,-0.004473959500859492
2023-05-24 07:00:00,1069.49,1069.61,1060.6,1061.79,682648400,-0.0038091663930196473
2023-05-25 07:00:00,1062.03,1065.5,1057.91,1064.63,614115100,0.0026747285244730357
2023-05-26 07:00:00,1066.72,1067.28,1063.76,1063.76,595849900,-0.0008171853132075135
2023-05-29 07:00:00,1066.34,1077.18,1066.34,1074.98,738474500,0.010547491915469775
2023-05-30 07:00:00,1078.82,1079.31,1071.01,1078.05,816002500,0.002855867085899133
2023-05-31 07:00:00,1078.16,1079.11,1071.38,1075.17,861773100,-0.0026714901906218502
2023-06-01 07:00:00,1076.5,1078.39,1071.61,1078.39,820193400,0.0029948752290336333
2023-06-02 07:00:00,1084.19,1092.24,1083.36,1090.84,973372400,0.011544988362280684
2023-06-05 07:00:00,1099.66,1103.81,1096.76,1097.82,893972900,0.006398738586777197
2023-06-06 07:00:00,1098.8,1108.31,1098.28,1108.31,782675900,0.009555300504636488
2023-06-07 07:00:00,1110.79,1112.28,1104.26,1109.54,930395400,0.0011097978002545528
2023-06-08 07:00:00,1111.73,1115.14,1101.32,1101.32,1211637500,-0.007408475584476437
2023-06-09 07:00:00,1103.01,1107.53,1097.23,1107.53,839731400,0.005638688119711022
2023-06-12 07:00:00,1110.26,1116.02,1100.08,1116.02,726269400,0.0076657065722824935
2023-06-13 07:00:00,1117.33,1122.46,1116.1,1122.46,870411600,0.005770505904912238
2023-06-14 07:00:00,1124.56,1129.49,1117.42,1117.42,845985500,-0.004490137733193178
2023-06-15 07:00:00,1116.99,1120.13,1112.11,1116.97,675615200,-0.00040271339335262724
2023-06-16 07:00:00,1117.08,1128.92,1112.51,1115.22,1075388700,-0.0015667385874285067
2023-06-19 07:00:00,1115.59,1117.23,1104.73,1105.4,723615800,-0.008805437492154011
2023-06-20 07:00:00,1105.75,1111.72,1102.58,1111.72,593021300,0.005717387371087401
2023-06-21 07:00:00,1112.73,1118.46,1110.65,1118.46,800466000,0.006062677652646453
2023-06-22 07:00:00,1126.21,1127.54,1122.27,1125.3,828954300,0.0061155517407862625
2023-06-23 07:00:00,1126.4,1130.61,1122.62,1129.38,857067500,0.003625699813383232
2023-06-26 07:00:00,1130.08,1134.0,1119.95,1132.03,955006800,0.002346420159733631
2023-06-27 07:00:00,1134.36,1136.49,1128.82,1134.33,641633700,0.002031748275222345
2023-06-28 07:00:00,1135.78,1140.56,1131.86,1138.35,772870700,0.003543942239030873
2023-06-29 07:00:00,1139.42,1140.43,1125.39,1125.39,839096000,-0.01138489919620489
2023-06-30 07:00:00,1125.32,1126.33,1120.01,1120.18,543467000,-0.00462950621562308
2023-07-03 07:00:00,1124.96,1128.35,1121.17,1125.5,502324200,0.0047492367298112015
2023-07-04 07:00:00,1127.15,1132.12,1123.49,1132.0,638567700,0.005775211017325699
2023-07-05 07:00:00,1136.64,1138.67,1133.45,1134.62,744832500,0.002314487632508744
2023-07-06 07:00:00,1134.49,1135.81,1122.35,1126.22,870574400,-0.007403359715146829
2023-07-07 07:00:00,1124.98,1138.07,1122.94,1138.07,713850500,0.01052192289250753
2023-07-10 07:00:00,1142.76,1149.02,1140.03,1149.02,814696500,0.00962155227710082
2023-07-11 07:00:00,1149.38,1157.01,1149.38,1151.77,851005600,0.0023933438930567874
2023-07-12 07:00:00,1153.72,1157.43,1149.28,1154.2,696536100,0.002109796226677174
2023-07-13 07:00:00,1159.75,1165.42,1158.15,1165.42,760650800,0.009721018887541177
2023-07-14 07:00:00,1169.2,1169.84,1156.28,1168.4,973749100,0.0025570180707383816
2023-07-17 07:00:00,1171.75,1174.89,1168.4,1173.13,851144600,0.004048271140020487
2023-07-18 07:00:00,1173.15,1175.7,1170.04,1174.09,755379600,0.0008183236299470487
2023-07-19 07:00:00,1177.5,1178.55,1172.98,1172.98,798154200,-0.0009454130432929864
2023-07-20 07:00:00,1171.83,1174.39,1166.62,1172.81,739529900,-0.0001449300073318449
2023-07-21 07:00:00,1173.21,1185.9,1172.07,1185.9,896244200,0.011161228161424397
2023-07-24 07:00:00,1190.77,1193.22,1183.39,1190.72,988720500,0.0040644236444893345
2023-07-25 07:00:00,1194.45,1199.27,1193.34,1195.9,918186800,0.004350309056705193
2023-07-26 07:00:00,1196.33,1200.84,1195.44,1200.84,848117200,0.004130780165565451
2023-07-27 07:00:00,1201.69,1203.69,1191.08,1197.33,1078942000,-0.0029229539322473963
2023-07-28 07:00:00,1197.58,1207.67,1195.86,1207.67,1045384000,0.008635881503010978
2023-07-31 07:00:00,1219.66,1224.81,1212.81,1222.9,1122987500,0.012611060968642063
2023-08-01 07:00:00,1230.32,1234.5,1217.56,1217.56,1206705300,-0.004366669392427913
2023-08-02 07:00:00,1216.68,1223.04,1213.18,1220.43,849434300,0.002357173363119802
2023-08-03 07:00:00,1219.73,1222.35,1209.06,1210.95,978923300,-0.0077677539883483915
2023-08-04 07:00:00,1211.9,1228.12,1211.9,1225.98,1086883100,0.012411742846525353
2023-08-07 07:00:00,1233.1,1241.42,1225.98,1241.42,1114331800,0.012594006427511184
2023-08-08 07:00:00,1243.38,1246.22,1239.01,1242.23,1115494500,0.0006524786132009464
2023-08-09 07:00:00,1240.71,1241.96,1231.28,1233.99,1011321100,-0.006633232171176062
2023-08-10 07:00:00,1236.51,1238.19,1220.61,1220.61,982441100,-0.010842875550045039
2023-08-11 07:00:00,1228.78,1232.21,1213.37,1232.21,983635900,0.009503444998812283
2023-08-14 07:00:00,1237.14,1239.61,1229.34,1236.84,1032952400,0.0037574764041843345
2023-08-15 07:00:00,1239.42,1239.42,1230.58,1234.05,850306500,-0.0022557485204229843
2023-08-16 07:00:00,1239.95,1243.48,1235.27,1243.26,865531300,0.007463230825331291
2023-08-17 07:00:00,1242.58,1243.98,1233.48,1233.48,1050181000,-0.007866415713527308
2023-08-18 07:00:00,1227.18,1228.98,1177.74,1177.99,1583022900,-0.04498654214093456
2023-08-21 07:00:00,1178.39,1188.16,1164.63,1179.76,1000968600,0.0015025594444775248
2023-08-22 07:00:00,1183.92,1184.43,1149.13,1180.49,979999200,0.0006187699193056506
2023-08-23 07:00:00,1193.32,1193.79,1168.89,1172.56,653730100,-0.00671754949216008
2023-08-24 07:00:00,1175.2,1189.99,1171.33,1189.39,790038300,0.014353210070273681
2023-08-25 07:00:00,1189.37,1192.59,1181.6,1183.37,812317900,-0.0050614180378179
2023-08-28 07:00:00,1189.87,1202.02,1189.43,1201.72,763534500,0.01550656176850862
2023-08-29 07:00:00,1204.76,1208.78,1197.57,1204.43,904324000,0.002255101021868766
2023-08-30 07:00:00,1206.1,1213.52,1203.51,1213.16,864559000,0.007248241906960162
2023-08-31 07:00:00,1214.32,1224.84,1214.32,1224.05,887111900,0.008976557090573323
2023-09-05 07:00:00,1231.65,1236.21,1228.7,1234.98,983260400,0.008929373800089957
2023-09-06 07:00:00,1237.42,1245.5,1229.89,1245.5,1067480700,0.008518356572576158
2023-09-07 07:00:00,1247.07,1255.11,1240.82,1243.14,1099761600,-0.0018948213568846795
2023-09-08 07:00:00,1241.93,1248.1,1240.15,1241.48,973560500,-0.001335328281609538
2023-09-11 07:00:00,1245.58,1251.37,1223.33,1223.63,1222447000,-0.014378000451074402
2023-09-12 07:00:00,1223.55,1245.44,1220.85,1245.44,880808100,0.017824015429500628
2023-09-13 07:00:00,1249.06,1250.61,1232.84,1238.39,1136967200,-0.005660650051387384
2023-09-14 07:00:00,1238.21,1244.21,1223.03,1223.81,1159894000,-0.011773350883001465
2023-09-15 07:00:00,1225.9,1233.87,1220.27,1227.36,868066900,0.002900777081409567
2023-09-18 07:00:00,1225.6,1227.36,1203.88,1211.81,762110800,-0.012669469430321989
2023-09-19 07:00:00,1215.96,1219.57,1199.85,1211.5,880971700,-0.00025581568067600813
2023-09-20 07:00:00,1212.76,1226.11,1209.46,1226.11,763034400,0.012059430458109643
2023-09-21 07:00:00,1227.28,1227.88,1211.65,1212.74,923870000,-0.010904404988133165
2023-09-22 07:00:00,1197.49,1205.41,1174.57,1193.05,1317432800,-0.016235961541633093
2023-09-25 07:00:00,1190.58,1195.62,1153.2,1153.2,916538500,-0.033401785340094636
2023-09-26 07:00:00,1150.94,1163.52,1137.96,1137.96,957913900,-0.013215400624349671
2023-09-27 07:00:00,1139.65,1153.85,1126.36,1153.85,777264400,0.01396358395725672
2023-09-28 07:00:00,1153.78,1155.39,1136.99,1152.43,649062500,-0.0012306625644580294
2023-09-29 07:00:00,1157.76,1163.88,1152.43,1154.15,535931100,0.0014924984597763924
2023-10-02 07:00:00,1155.36,1161.48,1149.63,1155.25,465546100,0.0009530823549797063
2023-10-03 07:00:00,1145.94,1146.59,1117.28,1118.1,940147700,-0.032157541657649946
2023-10-04 07:00:00,1113.25,1133.79,1106.4,1128.67,646114500,0.0094535372506932
2023-10-05 07:00:00,1131.29,1133.12,1113.89,1113.89,556516000,-0.013095058786004699
2023-10-06 07:00:00,1115.13,1129.13,1107.4,1128.54,586082400,0.013152106581439726
2023-10-09 07:00:00,1130.38,1137.36,1127.03,1137.36,545012000,0.00781540751767773
2023-10-10 07:00:00,1140.83,1150.34,1140.83,1143.69,627950000,0.005565520151930903
2023-10-11 07:00:00,1146.08,1150.81,1138.22,1150.81,496702300,0.006225463193697545
2023-10-12 07:00:00,1151.81,1156.73,1148.11,1151.61,619607000,0.0006951625376907522
2023-10-13 07:00:00,1144.5,1155.1,1138.99,1154.73,593801400,0.0027092505275223555
2023-10-16 07:00:00,1154.87,1157.46,1140.64,1141.42,622999800,-0.011526504031245333
2023-10-17 07:00:00,1145.34,1147.89,1121.65,1121.65,566555000,-0.017320530567188186
2023-10-18 07:00:00,1123.58,1125.27,1088.87,1103.4,913483700,-0.016270672669727593
2023-10-19 07:00:00,1104.03,1104.03,1087.85,1087.85,615746700,-0.014092804060177766
2023-10-20 07:00:00,1087.73,1108.16,1073.73,1108.03,592527800,0.018550351610975735
2023-10-23 07:00:00,1106.38,1106.8,1086.54,1093.53,500482000,-0.013086288277393221
2023-10-24 07:00:00,1094.77,1107.3,1088.17,1105.9,443128900,0.01131198961162494
2023-10-25 07:00:00,1106.1,1111.39,1100.64,1101.66,482997000,-0.003833981372637685
2023-10-26 07:00:00,1081.21,1083.22,1049.71,1055.45,1129481400,-0.04194579089737305
2023-10-27 07:00:00,1059.57,1061.87,1037.46,1060.62,638920300,0.004898384575299453
2023-10-30 07:00:00,1054.03,1060.62,1042.4,1042.4,465837000,-0.01717863136655895
2023-10-31 07:00:00,1043.83,1046.17,1025.03,1028.19,705940300,-0.013632003069838916
2023-11-01 07:00:00,1029.43,1039.66,1020.01,1039.66,603502200,0.01115552572968026
2023-11-02 07:00:00,1039.86,1075.47,1039.86,1075.47,735677500,0.03444395283073298
2023-11-03 07:00:00,1077.64,1082.23,1071.11,1076.78,703784300,0.0012180720987102767
2023-11-06 07:00:00,1082.21,1089.66,1076.78,1089.66,571437300,0.011961589182562848
2023-11-07 07:00:00,1086.68,1089.89,1079.42,1080.29,535907500,-0.008599012536020467
2023-11-08 07:00:00,1079.65,1113.43,1075.8,1113.43,886220500,0.03067694785659425
2023-11-09 07:00:00,1117.06,1124.78,1112.13,1113.89,996860000,0.0004131377814502457
2023-11-10 07:00:00,1104.62,1116.02,1101.23,1101.68,945389300,-0.010961585075725644
2023-11-13 07:00:00,1103.66,1107.91,1093.19,1100.07,730190300,-0.00146140440055198
2023-11-14 07:00:00,1106.44,1115.6,1101.67,1109.73,766022100,0.008781259374403438
2023-11-15 07:00:00,1120.35,1132.75,1118.74,1122.5,882296600,0.01150730357834795
2023-11-16 07:00:00,1119.81,1125.53,1114.97,1125.53,605124900,0.002699331848552422
2023-11-17 07:00:00,1127.92,1129.84,1096.16,1101.19,1175535600,-0.021625367604595103
2023-11-20 07:00:00,1089.99,1111.26,1085.32,1103.66,750883200,0.0022430279969851696
2023-11-21 07:00:00,1104.52,1112.77,1103.79,1110.46,601828500,0.00616131779714757
2023-11-22 07:00:00,1111.35,1115.47,1103.26,1113.82,812231500,0.0030257731030383095
2023-11-23 07:00:00,1116.32,1118.54,1088.49,1088.49,952327300,-0.022741556086261605
2023-11-24 07:00:00,1090.72,1095.61,1073.31,1095.61,900833700,0.006541171714944394
2023-11-27 07:00:00,1095.59,1096.84,1085.69,1088.06,507177400,-0.00689113827000476
2023-11-28 07:00:00,1088.54,1095.43,1076.45,1095.43,593255200,0.006773523518923685
2023-11-29 07:00:00,1097.28,1105.28,1095.43,1102.8,562813100,0.006727951580657754
2023-11-30 07:00:00,1101.75,1107.45,1094.13,1094.13,659979600,-0.007861806311207697
2023-12-01 07:00:00,1099.18,1102.2,1090.08,1102.16,569333300,0.007339164450293811
2023-12-04 07:00:00,1107.74,1123.96,1102.16,1120.49,1038038200,0.016630979168178683
2023-12-05 07:00:00,1122.28,1124.11,1113.55,1115.97,753445900,-0.004033949432837414
2023-12-06 07:00:00,1118.06,1126.43,1115.97,1126.43,776768800,0.00937301181931427
2023-12-07 07:00:00,1127.52,1129.83,1109.51,1121.49,1298392700,-0.004385536606802076
2023-12-08 07:00:00,1121.78,1127.46,1119.43,1124.44,737605100,0.00263042916120515
2023-12-11 07:00:00,1127.92,1129.15,1120.32,1125.5,618307400,0.0009426914730887859
2023-12-12 07:00:00,1127.85,1129.77,1123.35,1127.63,539184200,0.0018924922256775556
2023-12-13 07:00:00,1130.19,1131.21,1112.08,1114.2,763977100,-0.011909934996408467
2023-12-14 07:00:00,1118.14,1120.36,1107.86,1110.13,603922700,-0.0036528450906478938
2023-12-15 07:00:00,1109.36,1112.79,1102.3,1102.3,684449900,-0.007053228000324374
2023-12-18 07:00:00,1103.36,1103.74,1091.45,1091.88,544297600,-0.009452961988569264
2023-12-19 07:00:00,1091.9,1096.3,1082.29,1096.3,561157600,0.0040480638898046095
2023-12-20 07:00:00,1097.62,1102.27,1093.38,1100.76,470483400,0.004068229499224696
2023-12-21 07:00:00,1096.22,1102.43,1094.47,1102.43,451416900,0.001517133616773858
2023-12-22 07:00:00,1102.23,1104.65,1099.32,1103.06,496287600,0.0005714648549113299
2023-12-25 07:00:00,1104.46,1118.31,1104.27,1117.66,550839600,0.013235907384911094
2023-12-26 07:00:00,1118.3,1123.11,1117.93,1122.25,575288900,0.004106794552905191
2023-12-27 07:00:00,1123.49,1126.47,1121.99,1121.99,570737700,-0.00023167743372687344
2023-12-28 07:00:00,1122.77,1130.58,1120.5,1128.93,608466000,0.006185438372890983
2023-12-29 07:00:00,1131.68,1135.05,1129.93,1129.93,616484900,0.0008857945133888823
2024-01-02 07:00:00,1138.01,1139.71,1128.69,1131.72,777337200,0.0015841689308186968
2024-01-03 07:00:00,1131.97,1144.17,1128.32,1144.17,657568100,0.01100095429965009
2024-01-04 07:00:00,1145.49,1160.08,1144.17,1150.72,1141608900,0.00572467378099395
2024-01-05 07:00:00,1151.43,1155.84,1149.08,1154.68,760282600,0.0034413236929922153
2024-01-08 07:00:00,1157.54,1162.56,1155.48,1160.19,814410600,0.004771884851214159
2024-01-09 07:00:00,1161.45,1162.83,1155.46,1158.59,799457700,-0.001379084460303992
2024-01-10 07:00:00,1158.82,1166.1,1155.94,1161.54,935719400,0.0025461983963266377
2024-01-11 07:00:00,1162.49,1169.1,1157.43,1162.22,782237200,0.0005854296881726562
2024-01-12 07:00:00,1159.25,1161.91,1146.75,1154.7,1037940400,-0.006470375660374117
2024-01-15 07:00:00,1158.33,1163.75,1154.12,1154.12,559640600,-0.0005022949683901601
2024-01-16 07:00:00,1149.93,1163.12,1147.71,1163.12,570974600,0.007798149239247154
2024-01-17 07:00:00,1161.95,1168.46,1160.45,1162.53,694094400,-0.0005072563450030376
2024-01-18 07:00:00,1164.35,1169.73,1162.62,1169.06,569563600,0.005617059344705133
2024-01-19 07:00:00,1171.5,1181.5,1169.06,1181.5,630781700,0.01064102783432852
2024-01-22 07:00:00,1185.6,1186.96,1175.54,1182.86,770796000,0.001151079136690658
2024-01-23 07:00:00,1184.13,1184.74,1173.78,1177.5,600595700,-0.004531390020796944
2024-01-24 07:00:00,1175.58,1180.3,1172.0,1172.97,644055900,-0.0038471337579617515
2024-01-25 07:00:00,1173.7,1173.83,1168.5,1170.37,480699500,-0.002216595479850425
2024-01-26 07:00:00,1173.26,1176.76,1173.26,1175.67,498217000,0.004528482445722348
2024-01-29 07:00:00,1177.23,1180.46,1174.88,1175.69,552811300,1.701157637779005e-05
2024-01-30 07:00:00,1175.97,1179.92,1174.13,1179.65,564656400,0.0033682348238055493
2024-01-31 07:00:00,1181.81,1182.53,1163.13,1164.31,1022547900,-0.013003857076251513
2024-02-01 07:00:00,1162.6,1174.5,1162.45,1173.02,578639500,0.007480825553332071
2024-02-02 07:00:00,1174.25,1178.27,1169.7,1172.55,790756000,-0.0004006751803038444
2024-02-05 07:00:00,1174.41,1188.45,1173.54,1186.06,769953100,0.011521896720822156
2024-02-06 07:00:00,1188.22,1190.92,1185.68,1188.48,566198900,0.0020403689526669044
2024-02-07 07:00:00,1190.68,1199.52,1190.5,1198.53,664714300,0.008456179321486124
2024-02-15 07:00:00,1203.08,1207.56,1198.53,1202.5,843733100,0.00331239101232339
2024-02-16 07:00:00,1205.3,1210.25,1204.29,1209.7,783875500,0.0059875259875259434
2024-02-19 07:00:00,1213.38,1225.48,1212.58,1224.97,975154800,0.012622964371331813
2024-02-20 07:00:00,1228.08,1230.47,1222.66,1230.06,843779800,0.0041552038009093906
2024-02-21 07:00:00,1231.5,1234.22,1222.92,1230.04,886110400,-1.62593694615909e-05
2024-02-22 07:00:00,1230.65,1232.09,1226.15,1227.31,795021800,-0.0022194400182108387
2024-02-23 07:00:00,1228.21,1240.81,1211.55,1212.0,1245742100,-0.012474435961574493
2024-02-26 07:00:00,1213.65,1225.21,1210.52,1224.17,834749900,0.01004125412541268
2024-02-27 07:00:00,1228.98,1237.6,1226.49,1237.46,916784900,0.010856335312905863
2024-02-28 07:00:00,1242.06,1254.55,1236.32,1254.55,899523200,0.013810547411633456
2024-02-29 07:00:00,1257.56,1264.39,1247.7,1252.73,1012951600,-0.0014507193814514707
2024-03-01 07:00:00,1256.72,1258.76,1247.87,1258.28,890614800,0.004430324172008282
2024-03-04 07:00:00,1264.07,1268.25,1256.54,1261.41,1060738400,0.002487522649966767
2024-03-05 07:00:00,1262.89,1269.98,1257.81,1269.98,927988200,0.006793984509398054
2024-03-06 07:00:00,1270.05,1277.51,1256.3,1262.73,1001224394,-0.005708751318918459
2024-03-07 07:00:00,1263.51,1269.88,1260.24,1268.46,948074000,0.004537787175405761
2024-03-08 07:00:00,1270.14,1274.3,1247.35,1247.35,1308498300,-0.01664222758305356
2024-03-11 07:00:00,1248.54,1254.01,1233.49,1235.49,922753300,-0.009508157293462105
2024-03-12 07:00:00,1234.87,1248.33,1233.14,1245.0,792213500,0.0076973508486510855
2024-03-13 07:00:00,1245.25,1270.51,1245.25,1270.51,890291900,0.02048995983935753
2024-03-14 07:00:00,1272.16,1276.41,1258.67,1264.26,1021281000,-0.004919284381862399
2024-03-15 07:00:00,1263.46,1271.63,1252.36,1263.78,1008834600,-0.00037966873902517406
2024-03-18 07:00:00,1264.17,1269.9,1221.67,1243.56,1616423600,-0.015999620187057917
2024-03-19 07:00:00,1246.54,1249.75,1238.92,1242.46,782479600,-0.0008845572388946898
2024-03-20 07:00:00,1243.78,1261.55,1235.46,1260.08,859094600,0.014181543067784741
2024-03-21 07:00:00,1268.02,1276.42,1264.2,1276.42,1135242300,0.012967430639324595
2024-03-22 07:00:00,1281.56,1291.27,1276.38,1281.8,1180774200,0.004214913586436886
2024-03-25 07:00:00,1281.63,1286.84,1264.51,1267.86,1165944800,-0.010875331564986768
2024-03-26 07:00:00,1267.95,1282.5,1264.42,1282.21,858426100,0.011318284353162067
2024-03-27 07:00:00,1284.59,1286.72,1276.95,1283.09,803249600,0.0006863150341986923
2024-03-28 07:00:00,1293.9,1293.9,1285.52,1290.18,888388100,0.005525723059177645
2024-03-29 07:00:00,1292.7,1293.04,1282.44,1284.09,790542600,-0.004720271590010761
2024-04-01 07:00:00,1282.37,1286.8,1274.09,1281.52,899388500,-0.002001417346136125
2024-04-02 07:00:00,1275.83,1287.04,1268.48,1287.04,1031022100,0.004307384980335893
2024-04-03 07:00:00,1285.26,1288.99,1271.47,1271.47,995560400,-0.01209752610641468
2024-04-04 07:00:00,1272.91,1277.62,1265.12,1268.25,921606500,-0.002532501749943017
2024-04-05 07:00:00,1258.58,1265.14,1253.56,1255.11,1034849200,-0.010360733293908964
2024-04-08 07:00:00,1255.51,1258.4,1246.87,1250.35,790344900,-0.00379249627522682
2024-04-09 07:00:00,1252.4,1262.82,1247.7,1262.82,648177200,0.00997320750189945
2024-04-10 07:00:00,1266.52,1268.72,1258.56,1258.56,633149400,-0.003373402385138058
2024-04-11 07:00:00,1255.46,1262.03,1248.11,1258.2,642873900,-0.00028604118993125205
2024-04-12 07:00:00,1259.02,1278.39,1259.02,1276.6,696705300,0.014624066126212032
2024-04-15 07:00:00,1276.16,1281.81,1216.61,1216.61,1056598900,-0.046992010026633224
2024-04-16 07:00:00,1216.65,1222.45,1191.73,1215.68,1214696500,-0.0007644191647281362
2024-04-17 07:00:00,1215.98,1221.47,1193.01,1193.01,766171800,-0.018647999473545673
2024-04-19 07:00:00,1188.47,1190.96,1165.99,1174.85,1024630300,-0.015222001492024462
2024-04-22 07:00:00,1183.77,1193.88,1181.13,1190.22,615914300,0.013082521172915751
2024-04-23 07:00:00,1189.98,1192.8,1169.61,1177.4,672945800,-0.010771117944581632
2024-04-24 07:00:00,1186.47,1207.61,1177.4,1205.61,691475300,0.023959571938168667
2024-04-25 07:00:00,1206.52,1208.41,1200.21,1204.97,489174900,-0.0005308516020934295
2024-04-26 07:00:00,1199.6,1216.6,1198.73,1209.52,574409200,0.0037760276189449105
2024-05-02 07:00:00,1212.13,1216.36,1206.28,1216.36,513763800,0.0056551359216878705
2024-05-03 07:00:00,1219.75,1225.75,1218.33,1221.03,567269900,0.0038393238843763555
2024-05-06 07:00:00,1227.25,1241.58,1224.22,1241.58,666198300,0.016830053315643356
2024-05-07 07:00:00,1246.25,1250.63,1240.09,1248.63,592485900,0.005678248683129716
2024-05-08 07:00:00,1243.61,1251.62,1234.76,1250.46,819607600,0.001465606304509759
2024-05-09 07:00:00,1254.12,1256.8,1243.29,1248.64,638850100,-0.0014554643891047103
2024-05-10 07:00:00,1252.04,1252.5,1237.46,1244.7,593429800,-0.0031554331112250145
2024-05-13 07:00:00,1248.19,1249.2,1233.56,1240.18,636191500,-0.0036313971238048914
2024-05-14 07:00:00,1247.49,1252.52,1240.88,1243.28,529153100,0.002499637149445899
2024-05-15 07:00:00,1248.61,1257.92,1243.28,1254.39,759159700,0.008936040151856561
2024-05-16 07:00:00,1264.69,1271.66,1261.19,1268.78,808769400,0.011471711349739566
2024-05-17 07:00:00,1270.49,1274.27,1266.32,1273.11,830841100,0.003412727186746345
2024-05-20 07:00:00,1281.52,1285.19,1277.36,1277.58,957652300,0.0035110870231165325
2024-05-21 07:00:00,1278.44,1281.29,1267.29,1277.14,840139100,-0.0003444011333927355
2024-05-22 07:00:00,1280.47,1283.06,1263.87,1266.91,987232400,-0.008010085033747338
2024-05-23 07:00:00,1266.02,1281.03,1262.29,1281.03,833709000,0.011145227364216748
2024-05-24 07:00:00,1280.77,1285.07,1250.28,1261.93,1179910300,-0.01490987720818393
2024-05-27 07:00:00,1263.46,1267.68,1257.27,1267.68,598637500,0.004556512643332011
2024-05-28 07:00:00,1272.85,1281.73,1269.37,1281.73,744100500,0.011083238672220164
2024-05-29 07:00:00,1284.74,1285.63,1271.6,1272.64,967116000,-0.0070919772494986155
2024-05-30 07:00:00,1267.62,1269.07,1251.8,1266.32,958531600,-0.004966054815187415
2024-05-31 07:00:00,1268.86,1271.07,1261.43,1261.72,617748900,-0.003632573125276317
2024-06-03 07:00:00,1272.37,1284.48,1271.65,1280.0,930997200,0.014488159021018854
2024-06-04 07:00:00,1286.14,1289.31,1281.98,1283.52,785860800,0.00275000000000003
2024-06-05 07:00:00,1284.36,1293.93,1284.35,1284.35,810156400,0.0006466591872349436
2024-06-06 07:00:00,1288.79,1292.02,1278.4,1283.56,797941200,-0.0006150971308443998
2024-06-07 07:00:00,1284.99,1293.03,1283.13,1287.58,604686400,0.0031319143631773905
2024-06-10 07:00:00,1292.89,1297.39,1287.44,1290.67,778972900,0.002399850883052057
2024-06-11 07:00:00,1295.04,1296.41,1279.47,1284.41,859304400,-0.004850194085242565
2024-06-12 07:00:00,1285.2,1301.35,1281.71,1300.19,769901500,0.012285796591431142
2024-06-13 07:00:00,1305.69,1306.01,1297.6,1301.51,829312700,0.001015236234704009
2024-06-14 07:00:00,1303.37,1305.02,1279.91,1279.91,1009525700,-0.016596107598097487
2024-06-17 07:00:00,1281.85,1283.1,1272.54,1274.77,779686100,-0.004015907368486893
2024-06-18 07:00:00,1280.29,1286.52,1278.38,1279.5,633180900,0.0037104732618433722
2024-06-19 07:00:00,1283.0,1284.14,1270.66,1279.79,767825600,0.00022665103556063215
2024-06-20 07:00:00,1280.98,1286.54,1273.54,1282.3,818094800,0.0019612592690987363
2024-06-21 07:00:00,1284.99,1288.06,1279.44,1282.02,702735900,-0.0002183576386181052
2024-06-24 07:00:00,1281.19,1284.84,1252.66,1254.12,1098142200,-0.021762531005756647
2024-06-25 07:00:00,1256.11,1260.07,1250.25,1256.56,547152400,0.001945587344113875
2024-06-26 07:00:00,1258.42,1262.67,1247.55,1261.24,589079700,0.003724454065066496
2024-06-27 07:00:00,1260.71,1262.49,1255.12,1259.09,469667500,-0.001704671593035445
2024-06-28 07:00:00,1260.77,1262.61,1240.15,1245.32,671599000,-0.010936469990231013
2024-07-01 07:00:00,1245.22,1254.56,1240.07,1254.56,432927800,0.00741977965502838
2024-07-02 07:00:00,1258.96,1270.47,1257.93,1269.79,470400200,0.012139714322152884
2024-07-03 07:00:00,1269.96,1278.14,1268.23,1276.85,501951100,0.005559974483969832
2024-07-04 07:00:00,1279.12,1283.13,1274.58,1279.89,475717900,0.0023808591455536376
2024-07-05 07:00:00,1281.21,1284.98,1276.93,1283.04,589226400,0.0024611490049926132
2024-07-08 07:00:00,1285.79,1287.14,1277.68,1283.56,664000500,0.00040528744232437575
2024-07-09 07:00:00,1286.7,1294.15,1283.62,1293.71,757408500,0.007907694225435469
2024-07-10 07:00:00,1295.78,1297.96,1285.94,1285.94,678093600,-0.006005982793670928
2024-07-11 07:00:00,1291.17,1293.32,1283.8,1283.8,636332300,-0.0016641522932641095
2024-07-12 07:00:00,1284.57,1288.67,1277.16,1280.75,546830500,-0.002375759464090965
2024-07-15 07:00:00,1281.0,1286.37,1276.27,1279.82,474359200,-0.0007261370290845282
2024-07-16 07:00:00,1280.64,1291.47,1279.37,1281.18,637199000,0.0010626494350769455
2024-07-17 07:00:00,1287.48,1290.76,1256.42,1268.66,1082362800,-0.009772241215129762
2024-07-18 07:00:00,1271.15,1274.67,1256.21,1274.44,652389000,0.0045559882080306036
2024-07-19 07:00:00,1275.28,1279.94,1260.68,1264.78,726065300,-0.007579799755186634
2024-07-22 07:00:00,1261.42,1267.43,1245.02,1254.64,834239700,-0.008017204573127268
2024-07-23 07:00:00,1256.36,1258.74,1231.81,1231.81,662804800,-0.018196454759931258
2024-07-24 07:00:00,1226.06,1242.4,1218.65,1238.47,658299500,0.005406677977934926
2024-07-25 07:00:00,1232.92,1235.67,1226.2,1233.19,421019600,-0.004263324908960198
2024-07-26 07:00:00,1235.08,1242.11,1234.05,1242.11,417284900,0.00723327305605781
2024-07-29 07:00:00,1245.91,1249.68,1243.08,1246.6,464637300,0.0036148167231566664
2024-07-30 07:00:00,1247.23,1248.73,1236.97,1245.06,602301200,-0.001235360179688727
2024-07-31 07:00:00,1246.7,1255.77,1246.3,1251.51,685428100,0.005180473230205873
2024-08-01 07:00:00,1254.59,1257.85,1222.51,1226.96,852237400,-0.019616303505365473
2024-08-02 07:00:00,1222.35,1236.6,1209.77,1236.6,657669700,0.007856816848144987
2024-08-05 07:00:00,1219.23,1236.6,1184.53,1188.07,942540200,-0.039244703218502375
2024-08-06 07:00:00,1198.53,1213.35,1186.74,1210.28,612793000,0.018694184686087523
2024-08-07 07:00:00,1216.96,1217.79,1205.11,1215.88,510188600,0.004627028456225091
2024-08-08 07:00:00,1211.83,1219.97,1202.58,1208.32,639434200,-0.006217718853834375
2024-08-09 07:00:00,1215.3,1225.02,1208.32,1223.64,544377600,0.012678760593220373
2024-08-12 07:00:00,1225.95,1231.46,1221.16,1230.28,494612600,0.0054264326108985905
2024-08-13 07:00:00,1229.81,1231.55,1223.01,1230.42,488354400,0.00011379523360544042
2024-08-14 07:00:00,1233.7,1236.51,1228.93,1230.36,443207500,-4.8763836738796584e-05
2024-08-15 07:00:00,1230.2,1231.69,1222.28,1223.56,432238900,-0.0055268376735264635
2024-08-16 07:00:00,1225.73,1253.24,1225.73,1252.23,917109200,0.023431625747817986
2024-08-19 07:00:00,1258.48,1263.84,1252.23,1261.62,609857600,0.007498622457535742
2024-08-20 07:00:00,1263.65,1275.95,1261.62,1272.55,772116400,0.008663464434615964
2024-08-21 07:00:00,1272.05,1284.05,1268.91,1284.05,715821800,0.009036973006954607
2024-08-22 07:00:00,1287.34,1288.42,1280.42,1282.78,612390700,-0.0009890580584868136
2024-08-23 07:00:00,1283.22,1287.43,1276.43,1285.32,635715300,0.0019800745256395302
2024-08-26 07:00:00,1287.89,1290.45,1278.72,1280.02,692148600,-0.004123486758161321
2024-08-27 07:00:00,1279.55,1282.92,1274.7,1280.56,589971400,0.00042186840830615857
2024-08-28 07:00:00,1283.6,1285.72,1276.9,1281.44,658164100,0.0006871993502843843
2024-08-29 07:00:00,1281.05,1288.2,1280.24,1281.47,581218200,2.341116244219954e-05
2024-08-30 07:00:00,1283.16,1286.84,1282.58,1283.87,510781800,0.0018728491498043454
2024-09-04 07:00:00,1273.86,1277.27,1268.43,1275.8,588167700,-0.006285683129911845
2024-09-05 07:00:00,1276.46,1282.21,1266.05,1268.21,594459100,-0.00594920833986512
2024-09-06 07:00:00,1268.22,1274.44,1262.94,1273.96,514945000,0.004533949424779804
2024-09-09 07:00:00,1269.83,1273.96,1262.97,1267.73,433866000,-0.00489026343056298
2024-09-10 07:00:00,1270.31,1271.83,1252.22,1255.23,601503900,-0.00986014372145494
2024-09-11 07:00:00,1253.07,1256.86,1244.79,1253.27,517736700,-0.0015614668228133288
2024-09-12 07:00:00,1258.42,1260.93,1253.27,1256.35,381113000,0.0024575709942789015
2024-09-13 07:00:00,1253.69,1254.24,1248.78,1251.71,383574300,-0.003693238349186001
2024-09-16 07:00:00,1251.0,1255.42,1239.26,1239.26,453594700,-0.009946393333919223
2024-09-17 07:00:00,1239.99,1258.95,1238.69,1258.95,460745200,0.0158885141132612
2024-09-18 07:00:00,1261.23,1271.77,1257.93,1264.9,598425800,0.004726160689463521
2024-09-19 07:00:00,1268.28,1271.27,1264.82,1271.27,477857400,0.005035971223021463
2024-09-20 07:00:00,1277.73,1283.3,1271.27,1272.04,840427500,0.0006056935190792423
2024-09-23 07:00:00,1275.15,1276.99,1267.87,1268.48,455722900,-0.0027986541303731682
2024-09-24 07:00:00,1268.25,1276.99,1266.68,1276.99,493764800,0.006708816851664912
2024-09-25 07:00:00,1283.04,1288.44,1280.47,1287.48,904058400,0.008214629715189714
2024-09-26 07:00:00,1290.03,1298.71,1289.15,1291.49,889834500,0.003114611489110519
2024-09-27 07:00:00,1295.03,1300.31,1287.21,1290.92,874903600,-0.0004413506879650253
2024-09-30 07:00:00,1290.94,1292.03,1283.92,1287.94,693267200,-0.0023084311963561532
2024-10-01 07:00:00,1290.68,1302.22,1290.68,1292.2,922549900,0.00330760749724357
2024-10-02 07:00:00,1289.5,1293.69,1285.14,1287.84,677770900,-0.0033740906980344043
2024-10-03 07:00:00,1288.64,1299.36,1276.51,1278.1,1009745900,-0.00756305131072188
2024-10-04 07:00:00,1278.9,1279.33,1270.6,1270.6,568802900,-0.0058680854393240445
2024-10-07 07:00:00,1275.82,1278.61,1264.65,1269.93,497177600,-0.0005273099323153119
2024-10-08 07:00:00,1271.82,1275.82,1266.94,1271.98,650356800,0.0016142622034285292
2024-10-09 07:00:00,1273.96,1283.01,1271.98,1281.85,643356300,0.007759555967861154
2024-10-10 07:00:00,1286.73,1294.33,1284.97,1286.36,665300300,0.0035183523813238082
2024-10-11 07:00:00,1288.11,1289.37,1283.56,1288.39,479873200,0.0015780963338414278
2024-10-14 07:00:00,1289.21,1297.67,1286.13,1286.34,670466100,-0.001591133119630106
2024-10-15 07:00:00,1287.81,1294.05,1279.81,1281.08,675124700,-0.0040891210721892834
2024-10-16 07:00:00,1279.86,1283.33,1276.4,1279.48,482243100,-0.001248946201642287
2024-10-17 07:00:00,1282.65,1286.52,1271.82,1286.52,617839000,0.005502235283083801
2024-10-18 07:00:00,1291.16,1294.1,1285.46,1285.46,607857500,-0.000823928116158279
2024-10-21 07:00:00,1284.17,1287.71,1279.77,1279.77,580256800,-0.004426431005243314
2024-10-22 07:00:00,1280.21,1280.21,1265.44,1269.89,728503100,-0.007720137212155254
2024-10-23 07:00:00,1270.58,1273.21,1263.26,1270.9,535847500,0.0007953444786557018
2024-10-24 07:00:00,1271.17,1274.11,1257.41,1257.41,592565400,-0.010614525139664766
2024-10-25 07:00:00,1260.94,1261.72,1251.75,1252.72,525132900,-0.0037298892167233477
2024-10-28 07:00:00,1252.76,1255.18,1250.94,1254.77,400523500,0.0016364391084999763
2024-10-29 07:00:00,1258.03,1262.38,1257.43,1261.78,490901600,0.005586681224447609
2024-10-30 07:00:00,1263.57,1264.84,1255.07,1258.63,475263400,-0.002496473236221708
2024-10-31 07:00:00,1260.23,1267.88,1255.55,1264.48,469095100,0.004647910823673218
2024-11-01 07:00:00,1262.39,1264.67,1254.33,1254.89,537480700,-0.00758414526129314
2024-11-04 07:00:00,1255.06,1256.96,1242.36,1244.71,588219400,-0.00811226482002414
2024-11-05 07:00:00,1244.85,1248.97,1243.55,1245.76,332629000,0.0008435699881899072
2024-11-06 07:00:00,1251.22,1262.44,1250.57,1261.28,502638900,0.012458258412535228
2024-11-07 07:00:00,1266.61,1267.09,1259.75,1259.75,470366800,-0.0012130534060637022
2024-11-08 07:00:00,1262.97,1264.09,1250.77,1252.56,503245100,-0.005707481643183243
2024-11-11 07:00:00,1253.81,1253.87,1241.29,1250.32,712083900,-0.001788337484831093
2024-11-12 07:00:00,1251.79,1257.02,1242.91,1244.82,516346200,-0.004398873888284638
2024-11-13 07:00:00,1243.19,1247.04,1234.62,1246.04,587703600,0.0009800613743353725
2024-11-14 07:00:00,1243.85,1247.07,1231.69,1231.89,555483300,-0.01135597573111602
2024-11-15 07:00:00,1229.36,1231.89,1217.03,1218.57,668031300,-0.01081265372719975
2024-11-18 07:00:00,1218.3,1225.38,1204.6,1217.12,555960200,-0.0011899193316756707
2024-11-19 07:00:00,1217.21,1221.4,1205.15,1205.15,437479200,-0.009834691731299916
2024-11-20 07:00:00,1204.44,1222.73,1197.99,1216.54,649274200,0.009451105671492988
2024-11-21 07:00:00,1217.3,1228.55,1214.06,1228.33,427350400,0.00969141992864997
2024-11-22 07:00:00,1229.63,1233.42,1226.33,1228.1,453742400,-0.00018724609836118233
2024-11-25 07:00:00,1229.0,1236.57,1229.0,1234.7,409112200,0.0053741551990882375
2024-11-26 07:00:00,1235.63,1246.83,1235.22,1242.13,503889900,0.006017656110796299
2024-11-27 07:00:00,1241.36,1245.34,1239.23,1241.97,366063100,-0.00012881099401840235
2024-11-28 07:00:00,1246.37,1250.46,1240.91,1242.11,414791400,0.00011272413987439833
2024-11-29 07:00:00,1242.51,1250.92,1241.0,1250.46,427963100,0.00672243199072553
2024-12-02 07:00:00,1255.73,1258.05,1247.74,1251.21,388759600,0.0005997792812244551
2024-12-03 07:00:00,1251.08,1253.83,1244.91,1249.83,477509700,-0.0011029323614741848
2024-12-04 07:00:00,1247.51,1247.78,1239.82,1240.41,505245200,-0.007537025035404654
2024-12-05 07:00:00,1241.81,1269.18,1238.49,1267.53,839974300,0.021863738602558636
2024-12-06 07:00:00,1270.96,1276.1,1268.58,1270.14,599525400,0.002059122860997409
2024-12-09 07:00:00,1271.21,1277.69,1268.69,1273.84,584652400,0.0029130647015287447
2024-12-10 07:00:00,1274.37,1277.32,1270.32,1272.07,499630100,-0.0013894994661809434
2024-12-11 07:00:00,1273.23,1276.67,1264.15,1268.86,501800700,-0.002523446036774679
2024-12-12 07:00:00,1269.35,1275.64,1265.99,1267.35,487930700,-0.001190044606970031
2024-12-13 07:00:00,1265.62,1266.55,1260.48,1262.57,395230700,-0.0037716495048722987
2024-12-16 07:00:00,1263.61,1267.1,1258.65,1263.79,385861700,0.0009662830575729586
2024-12-17 07:00:00,1264.95,1265.45,1260.6,1261.72,358215800,-0.0016379303523528232
2024-12-18 07:00:00,1262.57,1266.53,1261.49,1266.0,391898500,0.0033921947817265874
2024-12-19 07:00:00,1256.9,1259.76,1249.39,1254.67,662711300,-0.008949447077409078
2024-12-20 07:00:00,1255.6,1259.0,1253.9,1257.5,447065000,0.0022555731786046973
2024-12-23 07:00:00,1262.45,1265.2,1261.62,1262.76,384666600,0.004182902584493053
2024-12-24 07:00:00,1263.17,1263.17,1253.78,1260.36,520744700,-0.0019005986885869408
2024-12-25 07:00:00,1260.81,1283.09,1260.81,1274.04,724345800,0.010854041702370809
2024-12-26 07:00:00,1275.68,1277.17,1271.99,1272.87,502090700,-0.0009183385137044864
2024-12-27 07:00:00,1273.67,1277.89,1272.23,1275.14,590030100,0.0017833714362034403
2024-12-30 07:00:00,1273.75,1274.15,1268.77,1272.02,452947700,-0.002446790156375056
2024-12-31 07:00:00,1272.25,1272.46,1266.78,1266.78,407172200,-0.004119432084401242
2025-01-02 07:00:00,1268.96,1271.13,1263.25,1269.71,371662600,0.0023129509464943077
2025-01-03 07:00:00,1268.74,1269.71,1254.59,1254.59,504666900,-0.011908231013381121
2025-01-06 07:00:00,1254.79,1260.37,1244.87,1246.35,515113100,-0.006567882734598518
2025-01-07 07:00:00,1249.19,1254.09,1243.06,1246.95,506059500,0.00048140570465760035
2025-01-08 07:00:00,1246.16,1251.02,1239.67,1251.02,367537100,0.0032639640723364227
2025-01-09 07:00:00,1250.56,1253.26,1242.9,1245.77,290493600,-0.004196575594315077
2025-01-10 07:00:00,1245.6,1247.8,1230.48,1230.48,474211100,-0.012273533637830347
2025-01-13 07:00:00,1226.66,1235.65,1220.87,1235.65,434027000,0.0042016123789090365
2025-01-14 07:00:00,1234.77,1235.65,1226.7,1229.07,322278200,-0.005325132521345144
2025-01-15 07:00:00,1233.7,1237.46,1231.13,1236.18,392613400,0.005784861724718704
2025-01-16 07:00:00,1241.49,1245.4,1235.56,1242.36,401866600,0.004999271950686612
2025-01-17 07:00:00,1242.38,1249.11,1239.63,1249.11,356902800,0.005433207765864978
2025-01-20 07:00:00,1250.03,1253.02,1247.5,1249.55,356673500,0.00035225080257150765
2025-01-21 07:00:00,1252.75,1254.17,1243.08,1246.09,379222600,-0.0027689968388620034
2025-01-22 07:00:00,1248.26,1249.14,1242.53,1242.53,400259000,-0.002856936497363738
2025-01-23 07:00:00,1245.59,1263.59,1242.53,1259.63,495626300,0.013762243165155175
2025-01-24 07:00:00,1259.26,1265.38,1258.46,1265.05,495593500,0.00430285083715054
2025-02-03 07:00:00,1259.09,1259.09,1249.78,1253.03,505566400,-0.00950160072724393
2025-02-04 07:00:00,1256.91,1264.68,1255.44,1264.68,584557300,0.00929746294980971
2025-02-05 07:00:00,1268.43,1271.8,1266.18,1269.61,533635600,0.0038982193123950903
2025-02-06 07:00:00,1273.58,1275.47,1268.28,1271.48,537101800,0.001472893250683338
2025-02-07 07:00:00,1272.12,1279.35,1269.11,1275.2,549313500,0.0029257243527227583
2025-02-10 07:00:00,1272.27,1274.47,1263.26,1263.26,722097700,-0.00936323713927234
2025-02-11 07:00:00,1265.44,1268.45,1263.11,1268.45,571767200,0.004108417902886297
2025-02-12 07:00:00,1270.83,1272.86,1266.59,1266.91,461579300,-0.0012140801765934128
2025-02-13 07:00:00,1267.25,1270.67,1263.85,1270.35,471455600,0.0027152678564379418
2025-02-14 07:00:00,1272.15,1280.6,1272.15,1276.08,612731000,0.004510567953713629
2025-02-17 07:00:00,1277.12,1278.49,1272.72,1272.72,739384500,-0.0026330637577580696
2025-02-18 07:00:00,1274.05,1283.34,1272.19,1278.14,630728100,0.004258595763404482
2025-02-19 07:00:00,1279.62,1288.56,1278.92,1288.56,736575500,0.008152471560235908
2025-02-20 07:00:00,1292.94,1295.82,1288.56,1292.98,713812400,0.0034301856335754444
2025-02-21 07:00:00,1293.63,1296.75,1290.98,1296.75,667595300,0.0029157450231247495
2025-02-24 07:00:00,1298.29,1304.56,1294.69,1304.56,807663000,0.006022749180643938
2025-02-25 07:00:00,1306.86,1309.97,1298.54,1303.16,827899600,-0.001073158766173976
2025-02-26 07:00:00,1304.5,1306.49,1301.2,1302.96,710467500,-0.00015347309616631222
2025-02-27 07:00:00,1307.31,1307.87,1296.43,1307.8,846430300,0.003714619021305321
2025-02-28 07:00:00,1307.14,1308.77,1300.66,1305.36,752261600,-0.0018657287046949245
2025-03-03 07:00:00,1305.3,1309.77,1304.3,1309.37,801877900,0.0030719495005209208
2025-03-04 07:00:00,1306.82,1313.21,1298.28,1311.91,935915000,0.0019398642095054264
2025-03-05 07:00:00,1312.96,1319.52,1304.71,1304.71,770489000,-0.0054881813539038315
2025-03-06 07:00:00,1308.39,1318.22,1307.91,1318.22,983991300,0.010354791486230752
2025-03-07 07:00:00,1320.08,1327.07,1318.71,1326.05,892234400,0.005939827949811072
2025-03-10 07:00:00,1332.03,1335.87,1326.51,1330.28,856954000,0.0031899249651219375
2025-03-11 07:00:00,1320.81,1332.54,1320.59,1332.54,847458500,0.001698890459151503
2025-03-12 07:00:00,1337.63,1342.91,1331.75,1334.41,851270200,0.0014033349843156628
2025-03-13 07:00:00,1336.41,1340.91,1324.87,1326.27,997593300,-0.00610007419009162
2025-03-14 07:00:00,1325.84,1333.32,1324.3,1326.15,940130200,-9.047931416672483e-05
2025-03-17 07:00:00,1330.62,1336.26,1326.15,1336.26,837533300,0.007623571994118228
2025-03-18 07:00:00,1340.59,1341.65,1330.97,1330.97,810147700,-0.00395881041114754
2025-03-19 07:00:00,1330.46,1330.7,1320.85,1324.63,835603500,-0.004763443203077422
2025-03-20 07:00:00,1327.2,1332.41,1316.11,1323.93,821245400,-0.0005284494538098095
2025-03-21 07:00:00,1323.94,1325.22,1320.67,1321.88,714332100,-0.0015484202336981667
2025-03-24 07:00:00,1322.9,1330.32,1316.73,1330.32,794985200,0.006384845825642138
2025-03-25 07:00:00,1330.99,1337.6,1329.81,1331.92,825911400,0.001202718143003212
2025-03-26 07:00:00,1333.61,1338.55,1323.69,1326.09,734831200,-0.004377139768154348
2025-03-27 07:00:00,1326.21,1328.82,1323.01,1323.81,564278800,-0.001719340316268081
2025-03-28 07:00:00,1324.42,1325.34,1315.72,1317.46,636613400,-0.0047967608644744475
2025-03-31 07:00:00,1313.34,1314.09,1304.1,1306.86,753148300,-0.008045785071273626
2025-04-01 07:00:00,1313.03,1317.46,1306.86,1317.33,550212000,0.008011569716725564
2025-04-02 07:00:00,1321.81,1324.46,1317.68,1317.83,709130200,0.0003795556162844438
2025-04-03 07:00:00,1272.87,1317.83,1229.41,1229.84,1716858800,-0.06676885485988326
2025-04-04 07:00:00,1205.64,1210.67,1158.17,1210.67,1873634000,-0.015587393482078826
2025-04-08 07:00:00,1173.14,1210.67,1130.98,1132.79,1055799900,-0.06432801671801569
2025-04-09 07:00:00,1112.27,1141.35,1073.61,1094.3,1518649100,-0.03397805418480038
2025-04-10 07:00:00,1166.09,1168.4,1165.86,1168.34,280341400,0.06765969112674775
2025-04-11 07:00:00,1185.86,1222.46,1180.59,1222.46,1697947900,0.04632213225602144
2025-04-14 07:00:00,1235.01,1242.94,1222.46,1241.44,983147400,0.015526070382670953
2025-04-15 07:00:00,1233.2,1246.21,1221.75,1227.79,1004326400,-0.010995295785539483
2025-04-16 07:00:00,1225.29,1233.84,1205.93,1210.3,762327900,-0.014245107062282658
2025-04-17 07:00:00,1201.63,1217.25,1197.5,1217.25,697596200,0.005742377922829167
2025-04-18 07:00:00,1228.37,1234.67,1217.25,1219.12,1039406300,0.0015362497432735989
2025-04-21 07:00:00,1219.38,1222.77,1201.63,1207.07,819133100,-0.009884178751886519
2025-04-22 07:00:00,1201.38,1203.82,1136.98,1197.13,1343776600,-0.008234816539222978
2025-04-23 07:00:00,1207.1,1216.28,1202.27,1211.0,786549800,0.01158604328686108
2025-04-24 07:00:00,1214.78,1224.66,1210.37,1223.35,741456000,0.010198183319570564
2025-04-25 07:00:00,1223.65,1230.72,1220.67,1229.23,787290000,0.00480647402623946
2025-04-28 07:00:00,1234.3,1234.3,1222.56,1226.8,576313200,-0.0019768472946478655
2025-04-29 07:00:00,1226.99,1229.1,1222.3,1226.3,561661100,-0.0004075643951744201
2025-05-05 07:00:00,1226.3,1241.51,1226.3,1240.05,562287398,0.011212590720052207
2025-05-06 07:00:00,1240.05,1251.02,1240.05,1241.95,723040799,0.0015321962824079716
2025-05-07 07:00:00,1241.95,1250.79,1240.2,1250.37,696102300,0.006779661016949046
2025-05-08 07:00:00,1250.37,1271.44,1250.37,1269.8,780069567,0.015539400337500231
2025-05-09 07:00:00,1269.8,1279.61,1264.87,1267.3,693909959,-0.001968813986454543
2025-05-12 07:00:00,1267.3,1283.86,1267.3,1283.26,831857112,0.012593703148425783
2025-05-13 07:00:00,1283.26,1293.7,1283.26,1293.43,883805575,0.00792512818914326
2025-05-14 07:00:00,1293.43,1310.57,1292.34,1309.73,915939876,0.012602150870166806
2025-05-15 07:00:00,1309.73,1316.16,1301.61,1313.2,1046611026,0.0026494010215847297
2025-05-16 07:00:00,1313.2,1318.03,1299.55,1301.39,849810205,-0.008993298812062123
2025-05-19 07:00:00,1301.39,1306.2,1291.66,1296.29,829016708,-0.003918886728805471
2025-05-20 07:00:00,1296.29,1316.67,1296.29,1315.15,856903527,0.01454921352475158
2025-05-21 07:00:00,1315.15,1331.6,1313.13,1323.05,989954494,0.006006919362810281
2025-05-22 07:00:00,1323.05,1331.93,1312.8,1313.84,1118092439,-0.006961188163712606
2025-05-23 07:00:00,1313.84,1320.07,1308.62,1314.46,641199057,0.00047189916580414604
2025-05-26 07:00:00,1314.46,1332.51,1288.86,1332.51,959629532,0.013731874686182977
2025-05-27 07:00:00,1332.51,1339.81,1329.6,1339.81,1052148659,0.005478382901441536
2025-05-28 07:00:00,1339.81,1348.05,1337.18,1341.87,898547998,0.0015375314410250862
2025-05-29 07:00:00,1341.87,1348.31,1335.62,1341.86,894918607,-7.452286734155322e-06
2025-05-30 07:00:00,1341.86,1345.78,1328.69,1332.6,910315797,-0.006900868943108818
2025-06-02 07:00:00,1332.6,1336.33,1322.95,1336.3,860225663,0.0027765270898993943
2025-06-03 07:00:00,1336.3,1350.89,1336.3,1347.25,1034655094,0.008194267754246809
2025-06-04 07:00:00,1347.25,1351.14,1341.53,1345.74,952312254,-0.0011208016329560255
2025-06-05 07:00:00,1345.74,1347.49,1336.11,1342.09,756606282,-0.0027122623983830696
2025-06-06 07:00:00,1342.09,1344.92,1325.45,1329.89,900453514,-0.009090299458307416
2025-06-09 07:00:00,1329.89,1331.56,1309.05,1310.57,718350414,-0.014527517313462135
2025-06-10 07:00:00,1310.57,1323.61,1299.94,1316.23,702729250,0.0043187315442898555
2025-06-11 07:00:00,1316.23,1322.07,1306.25,1315.2,539559282,-0.0007825380062754794
2025-06-12 07:00:00,1315.2,1326.03,1308.63,1322.99,810972360,0.005923053527980615
2025-06-13 07:00:00,1322.99,1326.62,1304.12,1315.49,1163417530,-0.0056689770897738745
2025-06-16 07:00:00,1315.49,1338.66,1307.37,1338.11,778082690,0.01719511360785697
2025-06-17 07:00:00,1338.11,1353.01,1338.11,1347.69,762355364,0.0071593516228114495
2025-06-18 07:00:00,1347.69,1353.99,1341.64,1346.83,766359975,-0.0006381289465678952
2025-06-19 07:00:00,1346.83,1353.96,1342.08,1352.04,650852162,0.0038683427010091087
2025-06-20 07:00:00,1352.04,1356.78,1342.31,1349.35,778282664,-0.001989586106919905
2025-06-23 07:00:00,1349.35,1358.26,1338.49,1358.18,734132370,0.006543891503316468
2025-06-24 07:00:00,1358.18,1371.24,1355.53,1366.77,881509880,0.006324640327497022
2025-06-25 07:00:00,1366.77,1371.57,1364.09,1366.75,733106140,-1.4633039940870063e-05
2025-06-26 07:00:00,1366.75,1372.74,1360.78,1365.67,598738983,-0.0007901957197731235
2025-06-27 07:00:00,1365.67,1373.28,1362.09,1371.44,677782586,0.004225032401678375
2025-06-30 07:00:00,1371.44,1377.3,1371.44,1376.07,636408174,0.003376013533220368
2025-07-01 07:00:00,1376.07,1382.16,1369.74,1377.84,725237758,0.0012862717739650087
2025-07-02 07:00:00,1377.84,1384.72,1372.27,1384.59,848885603,0.0048989723044765565
2025-07-03 07:00:00,1384.9,1392.39,1377.06,1381.96,1315032525,-0.0018994792682309747
2025-07-04 07:00:00,1385.19,1388.04,1379.4,1386.97,834917440,0.0036252858259284704
2025-07-07 07:00:00,1393.34,1402.32,1386.97,1402.06,1230455872,0.010879831575304477
2025-07-08 07:00:00,1407.07,1415.65,1400.79,1415.46,1174871653,0.009557365590630917
2025-07-09 07:00:00,1421.12,1432.29,1415.46,1431.32,1430949638,0.011204838003193274
2025-07-10 07:00:00,1437.13,1446.16,1431.32,1445.64,1073701407,0.010004750859346823
2025-07-11 07:00:00,1451.12,1463.91,1445.64,1457.76,1232260482,0.008383829999169867
2025-07-14 07:00:00,1471.4,1473.93,1447.72,1470.42,1256774726,0.008684557128745496
2025-07-15 07:00:00,1473.8,1476.32,1460.49,1460.65,1332298301,-0.0066443601147970766
2025-07-16 07:00:00,1459.87,1475.47,1457.31,1475.47,1218566877,0.010146167802005834
2025-07-17 07:00:00,1481.85,1494.46,1475.47,1490.01,1405002217,0.00985448704480607
2025-07-18 07:00:00,1497.53,1501.2,1484.29,1497.28,1459740870,0.004879161884819627
2025-07-21 07:00:00,1508.6,1511.96,1485.05,1485.05,1388969063,-0.008168144902756969
2025-07-22 07:00:00,1485.26,1509.54,1476.61,1509.54,1226974741,0.01649102723814022
2025-07-23 07:00:00,1519.58,1523.37,1507.14,1512.31,1439115085,0.0018349960915244878
2025-07-24 07:00:00,1520.25,1525.32,1502.82,1521.02,1390154530,0.0057594011809747325
2025-07-25 07:00:00,1521.56,1534.51,1521.02,1531.13,1405568881,0.006646855399666141
2025-07-28 07:00:00,1541.82,1558.12,1531.13,1557.42,1788192102,0.017170325184667545
2025-07-29 07:00:00,1562.6,1564.92,1493.41,1493.41,2642722700,-0.04110002439932714
2025-07-30 07:00:00,1502.26,1512.15,1482.45,1507.63,1620038736,0.00952183258448791
2025-07-31 07:00:00,1521.96,1522.39,1488.3,1502.52,1651133772,-0.003389425787494349
2025-08-01 07:00:00,1506.88,1509.03,1486.59,1495.21,1378350894,-0.004865159864760549
2025-08-04 07:00:00,1493.37,1528.21,1491.11,1528.19,1228661002,0.02205710234682745
2025-08-05 07:00:00,1547.19,1584.98,1519.08,1547.15,2697027395,0.012406834228728236
2025-08-06 07:00:00,1558.56,1573.71,1547.15,1573.71,1325741058,0.017167049090262676
2025-08-07 07:00:00,1587.84,1587.84,1567.72,1581.81,1605153483,0.005147072840612221
2025-08-08 07:00:00,1589.58,1589.58,1565.45,1584.95,1817288244,0.0019850677388562055
2025-08-11 07:00:00,1590.98,1601.79,1584.95,1596.86,1589742304,0.007514432631944068
2025-08-12 07:00:00,1603.5,1608.23,1591.18,1608.22,1583593191,0.007113961148754511
2025-08-13 07:00:00,1615.57,1616.99,1585.54,1611.6,1863151895,0.0021017025033887027
2025-08-14 07:00:00,1623.18,1641.28,1611.6,1640.69,1752441563,0.018050384710846412
2025-08-15 07:00:00,1658.24,1665.97,1622.98,1630.0,2011992093,-0.006515551383869056
2025-08-18 07:00:00,1638.37,1642.71,1625.61,1636.37,1514197226,0.003907975460122559
2025-08-19 07:00:00,1646.73,1665.48,1636.37,1654.2,1789073441,0.010896068737510589
2025-08-20 07:00:00,1662.11,1665.54,1614.6,1664.36,2280731304,0.0061419417240962115
2025-08-21 07:00:00,1674.76,1693.68,1664.36,1688.0,1635930140,0.014203657862481789
2025-08-22 07:00:00,1680.42,1689.3,1629.49,1645.47,2234242998,-0.025195497630331687
2025-08-25 07:00:00,1659.7,1660.49,1608.53,1614.03,1449075936,-0.019107002862404077
2025-08-26 07:00:00,1611.61,1667.96,1603.73,1667.63,1229376641,0.03320880033208806
2025-08-27 07:00:00,1678.54,1696.6,1667.63,1672.78,1477066097,0.0030882150117230722
2025-08-28 07:00:00,1679.33,1684.16,1659.68,1680.86,1098450679,0.004830282523702989
2025-08-29 07:00:00,1690.11,1694.42,1678.57,1682.21,1460861015,0.0008031602869960075
2025-09-03 07:00:00,1682.11,1685.73,1670.39,1681.3,1241257543,-0.0005409550531741969
2025-09-04 07:00:00,1687.59,1696.29,1675.95,1696.29,1289344174,0.008915719978588088
2025-09-05 07:00:00,1705.13,1711.49,1666.97,1666.97,1651250921,-0.01728478031468672
2025-09-08 07:00:00,1660.91,1667.36,1624.53,1624.53,1769876607,-0.025459366395316096
2025-09-09 07:00:00,1629.58,1637.32,1613.01,1637.32,1012829196,0.007873046358023439
2025-09-10 07:00:00,1646.41,1646.49,1629.29,1643.26,833100714,0.0036278797058608703
2025-09-11 07:00:00,1638.75,1659.19,1605.76,1657.75,1197131426,0.008817837712839172
2025-09-12 07:00:00,1662.02,1670.62,1653.79,1667.26,1006501112,0.005736691298446672
2025-09-15 07:00:00,1672.59,1684.9,1667.26,1684.9,1122425898,0.010580233436896513
2025-09-16 07:00:00,1696.87,1696.87,1677.03,1680.9,1232560447,-0.002374028132233419
2025-09-17 07:00:00,1678.09,1684.62,1670.97,1670.97,967047675,-0.005907549527039091
2025-09-18 07:00:00,1675.85,1679.63,1654.32,1665.18,863667370,-0.0034650532325535277
2025-09-19 07:00:00,1671.24,1671.77,1649.16,1658.62,863955588,-0.003939514046529591
2025-09-22 07:00:00,1656.66,1659.13,1616.02,1634.45,1138988356,-0.014572355331540554
2025-09-23 07:00:00,1635.12,1643.59,1627.58,1635.26,657137789,0.0004955795527548101
2025-09-24 07:00:00,1635.36,1657.46,1619.09,1657.46,942294584,0.0135758228049363
2025-09-25 07:00:00,1661.08,1668.21,1654.47,1666.09,914938950,0.005206762154139399
2025-09-26 07:00:00,1666.68,1671.43,1657.94,1660.7,899321657,-0.003235119351295501
2025-09-29 07:00:00,1659.24,1674.84,1655.03,1666.48,808656985,0.0034804600469682256
2025-09-30 07:00:00,1667.86,1676.8,1645.97,1661.7,1048764085,-0.0028683212519802215
2025-10-01 07:00:00,1664.95,1671.07,1658.81,1665.05,665999631,0.0020160077029547363
2025-10-02 07:00:00,1668.04,1679.73,1651.18,1652.71,735858787,-0.007411188853187589
2025-10-03 07:00:00,1651.39,1654.6,1638.6,1645.82,814582654,-0.004168910456159969
2025-10-06 07:00:00,1673.16,1695.5,1645.82,1695.5,1005160153,0.03018556099694991
2025-10-07 07:00:00,1703.9,1703.9,1685.3,1685.3,799007265,-0.006015924506045489
2025-10-08 07:00:00,1701.06,1704.42,1680.87,1697.83,1016488853,0.0074348780632527145
2025-10-09 07:00:00,1702.76,1717.65,1697.83,1716.47,1043251858,0.010978719895395894
2025-10-10 07:00:00,1725.27,1747.57,1716.47,1747.55,998294168,0.018106928754944684
2025-10-13 07:00:00,1738.23,1766.77,1736.03,1765.12,1231241730,0.010054075705988375
2025-10-14 07:00:00,1782.97,1794.58,1753.25,1761.06,1491009356,-0.002300126903553301
2025-10-15 07:00:00,1766.12,1773.73,1754.89,1757.95,1107614674,-0.0017659818518391823
2025-10-16 07:00:00,1764.51,1768.45,1753.5,1766.85,1087385525,0.005062715094285908
2025-10-17 07:00:00,1771.61,1771.61,1727.8,1731.19,1221045346,-0.02018281121770371
2025-10-20 07:00:00,1723.59,1731.19,1636.43,1636.43,1636108645,-0.054736915069980796
2025-10-21 07:00:00,1640.8,1677.11,1622.37,1663.43,1530032193,0.016499330860470618
2025-10-22 07:00:00,1678.82,1678.82,1628.37,1678.5,910675007,0.009059593731025606
2025-10-23 07:00:00,1680.73,1698.01,1669.78,1687.06,699304369,0.005099791480488447
2025-10-24 07:00:00,1684.88,1691.69,1660.32,1683.18,916269054,-0.0022998589261792324
2025-10-27 07:00:00,1696.45,1697.16,1652.54,1652.54,903493887,-0.01820363835121619
2025-10-28 07:00:00,1647.86,1680.5,1621.52,1680.5,876810299,0.016919408909920497
2025-10-29 07:00:00,1685.9,1695.99,1675.68,1685.83,823542134,0.0031716750966974683
2025-10-30 07:00:00,1688.83,1690.69,1661.92,1669.57,763111948,-0.009645100632922676
2025-10-31 07:00:00,1669.61,1669.61,1639.33,1639.65,777803290,-0.017920781997759816
2025-11-03 07:00:00,1644.56,1652.48,1617.0,1617.0,965233110,-0.013813923703229425
2025-11-04 07:00:00,1618.02,1658.93,1600.56,1651.98,1131564973,0.021632653061224527
2025-11-05 07:00:00,1647.46,1659.58,1640.51,1654.89,614850900,0.0017615225365925635
2025-11-06 07:00:00,1656.67,1658.69,1638.12,1642.64,550189158,-0.007402304684903549
2025-11-07 07:00:00,1636.24,1642.64,1595.34,1599.1,818296957,-0.026506112112209768
2025-11-10 07:00:00,1598.02,1609.49,1580.54,1580.54,656338910,-0.011606528672378214
2025-11-11 07:00:00,1585.32,1597.08,1578.42,1593.61,596030348,0.008269325673504024
2025-11-12 07:00:00,1599.63,1631.86,1593.61,1631.86,682207403,0.02400210842050443
2025-11-13 07:00:00,1632.64,1638.98,1626.14,1631.44,629954183,-0.0002573750199158509
2025-11-14 07:00:00,1627.45,1638.35,1623.03,1635.46,649838136,0.002464080812043301
2025-11-17 07:00:00,1640.47,1654.42,1635.46,1654.42,661269040,0.011593068616780666
2025-11-18 07:00:00,1657.43,1660.41,1647.64,1659.92,706237540,0.003324427896181037
2025-11-19 07:00:00,1659.25,1661.51,1643.04,1649.0,741997320,-0.006578630295435928
2025-11-20 07:00:00,1651.93,1660.55,1647.79,1655.99,592496709,0.004238932686476682
2025-11-21 07:00:00,1646.36,1656.84,1635.1,1654.93,666027161,-0.000640100483698558
2025-11-24 07:00:00,1656.03,1674.29,1654.93,1667.98,522154043,0.007885529901566768
2025-11-25 07:00:00,1670.08,1676.7,1658.47,1660.36,778049790,-0.004568400100720682
2025-11-26 07:00:00,1667.31,1682.17,1660.36,1680.36,682182877,0.012045580476523154
2025-11-27 07:00:00,1686.03,1695.34,1680.36,1684.32,598407577,0.002356637863315081
2025-11-28 07:00:00,1683.77,1696.14,1679.12,1690.99,632979322,0.003960055096418724
2025-12-01 07:00:00,1698.98,1713.77,1690.99,1701.67,519841839,0.006315826823340309
2025-12-02 07:00:00,1704.84,1719.03,1690.36,1717.06,661265926,0.009044056720750815
2025-12-03 07:00:00,1725.9,1741.65,1714.9,1731.77,720629160,0.008566969121638124
2025-12-04 07:00:00,1735.41,1741.71,1725.23,1737.24,762188232,0.0031586180612899195
2025-12-05 07:00:00,1755.72,1758.44,1737.24,1741.32,629671556,0.002348552876977328
2025-12-08 07:00:00,1757.42,1758.41,1741.32,1753.74,609653976,0.00713252015712218
2025-12-09 07:00:00,1772.03,1772.03,1724.66,1747.17,895768193,-0.003746279380067663
2025-12-10 07:00:00,1748.82,1748.82,1714.44,1718.98,518373930,-0.016134663484377643
2025-12-11 07:00:00,1710.28,1718.98,1693.72,1698.9,497312893,-0.01168134591443759
2025-12-12 07:00:00,1702.72,1702.73,1642.57,1646.89,830667261,-0.030613926658425994
2025-12-15 07:00:00,1645.87,1665.65,1636.82,1646.01,599602932,-0.000534340484185436
2025-12-16 07:00:00,1647.42,1689.07,1629.37,1679.18,751636809,0.02015176092490334
2025-12-17 07:00:00,1680.18,1683.95,1671.07,1673.66,495753236,-0.0032873188103716977
2025-12-18 07:00:00,1675.54,1676.98,1665.21,1676.98,490167302,0.0019836764934335616
2025-12-19 07:00:00,1678.72,1705.76,1677.67,1704.31,660580746,0.016297153215899973
2025-12-22 07:00:00,1717.42,1751.03,1704.31,1751.03,755374637,0.027412853295468498
2025-12-23 07:00:00,1765.0,1778.18,1751.03,1772.15,732383695,0.012061472390535899
2025-12-24 07:00:00,1782.71,1784.98,1753.65,1782.82,685897134,0.006020935022430285
2025-12-25 07:00:00,1779.19,1805.93,1742.85,1742.85,633306718,-0.022419537586520266
2025-12-26 07:00:00,1706.39,1730.99,1687.14,1729.8,920350846,-0.007487735605473778
2025-12-29 07:00:00,1733.39,1754.84,1729.8,1754.84,513330603,0.014475661926234284
2025-12-30 07:00:00,1758.45,1766.9,1740.07,1766.9,554603881,0.006872421417337238
2025-12-31 07:00:00,1760.81,1787.75,1760.14,1784.49,592835116,0.009955288924104355
2026-01-05 07:00:00,1787.13,1797.4,1775.19,1788.4,810900473,0.002191102219681884
2026-01-06 07:00:00,1795.57,1817.06,1788.4,1816.27,838989917,0.015583762021919023
2026-01-07 07:00:00,1832.23,1861.58,1816.27,1861.58,929077252,0.024946731488159735
2026-01-08 07:00:00,1880.81,1888.33,1850.11,1855.56,1172488005,-0.003233812138076275
2026-01-09 07:00:00,1861.02,1880.16,1853.16,1867.9,1218660759,0.0066502834723749515
2026-01-12 07:00:00,1880.38,1887.92,1867.9,1877.33,1322446972,0.0050484501311631735
2026-01-13 07:00:00,1873.93,1910.69,1871.79,1902.93,1289021469,0.013636387848700027
2026-01-14 07:00:00,1910.32,1918.46,1870.87,1894.44,1335130373,-0.004461540886948057
2026-01-15 07:00:00,1883.7,1894.44,1845.95,1864.8,1198731055,-0.015645784506239324
2026-01-16 07:00:00,1875.14,1901.22,1864.8,1879.13,980958156,0.007684470184470271
2026-01-19 07:00:00,1894.67,1898.24,1874.69,1896.59,832522475,0.009291533848110545
2026-01-20 07:00:00,1904.58,1915.11,1884.6,1893.78,987970727,-0.001481606462124141
2026-01-21 07:00:00,1876.96,1894.22,1859.25,1885.44,1125596634,-0.004403890631435536
2026-01-22 07:00:00,1895.08,1904.56,1874.81,1882.73,945697108,-0.0014373302783435848
2026-01-23 07:00:00,1890.39,1898.83,1866.87,1870.79,841053745,-0.006341854647241019
2026-01-26 07:00:00,1876.81,1879.45,1833.21,1843.72,998240671,-0.014469822909038421
2026-01-27 07:00:00,1843.94,1845.7,1821.79,1830.5,752074184,-0.007170286160588346
2026-01-28 07:00:00,1837.67,1842.61,1793.13,1802.91,863394661,-0.0150723845943731
2026-01-29 07:00:00,1804.15,1814.98,1797.32,1814.98,657114403,0.006694732404834314
2026-01-30 07:00:00,1822.1,1831.97,1813.81,1829.04,827036508,0.0077466418362737155
2026-02-02 07:00:00,1824.1,1829.04,1777.85,1806.5,888369649,-0.012323404627564205
2026-02-03 07:00:00,1807.09,1827.22,1805.22,1813.4,916896859,0.0038195405480210276
2026-02-04 07:00:00,1813.87,1813.87,1780.71,1791.43,969815852,-0.01211536340575714
2026-02-05 07:00:00,1789.14,1800.1,1782.18,1782.56,703264966,-0.004951351713435748
2026-02-06 07:00:00,1768.77,1782.56,1755.49,1755.49,997365978,-0.015186024593842551
2026-02-09 07:00:00,1769.76,1771.73,1749.87,1754.82,517575829,-0.0003816598214744227
2026-02-10 07:00:00,1755.83,1776.24,1741.37,1754.03,719682136,-0.00045018862333456866
2026-02-11 07:00:00,1768.18,1799.92,1754.03,1796.85,808848823,0.024412353266477727
2026-02-12 07:00:00,1809.01,1816.11,1796.85,1814.09,451674492,0.009594568272254245
2026-02-13 07:00:00,1818.07,1824.09,1792.91,1824.09,576394307,0.005512405668957943
2026-02-23 07:00:00,1833.9,1863.13,1824.09,1860.14,732214189,0.0197632792241611
2026-02-24 07:00:00,1862.18,1867.62,1849.6,1867.62,967871763,0.0040212027051726995
2026-02-25 07:00:00,1869.49,1876.01,1857.16,1860.91,1084949538,-0.0035928079587923545
2026-02-26 07:00:00,1861.32,1882.17,1859.04,1879.64,753927389,0.010064968214475778
2026-02-27 07:00:00,1883.12,1899.44,1868.91,1880.33,858209995,0.0003670915707261191
2026-03-02 07:00:00,1876.01,1885.18,1844.25,1846.1,1418296837,-0.018204251381406467
2026-03-03 07:00:00,1854.28,1854.28,1808.55,1813.14,1221025992,-0.01785385407074358
2026-03-04 07:00:00,1803.54,1833.33,1766.86,1818.27,1478621201,0.0028293457758363783
2026-03-05 07:00:00,1837.34,1849.01,1808.07,1808.51,1097224844,-0.005367739664626225
2026-03-06 07:00:00,1801.08,1807.31,1767.84,1767.84,952770876,-0.02248812558404434
2026-03-09 07:00:00,1757.73,1767.84,1651.68,1652.79,1278597856,-0.06507941895194136
2026-03-10 07:00:00,1664.52,1716.62,1651.29,1676.73,1344747032,0.014484598769353596
2026-03-11 07:00:00,1675.87,1729.67,1675.17,1728.34,896281821,0.030780149457575012
2026-03-12 07:00:00,1716.62,1728.34,1701.59,1709.61,857917482,-0.01083698809262068
2026-03-13 07:00:00,1697.72,1716.75,1688.67,1696.24,877875254,-0.007820497072431709
2026-03-16 07:00:00,1701.06,1707.0,1680.7,1693.21,746306319,-0.0017863038249303909
2026-03-17 07:00:00,1709.38,1732.31,1693.21,1710.29,725273862,0.010087348881709923
2026-03-18 07:00:00,1718.3,1742.87,1706.53,1713.83,699754878,0.0020698244157424384
2026-03-19 07:00:00,1700.77,1713.83,1685.9,1699.13,821692120,-0.008577280126967013
2026-03-20 07:00:00,1698.62,1699.13,1647.16,1647.81,856451948,-0.03020369247791521
2026-03-23 07:00:00,1630.11,1647.81,1586.44,1591.17,986020339,-0.034372894933275
2026-03-24 07:00:00,1626.34,1630.63,1591.17,1614.77,687078246,0.014831853290345975
2026-03-25 07:00:00,1634.15,1658.77,1614.77,1658.19,796965260,0.02688927834923871
2026-03-26 07:00:00,1661.53,1661.6,1634.55,1644.63,641307834,-0.008177591228990644
2026-03-27 07:00:00,1643.89,1673.31,1640.31,1672.8,814663981,0.01712847266558426
2026-03-30 07:00:00,1646.08,1672.8,1637.58,1662.54,745194737,-0.00613342898134861
2026-03-31 07:00:00,1669.57,1677.83,1662.54,1674.49,787839248,0.0071877969853357815
2026-04-01 07:00:00,1713.92,1715.21,1700.18,1702.93,826834534,0.016984275809351024
2026-04-02 07:00:00,1706.15,1706.15,1684.47,1694.82,730462121,-0.004762380133064847
2026-04-03 07:00:00,1700.14,1713.95,1679.79,1684.04,696862532,-0.006360557463329419
2026-04-06 07:00:00,1682.09,1693.03,1669.31,1674.99,556779316,-0.005373981615638512
2026-04-07 07:00:00,1677.99,1690.31,1665.36,1677.54,514778977,0.0015223971486397758
2026-04-08 07:00:00,1706.59,1756.55,1706.59,1756.55,1121941552,0.04709872789918568
2026-04-09 07:00:00,1750.88,1756.55,1736.68,1736.68,939896157,-0.011311946713728593
2026-04-10 07:00:00,1750.86,1762.84,1736.68,1750.0,855525196,0.007669806757721664
2026-04-13 07:00:00,1738.57,1765.67,1733.18,1758.96,767253461,0.005120000000000013
2026-04-14 07:00:00,1775.41,1784.43,1758.96,1775.65,774460243,0.00948856142265897
2026-04-15 07:00:00,1787.37,1801.66,1775.65,1800.65,805513607,0.014079351223495573
2026-04-16 07:00:00,1806.2,1824.03,1799.18,1819.83,819390678,0.010651709105045315
2026-04-17 07:00:00,1832.33,1846.19,1814.47,1817.17,632349354,-0.0014616749916199767
2026-04-20 07:00:00,1819.03,1837.11,1802.42,1837.11,581405080,0.010973106533785915
2026-04-21 07:00:00,1851.84,1866.1,1833.48,1833.48,751134492,-0.00197592958505477
2026-04-22 07:00:00,1834.53,1861.34,1819.21,1857.3,562382244,0.01299168793769212
2026-04-23 07:00:00,1868.31,1888.99,1855.09,1870.36,953432252,0.007031712701232928
2026-04-24 07:00:00,1873.23,1881.93,1843.63,1853.29,568682199,-0.009126585256314268
2026-04-28 07:00:00,1850.07,1887.69,1848.98,1875.84,577907915,0.012167550680141748
2026-04-29 07:00:00,1878.96,1881.18,1852.49,1854.1,626247808,-0.011589474582053949
2026-05-04 07:00:00,1870.66,1876.8,1840.43,1854.06,614072346,-2.1573809395381005e-05
2026-05-05 07:00:00,1853.08,1875.97,1849.32,1874.85,701963400,0.011213229345328646
2026-05-06 07:00:00,1881.22,1892.0,1868.92,1891.2,788372585,0.008720697655812515
2026-05-07 07:00:00,1897.44,1924.95,1891.2,1909.01,852195767,0.00941730118443318
2026-05-08 07:00:00,1911.15,1921.81,1897.06,1915.37,840759266,0.003331569766528153
2026-05-11 07:00:00,1918.93,1927.06,1893.75,1895.5,870568077,-0.010373974741172631
2026-05-12 07:00:00,1893.2,1906.64,1875.25,1901.1,646156258,0.002954365602743314
2026-05-13 07:00:00,1908.77,1908.77,1865.12,1898.37,796945943,-0.0014360107306296
2026-05-14 07:00:00,1896.72,1927.7,1883.98,1925.46,580872676,0.014270137012279083
2026-05-15 07:00:00,1928.61,1930.58,1909.9,1921.6,708757508,-0.002004715756234954
2026-05-18 07:00:00,1916.56,1932.62,1908.78,1927.94,774679381,0.0032993338884264034
2026-05-19 07:00:00,1933.01,1933.11,1904.47,1912.93,904325068,-0.007785511997261296
2026-05-20 07:00:00,1907.1,1919.39,1859.22,1913.23,1078815114,0.00015682748453937911
2026-05-21 07:00:00,1920.44,1923.21,1886.62,1896.89,562755083,-0.008540530934597501
2026-05-22 07:00:00,1896.74,1896.74,1856.08,1877.13,650651924,-0.010417051067800442
2026-05-25 07:00:00,1876.37,1891.26,1876.37,1886.03,495245425,0.004741280571936901
2026-05-26 07:00:00,1889.15,1889.15,1876.32,1884.18,598836621,-0.0009808963802272475
2026-05-27 07:00:00,1889.87,1889.87,1863.18,1874.43,667675136,-0.0051746648409387586
2026-05-28 07:00:00,1869.7,1882.66,1857.25,1863.67,602798527,-0.005740411751839258
2026-05-29 07:00:00,1864.42,1873.17,1855.96,1863.49,556018675,-9.658362263709197e-05
